2026-10-06 19:12:25 [info     ] embedding_service_initialized  model=all-MiniLM-L6-v2
2026-10-06 19:12:25 [info     ] llm_client_initialized
2026-10-06 19:12:25 [warning  ] ontology_setting_not_implemented setting='pdlc: Request.embed_fields (no embeddings for pack types)'
2026-10-06 19:12:25 [warning  ] ontology_setting_not_implemented setting='pdlc: Spec.embed_fields (no embeddings for pack types)'
2026-10-06 19:12:25 [warning  ] ontology_setting_not_implemented setting='pdlc: Requirement.embed_fields (no embeddings for pack types)'
2026-10-06 19:12:25 [warning  ] ontology_setting_not_implemented setting='pdlc: Decision.embed_fields (no embeddings for pack types)'
2026-10-06 19:12:25 [warning  ] ontology_setting_not_implemented setting='pdlc: Constraint.embed_fields (no embeddings for pack types)'
2026-10-06 19:12:25 [warning  ] ontology_setting_not_implemented setting='pdlc: DesignElement.embed_fields (no embeddings for pack types)'
2026-10-06 19:12:25 [warning  ] ontology_setting_not_implemented setting='pdlc: Change.embed_fields (no embeddings for pack types)'
2026-10-06 19:12:25 [warning  ] ontology_setting_not_implemented setting='pdlc: Incident.embed_fields (no embeddings for pack types)'
2026-10-06 19:12:25 [warning  ] ontology_setting_not_implemented setting='pdlc: Lesson.embed_fields (no embeddings for pack types)'
2026-10-06 19:12:25 [warning  ] ontology_setting_not_implemented setting='pdlc: link_policy completeness_reports, read_time_threshold, scoring_question, write_time_threshold'
2026-10-06 19:12:25 [warning  ] ontology_setting_not_implemented setting='pdlc: extraction.derived_proposals'
2026-10-06 19:12:25 [warning  ] ontology_setting_not_implemented setting='pdlc: lifecycle.decay'
2026-10-06 19:12:25 [warning  ] ontology_setting_not_implemented setting='pdlc: lifecycle.terminal_states_reduce_importance'
2026-10-06 19:12:25 [warning  ] ontology_setting_not_implemented setting='pdlc: mappings (vocabulary only)'
2026-10-06 19:12:27 [info     ] app_started                    neo4j_uri=bolt://localhost:7687 ontology_packs=['core@1.1.0', 'memory@1.0.0', 'user@1.0.0', 'pdlc@1.7.0'] ontology_version=sha256:3a7c761cd2848649 redis_host=localhost
2026-10-06 19:12:28 [info     ] batch_ingested                 accepted=7 rejected=0 request_id=edd2e062-d9db-4134-91e2-f969d88f3436 store_failures=0 total=7
/private/tmp/engram-ontology-review-venv/lib/python3.12/site-packages/fastapi/routing.py:360: FastAPIDeprecationWarning: ORJSONResponse is deprecated, FastAPI now serializes data directly to JSON bytes via Pydantic when a return type or response model is set, which is faster and doesn't need a custom response class. Read more in the FastAPI docs: https://fastapi.tiangolo.com/advanced/custom-response/#orjson-or-response-model and https://fastapi.tiangolo.com/tutorial/response-model/
  return await dependant.call(**values)
2026-10-06 19:12:28 [info     ] consumer_started               consumer=endpoint-worker group=graph-projection stream=Events
2026-10-06 19:12:29 [info     ] pending_drain_completed        group=graph-projection
2026-10-06 19:12:29 [debug    ] event_projected                edge_count=0 entry_id=2026-10-06T13:42:28.114655000Z/000000/5e8cedc3-fdb5-4429-8c19-823c5a917672 event_id=5e8cedc3-fdb5-4429-8c19-823c5a917672 session_id=tied-context
2026-10-06 19:12:29 [debug    ] event_projected                edge_count=2 entry_id=2026-10-06T13:42:28.114655000Z/000001/1c55f3dd-47a0-4b32-9c79-8cb05e6c1f2b event_id=1c55f3dd-47a0-4b32-9c79-8cb05e6c1f2b session_id=tied-context
2026-10-06 19:12:30 [debug    ] event_projected                edge_count=2 entry_id=2026-10-06T13:42:28.114655000Z/000002/a429c591-9f85-429d-86e0-f32a76a00ecb event_id=a429c591-9f85-429d-86e0-f32a76a00ecb session_id=tied-context
2026-10-06 19:12:31 [debug    ] event_projected                edge_count=2 entry_id=2026-10-06T13:42:28.114655000Z/000003/34252778-ff95-42b7-9b2d-1dc5ef036ca5 event_id=34252778-ff95-42b7-9b2d-1dc5ef036ca5 session_id=tied-context
2026-10-06 19:12:31 [debug    ] event_projected                edge_count=2 entry_id=2026-10-06T13:42:28.114655000Z/000004/4669767a-bf97-487d-99ed-4aa01e51b772 event_id=4669767a-bf97-487d-99ed-4aa01e51b772 session_id=tied-context
2026-10-06 19:12:32 [debug    ] event_projected                edge_count=2 entry_id=2026-10-06T13:42:28.114655000Z/000005/e6399078-0325-4d46-baaf-716944e527a6 event_id=e6399078-0325-4d46-baaf-716944e527a6 session_id=tied-context
2026-10-06 19:12:33 [debug    ] event_projected                edge_count=2 entry_id=2026-10-06T13:42:28.114655000Z/000006/9a5797a0-44a3-4f23-9668-9b571abf14c7 event_id=9a5797a0-44a3-4f23-9668-9b571abf14c7 session_id=tied-context
2026-10-06 19:12:34 [info     ] consumer_stopped               consumer=endpoint-worker group=graph-projection
{"name": "tied_event_projection_and_JSON", "scenarios": ["LED-01", "PROJ-01", "ING-02"], "verdict": "passed", "observation": {"tied_occurrence_events": 7, "lossless_nested_JSON": true}, "seconds": 6.54}
/private/tmp/engram-ontology-review-venv/lib/python3.12/site-packages/fastapi/routing.py:151: FastAPIDeprecationWarning: ORJSONResponse is deprecated, FastAPI now serializes data directly to JSON bytes via Pydantic when a return type or response model is set, which is faster and doesn't need a custom response class. Read more in the FastAPI docs: https://fastapi.tiangolo.com/advanced/custom-response/#orjson-or-response-model and https://fastapi.tiangolo.com/tutorial/response-model/
  response = await f(request)
{"name": "context_tied_keyset_pages_empty_and_bounds", "scenarios": ["MEM-01", "MEM-05"], "verdict": "passed", "observation": {"pages": 4, "unique_events": 7, "empty_and_bounds": "passed"}, "seconds": 2.23}
/private/tmp/engram-ontology-review-venv/lib/python3.12/site-packages/fastapi/routing.py:151: FastAPIDeprecationWarning: ORJSONResponse is deprecated, FastAPI now serializes data directly to JSON bytes via Pydantic when a return type or response model is set, which is faster and doesn't need a custom response class. Read more in the FastAPI docs: https://fastapi.tiangolo.com/advanced/custom-response/#orjson-or-response-model and https://fastapi.tiangolo.com/tutorial/response-model/
  response = await f(request)
Traceback (most recent call last):
  File "/Users/arunmenon/projects/Engram/scripts/engram_spanner_compat.py", line 165, in check
    observation = await asyncio.wait_for(function(), timeout=timeout_seconds)
                  ^^^^^^^^^^^^^^^^^^^^^^^^^^^^^^^^^^^^^^^^^^^^^^^^^^^^^^^^^^^
  File "/opt/homebrew/Cellar/python@3.12/3.12.7_1/Frameworks/Python.framework/Versions/3.12/lib/python3.12/asyncio/tasks.py", line 520, in wait_for
    return await fut
           ^^^^^^^^^
  File "/Users/arunmenon/projects/Engram/scripts/engram_spanner_compat_remaining.py", line 483, in lineage
    assert len(body["nodes"]) <= 3, "lineage max_nodes does not bound unique nodes"
           ^^^^^^^^^^^^^^^^^^^^^^^
AssertionError: lineage max_nodes does not bound unique nodes

{"name": "lineage_node_depth_bounds_and_missing", "scenarios": ["MEM-02", "MEM-05"], "verdict": "failed", "error_type": "AssertionError", "error": "lineage max_nodes does not bound unique nodes", "seconds": 1.08}
Traceback (most recent call last):
  File "/Users/arunmenon/projects/Engram/scripts/engram_spanner_compat.py", line 165, in check
    observation = await asyncio.wait_for(function(), timeout=timeout_seconds)
                  ^^^^^^^^^^^^^^^^^^^^^^^^^^^^^^^^^^^^^^^^^^^^^^^^^^^^^^^^^^^
  File "/opt/homebrew/Cellar/python@3.12/3.12.7_1/Frameworks/Python.framework/Versions/3.12/lib/python3.12/asyncio/tasks.py", line 520, in wait_for
    return await fut
           ^^^^^^^^^
  File "/Users/arunmenon/projects/Engram/scripts/engram_spanner_compat_remaining.py", line 505, in lineage_pages
    assert seen == {row["event_id"] for row in rows}, "lineage pagination ends before visiting the full causal chain"
           ^^^^^^^^^^^^^^^^^^^^^^^^^^^^^^^^^^^^^^^^^
AssertionError: lineage pagination ends before visiting the full causal chain

{"name": "lineage_pages_complete_causal_chain", "scenarios": ["MEM-02", "MEM-05"], "verdict": "failed", "error_type": "AssertionError", "error": "lineage pagination ends before visiting the full causal chain", "seconds": 1.39}
{"name": "native_ANN_multivector_topk_threshold", "scenarios": ["SEARCH-02"], "verdict": "passed", "observation": {"native_force_index": true, "seed_setup": "four public graph-port Entity writes", "dimensions": 384, "topk": [{"id": "entity:compat-self", "score": 1.0, "rank": 0}, {"id": "entity:compat-near", "score": 0.9009414138066998, "rank": 1}], "threshold": "passed"}, "seconds": 1.43}
Traceback (most recent call last):
  File "/Users/arunmenon/projects/Engram/scripts/engram_spanner_compat.py", line 165, in check
    observation = await asyncio.wait_for(function(), timeout=timeout_seconds)
                  ^^^^^^^^^^^^^^^^^^^^^^^^^^^^^^^^^^^^^^^^^^^^^^^^^^^^^^^^^^^
  File "/opt/homebrew/Cellar/python@3.12/3.12.7_1/Frameworks/Python.framework/Versions/3.12/lib/python3.12/asyncio/tasks.py", line 520, in wait_for
    return await fut
           ^^^^^^^^^
  File "/Users/arunmenon/projects/Engram/scripts/engram_spanner_compat_remaining.py", line 555, in channels
    assert body["nodes"], f"{mode} channel returned no nodes"
           ~~~~^^^^^^^^^
AssertionError: vector channel returned no nodes

{"name": "HTTP_graph_vector_combined_and_empty_keyword_filter", "scenarios": ["MEM-03", "SEARCH-01", "SEARCH-02"], "verdict": "failed", "error_type": "AssertionError", "error": "vector channel returned no nodes", "seconds": 0.94}
2026-10-06 19:12:42 [error    ] unhandled_exception
╭───────────────────── Traceback (most recent call last) ──────────────────────╮
│ /private/tmp/engram-ontology-review-venv/lib/python3.12/site-packages/starle │
│ tte/_utils.py:107 in create_collapsing_task_group                            │
│                                                                              │
│   104 @asynccontextmanager                                                   │
│   105 async def create_collapsing_task_group() -> AsyncGenerator[anyio.abc.T │
│   106 │   try:                                                               │
│ ❱ 107 │   │   async with anyio.create_task_group() as tg:                    │
│   108 │   │   │   yield tg                                                   │
│   109 │   except BaseExceptionGroup as excs:                                 │
│   110 │   │   if len(excs.exceptions) != 1:                                  │
│                                                                              │
│ ╭──────────────────────────────── locals ────────────────────────────────╮   │
│ │ context = None                                                         │   │
│ │     exc = UnavailableError('controlled second feedback write failure') │   │
│ │      tg = <anyio._backends._asyncio.TaskGroup object at 0x112cb0a70>   │   │
│ ╰────────────────────────────────────────────────────────────────────────╯   │
│                                                                              │
│ /private/tmp/engram-ontology-review-venv/lib/python3.12/site-packages/anyio/ │
│ _backends/_asyncio.py:847 in __aexit__                                       │
│                                                                              │
│    844 │   │   │   │   │   # added to self._exceptions so it's ok to break e │
│    845 │   │   │   │   │   # chaining and avoid adding a "During handling of │
│    846 │   │   │   │   │   # for each nesting level.                         │
│ ❱  847 │   │   │   │   │   raise BaseExceptionGroup(                         │
│    848 │   │   │   │   │   │   "unhandled errors in a TaskGroup", self._exce │
│    849 │   │   │   │   │   ) from None                                       │
│    850 │   │   │   │   elif exc_val:                                         │
│                                                                              │
│ ╭───────────────────────────────── locals ─────────────────────────────────╮ │
│ │       loop = <_UnixSelectorEventLoop running=True closed=False           │ │
│ │              debug=False>                                                │ │
│ │       self = <anyio._backends._asyncio.TaskGroup object at 0x112cb0a70>  │ │
│ │ wait_scope = <anyio._backends._asyncio.CancelScope object at             │ │
│ │              0x112ed2cb0>                                                │ │
│ ╰──────────────────────────────────────────────────────────────────────────╯ │
╰──────────────────────────────────────────────────────────────────────────────╯
ExceptionGroup: unhandled errors in a TaskGroup (1 sub-exception)

╭────────────────────────────── Sub-exception #1 ──────────────────────────────╮
│ ╭─────────────────── Traceback (most recent call last) ────────────────────╮ │
│ │ /private/tmp/engram-ontology-review-venv/lib/python3.12/site-packages/st │ │
│ │ arlette/middleware/errors.py:164 in __call__                             │ │
│ │                                                                          │ │
│ │   161 │   │   │   await send(message)                                    │ │
│ │   162 │   │                                                              │ │
│ │   163 │   │   try:                                                       │ │
│ │ ❱ 164 │   │   │   await self.app(scope, receive, _send)                  │ │
│ │   165 │   │   except Exception as exc:                                   │ │
│ │   166 │   │   │   request = Request(scope)                               │ │
│ │   167 │   │   │   if self.debug:                                         │ │
│ │                                                                          │ │
│ │ ╭─────────────────────────────── locals ───────────────────────────────╮ │ │
│ │ │              exc = UnavailableError('controlled second feedback      │ │ │
│ │ │                    write failure')                                   │ │ │
│ │ │          request = <starlette.requests.Request object at             │ │ │
│ │ │                    0x112cb3050>                                      │ │ │
│ │ │ response_started = False                                             │ │ │
│ │ │            scope = {                                                 │ │ │
│ │ │                    │   'type': 'http',                               │ │ │
│ │ │                    │   'asgi': {'version': '3.0'},                   │ │ │
│ │ │                    │   'http_version': '1.1',                        │ │ │
│ │ │                    │   'method': 'POST',                             │ │ │
│ │ │                    │   'headers': [                                  │ │ │
│ │ │                    │   │   (b'host', b'compat'),                     │ │ │
│ │ │                    │   │   (b'accept', b'*/*'),                      │ │ │
│ │ │                    │   │   (b'accept-encoding', b'gzip, deflate'),   │ │ │
│ │ │                    │   │   (b'connection', b'keep-alive'),           │ │ │
│ │ │                    │   │   (b'user-agent', b'python-httpx/0.28.1'),  │ │ │
│ │ │                    │   │   (b'content-length', b'190'),              │ │ │
│ │ │                    │   │   (b'content-type', b'application/json')    │ │ │
│ │ │                    │   ],                                            │ │ │
│ │ │                    │   'scheme': 'http',                             │ │ │
│ │ │                    │   'path': '/v1/feedback',                       │ │ │
│ │ │                    │   'raw_path': b'/v1/feedback',                  │ │ │
│ │ │                    │   'query_string': b'',                          │ │ │
│ │ │                    │   'server': ('compat', None),                   │ │ │
│ │ │                    │   ... +13                                       │ │ │
│ │ │                    }                                                 │ │ │
│ │ │             self = <starlette.middleware.errors.ServerErrorMiddlewa… │ │ │
│ │ │                    object at 0x112c37b30>                            │ │ │
│ │ ╰──────────────────────────────────────────────────────────────────────╯ │ │
│ │                                                                          │ │
│ │ /private/tmp/engram-ontology-review-venv/lib/python3.12/site-packages/fa │ │
│ │ stapi/telemetry/_asgi.py:151 in __call__                                 │ │
│ │                                                                          │ │
│ │   148 │                                                                  │ │
│ │   149 │   async def __call__(self, scope: Scope, receive: Receive, send: │ │
│ │   150 │   │   try:                                                       │ │
│ │ ❱ 151 │   │   │   await self.app(scope, receive, send)                   │ │
│ │   152 │   │   except Exception as exc:                                   │ │
│ │   153 │   │   │   _exception(scope=scope, exc=exc)                       │ │
│ │   154 │   │   │   raise                                                  │ │
│ │                                                                          │ │
│ │ ╭─────────────────────────────── locals ───────────────────────────────╮ │ │
│ │ │ scope = {                                                            │ │ │
│ │ │         │   'type': 'http',                                          │ │ │
│ │ │         │   'asgi': {'version': '3.0'},                              │ │ │
│ │ │         │   'http_version': '1.1',                                   │ │ │
│ │ │         │   'method': 'POST',                                        │ │ │
│ │ │         │   'headers': [                                             │ │ │
│ │ │         │   │   (b'host', b'compat'),                                │ │ │
│ │ │         │   │   (b'accept', b'*/*'),                                 │ │ │
│ │ │         │   │   (b'accept-encoding', b'gzip, deflate'),              │ │ │
│ │ │         │   │   (b'connection', b'keep-alive'),                      │ │ │
│ │ │         │   │   (b'user-agent', b'python-httpx/0.28.1'),             │ │ │
│ │ │         │   │   (b'content-length', b'190'),                         │ │ │
│ │ │         │   │   (b'content-type', b'application/json')               │ │ │
│ │ │         │   ],                                                       │ │ │
│ │ │         │   'scheme': 'http',                                        │ │ │
│ │ │         │   'path': '/v1/feedback',                                  │ │ │
│ │ │         │   'raw_path': b'/v1/feedback',                             │ │ │
│ │ │         │   'query_string': b'',                                     │ │ │
│ │ │         │   'server': ('compat', None),                              │ │ │
│ │ │         │   ... +13                                                  │ │ │
│ │ │         }                                                            │ │ │
│ │ │  self = <fastapi.telemetry._asgi.ExceptionTelemetryMiddleware object │ │ │
│ │ │         at 0x112c35850>                                              │ │ │
│ │ ╰──────────────────────────────────────────────────────────────────────╯ │ │
│ │                                                                          │ │
│ │ /private/tmp/engram-ontology-review-venv/lib/python3.12/site-packages/st │ │
│ │ arlette/middleware/cors.py:91 in __call__                                │ │
│ │                                                                          │ │
│ │    88 │   │   │   await response(scope, receive, send)                   │ │
│ │    89 │   │   │   return                                                 │ │
│ │    90 │   │                                                              │ │
│ │ ❱  91 │   │   await self.simple_response(scope, receive, send, request_h │ │
│ │    92 │                                                                  │ │
│ │    93 │   def is_allowed_origin(self, origin: str) -> bool:              │ │
│ │    94 │   │   if self.allow_all_origins:                                 │ │
│ │                                                                          │ │
│ │ ╭─────────────────────────────── locals ───────────────────────────────╮ │ │
│ │ │ headers = Headers({'host': 'compat', 'accept': '*/*',                │ │ │
│ │ │           'accept-encoding': 'gzip, deflate', 'connection':          │ │ │
│ │ │           'keep-alive', 'user-agent': 'python-httpx/0.28.1',         │ │ │
│ │ │           'content-length': '190', 'content-type':                   │ │ │
│ │ │           'application/json'})                                       │ │ │
│ │ │  method = 'POST'                                                     │ │ │
│ │ │  origin = None                                                       │ │ │
│ │ │   scope = {                                                          │ │ │
│ │ │           │   'type': 'http',                                        │ │ │
│ │ │           │   'asgi': {'version': '3.0'},                            │ │ │
│ │ │           │   'http_version': '1.1',                                 │ │ │
│ │ │           │   'method': 'POST',                                      │ │ │
│ │ │           │   'headers': [                                           │ │ │
│ │ │           │   │   (b'host', b'compat'),                              │ │ │
│ │ │           │   │   (b'accept', b'*/*'),                               │ │ │
│ │ │           │   │   (b'accept-encoding', b'gzip, deflate'),            │ │ │
│ │ │           │   │   (b'connection', b'keep-alive'),                    │ │ │
│ │ │           │   │   (b'user-agent', b'python-httpx/0.28.1'),           │ │ │
│ │ │           │   │   (b'content-length', b'190'),                       │ │ │
│ │ │           │   │   (b'content-type', b'application/json')             │ │ │
│ │ │           │   ],                                                     │ │ │
│ │ │           │   'scheme': 'http',                                      │ │ │
│ │ │           │   'path': '/v1/feedback',                                │ │ │
│ │ │           │   'raw_path': b'/v1/feedback',                           │ │ │
│ │ │           │   'query_string': b'',                                   │ │ │
│ │ │           │   'server': ('compat', None),                            │ │ │
│ │ │           │   ... +13                                                │ │ │
│ │ │           }                                                          │ │ │
│ │ │    self = <starlette.middleware.cors.CORSMiddleware object at        │ │ │
│ │ │           0x112c366c0>                                               │ │ │
│ │ ╰──────────────────────────────────────────────────────────────────────╯ │ │
│ │                                                                          │ │
│ │ /private/tmp/engram-ontology-review-venv/lib/python3.12/site-packages/st │ │
│ │ arlette/middleware/cors.py:149 in simple_response                        │ │
│ │                                                                          │ │
│ │   146 │                                                                  │ │
│ │   147 │   async def simple_response(self, scope: Scope, receive: Receive │ │
│ │       request_headers: Headers) -> None:                                 │ │
│ │   148 │   │   send = functools.partial(self.send, send=send, request_hea │ │
│ │ ❱ 149 │   │   await self.app(scope, receive, send)                       │ │
│ │   150 │                                                                  │ │
│ │   151 │   async def send(self, message: Message, send: Send, request_hea │ │
│ │       None:                                                              │ │
│ │   152 │   │   if message["type"] != "http.response.start":               │ │
│ │                                                                          │ │
│ │ ╭─────────────────────────────── locals ───────────────────────────────╮ │ │
│ │ │ request_headers = Headers({'host': 'compat', 'accept': '*/*',        │ │ │
│ │ │                   'accept-encoding': 'gzip, deflate', 'connection':  │ │ │
│ │ │                   'keep-alive', 'user-agent': 'python-httpx/0.28.1', │ │ │
│ │ │                   'content-length': '190', 'content-type':           │ │ │
│ │ │                   'application/json'})                               │ │ │
│ │ │           scope = {                                                  │ │ │
│ │ │                   │   'type': 'http',                                │ │ │
│ │ │                   │   'asgi': {'version': '3.0'},                    │ │ │
│ │ │                   │   'http_version': '1.1',                         │ │ │
│ │ │                   │   'method': 'POST',                              │ │ │
│ │ │                   │   'headers': [                                   │ │ │
│ │ │                   │   │   (b'host', b'compat'),                      │ │ │
│ │ │                   │   │   (b'accept', b'*/*'),                       │ │ │
│ │ │                   │   │   (b'accept-encoding', b'gzip, deflate'),    │ │ │
│ │ │                   │   │   (b'connection', b'keep-alive'),            │ │ │
│ │ │                   │   │   (b'user-agent', b'python-httpx/0.28.1'),   │ │ │
│ │ │                   │   │   (b'content-length', b'190'),               │ │ │
│ │ │                   │   │   (b'content-type', b'application/json')     │ │ │
│ │ │                   │   ],                                             │ │ │
│ │ │                   │   'scheme': 'http',                              │ │ │
│ │ │                   │   'path': '/v1/feedback',                        │ │ │
│ │ │                   │   'raw_path': b'/v1/feedback',                   │ │ │
│ │ │                   │   'query_string': b'',                           │ │ │
│ │ │                   │   'server': ('compat', None),                    │ │ │
│ │ │                   │   ... +13                                        │ │ │
│ │ │                   }                                                  │ │ │
│ │ │            self = <starlette.middleware.cors.CORSMiddleware object   │ │ │
│ │ │                   at 0x112c366c0>                                    │ │ │
│ │ │            send = functools.partial(<bound method                    │ │ │
│ │ │                   CORSMiddleware.send of                             │ │ │
│ │ │                   <starlette.middleware.cors.CORSMiddleware object   │ │ │
│ │ │                   at 0x112c366c0>>, send=<function                   │ │ │
│ │ │                   ServerErrorMiddleware.__call__.<locals>._send at   │ │ │
│ │ │                   0x112e5a660>, request_headers=Headers({'host':     │ │ │
│ │ │                   'compat', 'accept': '*/*', 'accept-encoding':      │ │ │
│ │ │                   'gzip, deflate', 'connection': 'keep-alive',       │ │ │
│ │ │                   'user-agent': 'python-httpx/0.28.1',               │ │ │
│ │ │                   'content-length': '190', 'content-type':           │ │ │
│ │ │                   'application/json'}))                              │ │ │
│ │ ╰──────────────────────────────────────────────────────────────────────╯ │ │
│ │                                                                          │ │
│ │ /private/tmp/engram-ontology-review-venv/lib/python3.12/site-packages/st │ │
│ │ arlette/middleware/base.py:197 in __call__                               │ │
│ │                                                                          │ │
│ │   194 │   │   send_stream, recv_stream = anyio.create_memory_object_stre │ │
│ │   195 │   │   with recv_stream, send_stream:                             │ │
│ │   196 │   │   │   async with create_collapsing_task_group() as task_grou │ │
│ │ ❱ 197 │   │   │   │   response = await self.dispatch_func(request, call_ │ │
│ │   198 │   │   │   │   await response(scope, wrapped_receive, send)       │ │
│ │   199 │   │   │   │   response_sent.set()                                │ │
│ │   200 │   │   │   │   recv_stream.close()                                │ │
│ │                                                                          │ │
│ │ ╭─────────────────────────────── locals ───────────────────────────────╮ │ │
│ │ │                  app_exc = UnavailableError('controlled second       │ │ │
│ │ │                            feedback write failure')                  │ │ │
│ │ │ exception_already_raised = True                                      │ │ │
│ │ │              recv_stream = MemoryObjectReceiveStream(                │ │ │
│ │ │                            │   _state=_MemoryObjectStreamState(      │ │ │
│ │ │                            │   │   max_buffer_size=0,                │ │ │
│ │ │                            │   │   buffer=deque(),                   │ │ │
│ │ │                            │   │   open_send_channels=0,             │ │ │
│ │ │                            │   │   open_receive_channels=0,          │ │ │
│ │ │                            │   │   waiting_receivers=OrderedDict(),  │ │ │
│ │ │                            │   │   waiting_senders=OrderedDict()     │ │ │
│ │ │                            │   ),                                    │ │ │
│ │ │                            │   _closed=True                          │ │ │
│ │ │                            )                                         │ │ │
│ │ │                  request = <starlette.middleware.base._CachedRequest │ │ │
│ │ │                            object at 0x112cb0d70>                    │ │ │
│ │ │            response_sent = <anyio._backends._asyncio.Event object at │ │ │
│ │ │                            0x112f56ed0>                              │ │ │
│ │ │                    scope = {                                         │ │ │
│ │ │                            │   'type': 'http',                       │ │ │
│ │ │                            │   'asgi': {'version': '3.0'},           │ │ │
│ │ │                            │   'http_version': '1.1',                │ │ │
│ │ │                            │   'method': 'POST',                     │ │ │
│ │ │                            │   'headers': [                          │ │ │
│ │ │                            │   │   (b'host', b'compat'),             │ │ │
│ │ │                            │   │   (b'accept', b'*/*'),              │ │ │
│ │ │                            │   │   (                                 │ │ │
│ │ │                            │   │   │   b'accept-encoding',           │ │ │
│ │ │                            │   │   │   b'gzip, deflate'              │ │ │
│ │ │                            │   │   ),                                │ │ │
│ │ │                            │   │   (b'connection', b'keep-alive'),   │ │ │
│ │ │                            │   │   (                                 │ │ │
│ │ │                            │   │   │   b'user-agent',                │ │ │
│ │ │                            │   │   │   b'python-httpx/0.28.1'        │ │ │
│ │ │                            │   │   ),                                │ │ │
│ │ │                            │   │   (b'content-length', b'190'),      │ │ │
│ │ │                            │   │   (                                 │ │ │
│ │ │                            │   │   │   b'content-type',              │ │ │
│ │ │                            │   │   │   b'application/json'           │ │ │
│ │ │                            │   │   )                                 │ │ │
│ │ │                            │   ],                                    │ │ │
│ │ │                            │   'scheme': 'http',                     │ │ │
│ │ │                            │   'path': '/v1/feedback',               │ │ │
│ │ │                            │   'raw_path': b'/v1/feedback',          │ │ │
│ │ │                            │   'query_string': b'',                  │ │ │
│ │ │                            │   'server': ('compat', None),           │ │ │
│ │ │                            │   ... +13                               │ │ │
│ │ │                            }                                         │ │ │
│ │ │                     self = <context_graph.api.middleware.RateLimitM… │ │ │
│ │ │                            object at 0x112c36840>                    │ │ │
│ │ │                     send = functools.partial(<bound method           │ │ │
│ │ │                            CORSMiddleware.send of                    │ │ │
│ │ │                            <starlette.middleware.cors.CORSMiddleware │ │ │
│ │ │                            object at 0x112c366c0>>, send=<function   │ │ │
│ │ │                            ServerErrorMiddleware.__call__.<locals>.… │ │ │
│ │ │                            at 0x112e5a660>,                          │ │ │
│ │ │                            request_headers=Headers({'host':          │ │ │
│ │ │                            'compat', 'accept': '*/*',                │ │ │
│ │ │                            'accept-encoding': 'gzip, deflate',       │ │ │
│ │ │                            'connection': 'keep-alive', 'user-agent': │ │ │
│ │ │                            'python-httpx/0.28.1', 'content-length':  │ │ │
│ │ │                            '190', 'content-type':                    │ │ │
│ │ │                            'application/json'}))                     │ │ │
│ │ │              send_stream = MemoryObjectSendStream(                   │ │ │
│ │ │                            │   _state=_MemoryObjectStreamState(      │ │ │
│ │ │                            │   │   max_buffer_size=0,                │ │ │
│ │ │                            │   │   buffer=deque(),                   │ │ │
│ │ │                            │   │   open_send_channels=0,             │ │ │
│ │ │                            │   │   open_receive_channels=0,          │ │ │
│ │ │                            │   │   waiting_receivers=OrderedDict(),  │ │ │
│ │ │                            │   │   waiting_senders=OrderedDict()     │ │ │
│ │ │                            │   ),                                    │ │ │
│ │ │                            │   _closed=True                          │ │ │
│ │ │                            )                                         │ │ │
│ │ │               task_group = <anyio._backends._asyncio.TaskGroup       │ │ │
│ │ │                            object at 0x112cb2de0>                    │ │ │
│ │ │          wrapped_receive = <bound method                             │ │ │
│ │ │                            _CachedRequest.wrapped_receive of         │ │ │
│ │ │                            <starlette.middleware.base._CachedRequest │ │ │
│ │ │                            object at 0x112cb0d70>>                   │ │ │
│ │ ╰──────────────────────────────────────────────────────────────────────╯ │ │
│ │                                                                          │ │
│ │ /Users/arunmenon/projects/Engram/src/context_graph/api/middleware.py:166 │ │
│ │ in dispatch                                                              │ │
│ │                                                                          │ │
│ │   163 │   │   │   │   },                                                 │ │
│ │   164 │   │   │   )                                                      │ │
│ │   165 │   │                                                              │ │
│ │ ❱ 166 │   │   response: Response = await call_next(request)              │ │
│ │   167 │   │   response.headers["X-RateLimit-Limit"] = str(rpm)           │ │
│ │   168 │   │   response.headers["X-RateLimit-Remaining"] = str(int(bucket │ │
│ │   169 │   │   return response                                            │ │
│ │                                                                          │ │
│ │ ╭─────────────────────────────── locals ───────────────────────────────╮ │ │
│ │ │      bucket = <context_graph.api.rate_limit.TokenBucket object at    │ │ │
│ │ │               0x11206ce40>                                           │ │ │
│ │ │    capacity = 120.0                                                  │ │ │
│ │ │   client_id = '127.0.0.1'                                            │ │ │
│ │ │ refill_rate = 2.0                                                    │ │ │
│ │ │     request = <starlette.middleware.base._CachedRequest object at    │ │ │
│ │ │               0x112cb0d70>                                           │ │ │
│ │ │         rpm = 120                                                    │ │ │
│ │ │        self = <context_graph.api.middleware.RateLimitMiddleware      │ │ │
│ │ │               object at 0x112c36840>                                 │ │ │
│ │ │        tier = 'standard'                                             │ │ │
│ │ ╰──────────────────────────────────────────────────────────────────────╯ │ │
│ │                                                                          │ │
│ │ /private/tmp/engram-ontology-review-venv/lib/python3.12/site-packages/st │ │
│ │ arlette/middleware/base.py:173 in call_next                              │ │
│ │                                                                          │ │
│ │   170 │   │   │   │   │   # propagated as a cause with the reraise. This │ │
│ │   171 │   │   │   │   │   # to prevent `anyio.EndOfStream` from pollutin │ │
│ │   172 │   │   │   │   │   # context.                                     │ │
│ │ ❱ 173 │   │   │   │   │   raise app_exc from app_exc.__cause__ or app_ex │ │
│ │   174 │   │   │   │   raise RuntimeError("No response returned.")        │ │
│ │   175 │   │   │                                                          │ │
│ │   176 │   │   │   assert message["type"] == "http.response.start"        │ │
│ │                                                                          │ │
│ │ ╭─────────────────────────────── locals ───────────────────────────────╮ │ │
│ │ │                  app_exc = UnavailableError('controlled second       │ │ │
│ │ │                            feedback write failure')                  │ │ │
│ │ │ exception_already_raised = True                                      │ │ │
│ │ │              recv_stream = MemoryObjectReceiveStream(                │ │ │
│ │ │                            │   _state=_MemoryObjectStreamState(      │ │ │
│ │ │                            │   │   max_buffer_size=0,                │ │ │
│ │ │                            │   │   buffer=deque(),                   │ │ │
│ │ │                            │   │   open_send_channels=0,             │ │ │
│ │ │                            │   │   open_receive_channels=0,          │ │ │
│ │ │                            │   │   waiting_receivers=OrderedDict(),  │ │ │
│ │ │                            │   │   waiting_senders=OrderedDict()     │ │ │
│ │ │                            │   ),                                    │ │ │
│ │ │                            │   _closed=True                          │ │ │
│ │ │                            )                                         │ │ │
│ │ │                  request = <starlette.middleware.base._CachedRequest │ │ │
│ │ │                            object at 0x112cb0d70>                    │ │ │
│ │ │            response_sent = <anyio._backends._asyncio.Event object at │ │ │
│ │ │                            0x112f56ed0>                              │ │ │
│ │ │                    scope = {                                         │ │ │
│ │ │                            │   'type': 'http',                       │ │ │
│ │ │                            │   'asgi': {'version': '3.0'},           │ │ │
│ │ │                            │   'http_version': '1.1',                │ │ │
│ │ │                            │   'method': 'POST',                     │ │ │
│ │ │                            │   'headers': [                          │ │ │
│ │ │                            │   │   (b'host', b'compat'),             │ │ │
│ │ │                            │   │   (b'accept', b'*/*'),              │ │ │
│ │ │                            │   │   (                                 │ │ │
│ │ │                            │   │   │   b'accept-encoding',           │ │ │
│ │ │                            │   │   │   b'gzip, deflate'              │ │ │
│ │ │                            │   │   ),                                │ │ │
│ │ │                            │   │   (b'connection', b'keep-alive'),   │ │ │
│ │ │                            │   │   (                                 │ │ │
│ │ │                            │   │   │   b'user-agent',                │ │ │
│ │ │                            │   │   │   b'python-httpx/0.28.1'        │ │ │
│ │ │                            │   │   ),                                │ │ │
│ │ │                            │   │   (b'content-length', b'190'),      │ │ │
│ │ │                            │   │   (                                 │ │ │
│ │ │                            │   │   │   b'content-type',              │ │ │
│ │ │                            │   │   │   b'application/json'           │ │ │
│ │ │                            │   │   )                                 │ │ │
│ │ │                            │   ],                                    │ │ │
│ │ │                            │   'scheme': 'http',                     │ │ │
│ │ │                            │   'path': '/v1/feedback',               │ │ │
│ │ │                            │   'raw_path': b'/v1/feedback',          │ │ │
│ │ │                            │   'query_string': b'',                  │ │ │
│ │ │                            │   'server': ('compat', None),           │ │ │
│ │ │                            │   ... +13                               │ │ │
│ │ │                            }                                         │ │ │
│ │ │                     self = <context_graph.api.middleware.RateLimitM… │ │ │
│ │ │                            object at 0x112c36840>                    │ │ │
│ │ │              send_stream = MemoryObjectSendStream(                   │ │ │
│ │ │                            │   _state=_MemoryObjectStreamState(      │ │ │
│ │ │                            │   │   max_buffer_size=0,                │ │ │
│ │ │                            │   │   buffer=deque(),                   │ │ │
│ │ │                            │   │   open_send_channels=0,             │ │ │
│ │ │                            │   │   open_receive_channels=0,          │ │ │
│ │ │                            │   │   waiting_receivers=OrderedDict(),  │ │ │
│ │ │                            │   │   waiting_senders=OrderedDict()     │ │ │
│ │ │                            │   ),                                    │ │ │
│ │ │                            │   _closed=True                          │ │ │
│ │ │                            )                                         │ │ │
│ │ │               task_group = <anyio._backends._asyncio.TaskGroup       │ │ │
│ │ │                            object at 0x112cb2de0>                    │ │ │
│ │ │          wrapped_receive = <bound method                             │ │ │
│ │ │                            _CachedRequest.wrapped_receive of         │ │ │
│ │ │                            <starlette.middleware.base._CachedRequest │ │ │
│ │ │                            object at 0x112cb0d70>>                   │ │ │
│ │ ╰──────────────────────────────────────────────────────────────────────╯ │ │
│ │                                                                          │ │
│ │ /private/tmp/engram-ontology-review-venv/lib/python3.12/site-packages/st │ │
│ │ arlette/middleware/base.py:149 in coro                                   │ │
│ │                                                                          │ │
│ │   146 │   │   │   │                                                      │ │
│ │   147 │   │   │   │   with send_stream:                                  │ │
│ │   148 │   │   │   │   │   try:                                           │ │
│ │ ❱ 149 │   │   │   │   │   │   await self.app(scope, receive_or_disconnec │ │
│ │   150 │   │   │   │   │   except Exception as exc:                       │ │
│ │   151 │   │   │   │   │   │   app_exc = exc                              │ │
│ │   152                                                                    │ │
│ │                                                                          │ │
│ │ ╭─────────────────────────────── locals ───────────────────────────────╮ │ │
│ │ │     app_exc = UnavailableError('controlled second feedback write     │ │ │
│ │ │               failure')                                              │ │ │
│ │ │       scope = {                                                      │ │ │
│ │ │               │   'type': 'http',                                    │ │ │
│ │ │               │   'asgi': {'version': '3.0'},                        │ │ │
│ │ │               │   'http_version': '1.1',                             │ │ │
│ │ │               │   'method': 'POST',                                  │ │ │
│ │ │               │   'headers': [                                       │ │ │
│ │ │               │   │   (b'host', b'compat'),                          │ │ │
│ │ │               │   │   (b'accept', b'*/*'),                           │ │ │
│ │ │               │   │   (b'accept-encoding', b'gzip, deflate'),        │ │ │
│ │ │               │   │   (b'connection', b'keep-alive'),                │ │ │
│ │ │               │   │   (b'user-agent', b'python-httpx/0.28.1'),       │ │ │
│ │ │               │   │   (b'content-length', b'190'),                   │ │ │
│ │ │               │   │   (b'content-type', b'application/json')         │ │ │
│ │ │               │   ],                                                 │ │ │
│ │ │               │   'scheme': 'http',                                  │ │ │
│ │ │               │   'path': '/v1/feedback',                            │ │ │
│ │ │               │   'raw_path': b'/v1/feedback',                       │ │ │
│ │ │               │   'query_string': b'',                               │ │ │
│ │ │               │   'server': ('compat', None),                        │ │ │
│ │ │               │   ... +13                                            │ │ │
│ │ │               }                                                      │ │ │
│ │ │        self = <context_graph.api.middleware.RateLimitMiddleware      │ │ │
│ │ │               object at 0x112c36840>                                 │ │ │
│ │ │ send_stream = MemoryObjectSendStream(                                │ │ │
│ │ │               │   _state=_MemoryObjectStreamState(                   │ │ │
│ │ │               │   │   max_buffer_size=0,                             │ │ │
│ │ │               │   │   buffer=deque(),                                │ │ │
│ │ │               │   │   open_send_channels=0,                          │ │ │
│ │ │               │   │   open_receive_channels=0,                       │ │ │
│ │ │               │   │   waiting_receivers=OrderedDict(),               │ │ │
│ │ │               │   │   waiting_senders=OrderedDict()                  │ │ │
│ │ │               │   ),                                                 │ │ │
│ │ │               │   _closed=True                                       │ │ │
│ │ │               )                                                      │ │ │
│ │ ╰──────────────────────────────────────────────────────────────────────╯ │ │
│ │                                                                          │ │
│ │ /private/tmp/engram-ontology-review-venv/lib/python3.12/site-packages/st │ │
│ │ arlette/middleware/base.py:197 in __call__                               │ │
│ │                                                                          │ │
│ │   194 │   │   send_stream, recv_stream = anyio.create_memory_object_stre │ │
│ │   195 │   │   with recv_stream, send_stream:                             │ │
│ │   196 │   │   │   async with create_collapsing_task_group() as task_grou │ │
│ │ ❱ 197 │   │   │   │   response = await self.dispatch_func(request, call_ │ │
│ │   198 │   │   │   │   await response(scope, wrapped_receive, send)       │ │
│ │   199 │   │   │   │   response_sent.set()                                │ │
│ │   200 │   │   │   │   recv_stream.close()                                │ │
│ │                                                                          │ │
│ │ ╭─────────────────────────────── locals ───────────────────────────────╮ │ │
│ │ │                  app_exc = UnavailableError('controlled second       │ │ │
│ │ │                            feedback write failure')                  │ │ │
│ │ │ exception_already_raised = True                                      │ │ │
│ │ │              recv_stream = MemoryObjectReceiveStream(                │ │ │
│ │ │                            │   _state=_MemoryObjectStreamState(      │ │ │
│ │ │                            │   │   max_buffer_size=0,                │ │ │
│ │ │                            │   │   buffer=deque(),                   │ │ │
│ │ │                            │   │   open_send_channels=0,             │ │ │
│ │ │                            │   │   open_receive_channels=0,          │ │ │
│ │ │                            │   │   waiting_receivers=OrderedDict(),  │ │ │
│ │ │                            │   │   waiting_senders=OrderedDict()     │ │ │
│ │ │                            │   ),                                    │ │ │
│ │ │                            │   _closed=True                          │ │ │
│ │ │                            )                                         │ │ │
│ │ │                  request = <starlette.middleware.base._CachedRequest │ │ │
│ │ │                            object at 0x112cb21b0>                    │ │ │
│ │ │            response_sent = <anyio._backends._asyncio.Event object at │ │ │
│ │ │                            0x112e10ad0>                              │ │ │
│ │ │                    scope = {                                         │ │ │
│ │ │                            │   'type': 'http',                       │ │ │
│ │ │                            │   'asgi': {'version': '3.0'},           │ │ │
│ │ │                            │   'http_version': '1.1',                │ │ │
│ │ │                            │   'method': 'POST',                     │ │ │
│ │ │                            │   'headers': [                          │ │ │
│ │ │                            │   │   (b'host', b'compat'),             │ │ │
│ │ │                            │   │   (b'accept', b'*/*'),              │ │ │
│ │ │                            │   │   (                                 │ │ │
│ │ │                            │   │   │   b'accept-encoding',           │ │ │
│ │ │                            │   │   │   b'gzip, deflate'              │ │ │
│ │ │                            │   │   ),                                │ │ │
│ │ │                            │   │   (b'connection', b'keep-alive'),   │ │ │
│ │ │                            │   │   (                                 │ │ │
│ │ │                            │   │   │   b'user-agent',                │ │ │
│ │ │                            │   │   │   b'python-httpx/0.28.1'        │ │ │
│ │ │                            │   │   ),                                │ │ │
│ │ │                            │   │   (b'content-length', b'190'),      │ │ │
│ │ │                            │   │   (                                 │ │ │
│ │ │                            │   │   │   b'content-type',              │ │ │
│ │ │                            │   │   │   b'application/json'           │ │ │
│ │ │                            │   │   )                                 │ │ │
│ │ │                            │   ],                                    │ │ │
│ │ │                            │   'scheme': 'http',                     │ │ │
│ │ │                            │   'path': '/v1/feedback',               │ │ │
│ │ │                            │   'raw_path': b'/v1/feedback',          │ │ │
│ │ │                            │   'query_string': b'',                  │ │ │
│ │ │                            │   'server': ('compat', None),           │ │ │
│ │ │                            │   ... +13                               │ │ │
│ │ │                            }                                         │ │ │
│ │ │                     self = <context_graph.api.middleware.RequestTim… │ │ │
│ │ │                            object at 0x112c35070>                    │ │ │
│ │ │              send_stream = MemoryObjectSendStream(                   │ │ │
│ │ │                            │   _state=_MemoryObjectStreamState(      │ │ │
│ │ │                            │   │   max_buffer_size=0,                │ │ │
│ │ │                            │   │   buffer=deque(),                   │ │ │
│ │ │                            │   │   open_send_channels=0,             │ │ │
│ │ │                            │   │   open_receive_channels=0,          │ │ │
│ │ │                            │   │   waiting_receivers=OrderedDict(),  │ │ │
│ │ │                            │   │   waiting_senders=OrderedDict()     │ │ │
│ │ │                            │   ),                                    │ │ │
│ │ │                            │   _closed=True                          │ │ │
│ │ │                            )                                         │ │ │
│ │ │               task_group = <anyio._backends._asyncio.TaskGroup       │ │ │
│ │ │                            object at 0x112cb0a10>                    │ │ │
│ │ │          wrapped_receive = <bound method                             │ │ │
│ │ │                            _CachedRequest.wrapped_receive of         │ │ │
│ │ │                            <starlette.middleware.base._CachedRequest │ │ │
│ │ │                            object at 0x112cb21b0>>                   │ │ │
│ │ ╰──────────────────────────────────────────────────────────────────────╯ │ │
│ │                                                                          │ │
│ │ /Users/arunmenon/projects/Engram/src/context_graph/api/middleware.py:102 │ │
│ │ in dispatch                                                              │ │
│ │                                                                          │ │
│ │    99 │                                                                  │ │
│ │   100 │   async def dispatch(self, request: Request, call_next: Any) ->  │ │
│ │   101 │   │   start_time = time.monotonic()                              │ │
│ │ ❱ 102 │   │   response: Response = await call_next(request)              │ │
│ │   103 │   │   elapsed_seconds = time.monotonic() - start_time            │ │
│ │   104 │   │   elapsed_ms = elapsed_seconds * 1000                        │ │
│ │   105 │   │   response.headers["X-Request-Time-Ms"] = f"{elapsed_ms:.1f} │ │
│ │                                                                          │ │
│ │ ╭─────────────────────────────── locals ───────────────────────────────╮ │ │
│ │ │    request = <starlette.middleware.base._CachedRequest object at     │ │ │
│ │ │              0x112cb21b0>                                            │ │ │
│ │ │       self = <context_graph.api.middleware.RequestTimingMiddleware   │ │ │
│ │ │              object at 0x112c35070>                                  │ │ │
│ │ │ start_time = 3513207.634272958                                       │ │ │
│ │ ╰──────────────────────────────────────────────────────────────────────╯ │ │
│ │                                                                          │ │
│ │ /private/tmp/engram-ontology-review-venv/lib/python3.12/site-packages/st │ │
│ │ arlette/middleware/base.py:173 in call_next                              │ │
│ │                                                                          │ │
│ │   170 │   │   │   │   │   # propagated as a cause with the reraise. This │ │
│ │   171 │   │   │   │   │   # to prevent `anyio.EndOfStream` from pollutin │ │
│ │   172 │   │   │   │   │   # context.                                     │ │
│ │ ❱ 173 │   │   │   │   │   raise app_exc from app_exc.__cause__ or app_ex │ │
│ │   174 │   │   │   │   raise RuntimeError("No response returned.")        │ │
│ │   175 │   │   │                                                          │ │
│ │   176 │   │   │   assert message["type"] == "http.response.start"        │ │
│ │                                                                          │ │
│ │ ╭─────────────────────────────── locals ───────────────────────────────╮ │ │
│ │ │                  app_exc = UnavailableError('controlled second       │ │ │
│ │ │                            feedback write failure')                  │ │ │
│ │ │ exception_already_raised = True                                      │ │ │
│ │ │              recv_stream = MemoryObjectReceiveStream(                │ │ │
│ │ │                            │   _state=_MemoryObjectStreamState(      │ │ │
│ │ │                            │   │   max_buffer_size=0,                │ │ │
│ │ │                            │   │   buffer=deque(),                   │ │ │
│ │ │                            │   │   open_send_channels=0,             │ │ │
│ │ │                            │   │   open_receive_channels=0,          │ │ │
│ │ │                            │   │   waiting_receivers=OrderedDict(),  │ │ │
│ │ │                            │   │   waiting_senders=OrderedDict()     │ │ │
│ │ │                            │   ),                                    │ │ │
│ │ │                            │   _closed=True                          │ │ │
│ │ │                            )                                         │ │ │
│ │ │                  request = <starlette.middleware.base._CachedRequest │ │ │
│ │ │                            object at 0x112cb21b0>                    │ │ │
│ │ │            response_sent = <anyio._backends._asyncio.Event object at │ │ │
│ │ │                            0x112e10ad0>                              │ │ │
│ │ │                    scope = {                                         │ │ │
│ │ │                            │   'type': 'http',                       │ │ │
│ │ │                            │   'asgi': {'version': '3.0'},           │ │ │
│ │ │                            │   'http_version': '1.1',                │ │ │
│ │ │                            │   'method': 'POST',                     │ │ │
│ │ │                            │   'headers': [                          │ │ │
│ │ │                            │   │   (b'host', b'compat'),             │ │ │
│ │ │                            │   │   (b'accept', b'*/*'),              │ │ │
│ │ │                            │   │   (                                 │ │ │
│ │ │                            │   │   │   b'accept-encoding',           │ │ │
│ │ │                            │   │   │   b'gzip, deflate'              │ │ │
│ │ │                            │   │   ),                                │ │ │
│ │ │                            │   │   (b'connection', b'keep-alive'),   │ │ │
│ │ │                            │   │   (                                 │ │ │
│ │ │                            │   │   │   b'user-agent',                │ │ │
│ │ │                            │   │   │   b'python-httpx/0.28.1'        │ │ │
│ │ │                            │   │   ),                                │ │ │
│ │ │                            │   │   (b'content-length', b'190'),      │ │ │
│ │ │                            │   │   (                                 │ │ │
│ │ │                            │   │   │   b'content-type',              │ │ │
│ │ │                            │   │   │   b'application/json'           │ │ │
│ │ │                            │   │   )                                 │ │ │
│ │ │                            │   ],                                    │ │ │
│ │ │                            │   'scheme': 'http',                     │ │ │
│ │ │                            │   'path': '/v1/feedback',               │ │ │
│ │ │                            │   'raw_path': b'/v1/feedback',          │ │ │
│ │ │                            │   'query_string': b'',                  │ │ │
│ │ │                            │   'server': ('compat', None),           │ │ │
│ │ │                            │   ... +13                               │ │ │
│ │ │                            }                                         │ │ │
│ │ │                     self = <context_graph.api.middleware.RequestTim… │ │ │
│ │ │                            object at 0x112c35070>                    │ │ │
│ │ │              send_stream = MemoryObjectSendStream(                   │ │ │
│ │ │                            │   _state=_MemoryObjectStreamState(      │ │ │
│ │ │                            │   │   max_buffer_size=0,                │ │ │
│ │ │                            │   │   buffer=deque(),                   │ │ │
│ │ │                            │   │   open_send_channels=0,             │ │ │
│ │ │                            │   │   open_receive_channels=0,          │ │ │
│ │ │                            │   │   waiting_receivers=OrderedDict(),  │ │ │
│ │ │                            │   │   waiting_senders=OrderedDict()     │ │ │
│ │ │                            │   ),                                    │ │ │
│ │ │                            │   _closed=True                          │ │ │
│ │ │                            )                                         │ │ │
│ │ │               task_group = <anyio._backends._asyncio.TaskGroup       │ │ │
│ │ │                            object at 0x112cb0a10>                    │ │ │
│ │ │          wrapped_receive = <bound method                             │ │ │
│ │ │                            _CachedRequest.wrapped_receive of         │ │ │
│ │ │                            <starlette.middleware.base._CachedRequest │ │ │
│ │ │                            object at 0x112cb21b0>>                   │ │ │
│ │ ╰──────────────────────────────────────────────────────────────────────╯ │ │
│ │                                                                          │ │
│ │ /private/tmp/engram-ontology-review-venv/lib/python3.12/site-packages/st │ │
│ │ arlette/middleware/base.py:149 in coro                                   │ │
│ │                                                                          │ │
│ │   146 │   │   │   │                                                      │ │
│ │   147 │   │   │   │   with send_stream:                                  │ │
│ │   148 │   │   │   │   │   try:                                           │ │
│ │ ❱ 149 │   │   │   │   │   │   await self.app(scope, receive_or_disconnec │ │
│ │   150 │   │   │   │   │   except Exception as exc:                       │ │
│ │   151 │   │   │   │   │   │   app_exc = exc                              │ │
│ │   152                                                                    │ │
│ │                                                                          │ │
│ │ ╭─────────────────────────────── locals ───────────────────────────────╮ │ │
│ │ │     app_exc = UnavailableError('controlled second feedback write     │ │ │
│ │ │               failure')                                              │ │ │
│ │ │       scope = {                                                      │ │ │
│ │ │               │   'type': 'http',                                    │ │ │
│ │ │               │   'asgi': {'version': '3.0'},                        │ │ │
│ │ │               │   'http_version': '1.1',                             │ │ │
│ │ │               │   'method': 'POST',                                  │ │ │
│ │ │               │   'headers': [                                       │ │ │
│ │ │               │   │   (b'host', b'compat'),                          │ │ │
│ │ │               │   │   (b'accept', b'*/*'),                           │ │ │
│ │ │               │   │   (b'accept-encoding', b'gzip, deflate'),        │ │ │
│ │ │               │   │   (b'connection', b'keep-alive'),                │ │ │
│ │ │               │   │   (b'user-agent', b'python-httpx/0.28.1'),       │ │ │
│ │ │               │   │   (b'content-length', b'190'),                   │ │ │
│ │ │               │   │   (b'content-type', b'application/json')         │ │ │
│ │ │               │   ],                                                 │ │ │
│ │ │               │   'scheme': 'http',                                  │ │ │
│ │ │               │   'path': '/v1/feedback',                            │ │ │
│ │ │               │   'raw_path': b'/v1/feedback',                       │ │ │
│ │ │               │   'query_string': b'',                               │ │ │
│ │ │               │   'server': ('compat', None),                        │ │ │
│ │ │               │   ... +13                                            │ │ │
│ │ │               }                                                      │ │ │
│ │ │        self = <context_graph.api.middleware.RequestTimingMiddleware  │ │ │
│ │ │               object at 0x112c35070>                                 │ │ │
│ │ │ send_stream = MemoryObjectSendStream(                                │ │ │
│ │ │               │   _state=_MemoryObjectStreamState(                   │ │ │
│ │ │               │   │   max_buffer_size=0,                             │ │ │
│ │ │               │   │   buffer=deque(),                                │ │ │
│ │ │               │   │   open_send_channels=0,                          │ │ │
│ │ │               │   │   open_receive_channels=0,                       │ │ │
│ │ │               │   │   waiting_receivers=OrderedDict(),               │ │ │
│ │ │               │   │   waiting_senders=OrderedDict()                  │ │ │
│ │ │               │   ),                                                 │ │ │
│ │ │               │   _closed=True                                       │ │ │
│ │ │               )                                                      │ │ │
│ │ ╰──────────────────────────────────────────────────────────────────────╯ │ │
│ │                                                                          │ │
│ │ /private/tmp/engram-ontology-review-venv/lib/python3.12/site-packages/st │ │
│ │ arlette/middleware/base.py:197 in __call__                               │ │
│ │                                                                          │ │
│ │   194 │   │   send_stream, recv_stream = anyio.create_memory_object_stre │ │
│ │   195 │   │   with recv_stream, send_stream:                             │ │
│ │   196 │   │   │   async with create_collapsing_task_group() as task_grou │ │
│ │ ❱ 197 │   │   │   │   response = await self.dispatch_func(request, call_ │ │
│ │   198 │   │   │   │   await response(scope, wrapped_receive, send)       │ │
│ │   199 │   │   │   │   response_sent.set()                                │ │
│ │   200 │   │   │   │   recv_stream.close()                                │ │
│ │                                                                          │ │
│ │ ╭─────────────────────────────── locals ───────────────────────────────╮ │ │
│ │ │                  app_exc = UnavailableError('controlled second       │ │ │
│ │ │                            feedback write failure')                  │ │ │
│ │ │ exception_already_raised = True                                      │ │ │
│ │ │              recv_stream = MemoryObjectReceiveStream(                │ │ │
│ │ │                            │   _state=_MemoryObjectStreamState(      │ │ │
│ │ │                            │   │   max_buffer_size=0,                │ │ │
│ │ │                            │   │   buffer=deque(),                   │ │ │
│ │ │                            │   │   open_send_channels=0,             │ │ │
│ │ │                            │   │   open_receive_channels=0,          │ │ │
│ │ │                            │   │   waiting_receivers=OrderedDict(),  │ │ │
│ │ │                            │   │   waiting_senders=OrderedDict()     │ │ │
│ │ │                            │   ),                                    │ │ │
│ │ │                            │   _closed=True                          │ │ │
│ │ │                            )                                         │ │ │
│ │ │                  request = <starlette.middleware.base._CachedRequest │ │ │
│ │ │                            object at 0x112cb22d0>                    │ │ │
│ │ │            response_sent = <anyio._backends._asyncio.Event object at │ │ │
│ │ │                            0x112f42510>                              │ │ │
│ │ │                    scope = {                                         │ │ │
│ │ │                            │   'type': 'http',                       │ │ │
│ │ │                            │   'asgi': {'version': '3.0'},           │ │ │
│ │ │                            │   'http_version': '1.1',                │ │ │
│ │ │                            │   'method': 'POST',                     │ │ │
│ │ │                            │   'headers': [                          │ │ │
│ │ │                            │   │   (b'host', b'compat'),             │ │ │
│ │ │                            │   │   (b'accept', b'*/*'),              │ │ │
│ │ │                            │   │   (                                 │ │ │
│ │ │                            │   │   │   b'accept-encoding',           │ │ │
│ │ │                            │   │   │   b'gzip, deflate'              │ │ │
│ │ │                            │   │   ),                                │ │ │
│ │ │                            │   │   (b'connection', b'keep-alive'),   │ │ │
│ │ │                            │   │   (                                 │ │ │
│ │ │                            │   │   │   b'user-agent',                │ │ │
│ │ │                            │   │   │   b'python-httpx/0.28.1'        │ │ │
│ │ │                            │   │   ),                                │ │ │
│ │ │                            │   │   (b'content-length', b'190'),      │ │ │
│ │ │                            │   │   (                                 │ │ │
│ │ │                            │   │   │   b'content-type',              │ │ │
│ │ │                            │   │   │   b'application/json'           │ │ │
│ │ │                            │   │   )                                 │ │ │
│ │ │                            │   ],                                    │ │ │
│ │ │                            │   'scheme': 'http',                     │ │ │
│ │ │                            │   'path': '/v1/feedback',               │ │ │
│ │ │                            │   'raw_path': b'/v1/feedback',          │ │ │
│ │ │                            │   'query_string': b'',                  │ │ │
│ │ │                            │   'server': ('compat', None),           │ │ │
│ │ │                            │   ... +13                               │ │ │
│ │ │                            }                                         │ │ │
│ │ │                     self = <context_graph.api.middleware.RequestIDM… │ │ │
│ │ │                            object at 0x1121ffd70>                    │ │ │
│ │ │              send_stream = MemoryObjectSendStream(                   │ │ │
│ │ │                            │   _state=_MemoryObjectStreamState(      │ │ │
│ │ │                            │   │   max_buffer_size=0,                │ │ │
│ │ │                            │   │   buffer=deque(),                   │ │ │
│ │ │                            │   │   open_send_channels=0,             │ │ │
│ │ │                            │   │   open_receive_channels=0,          │ │ │
│ │ │                            │   │   waiting_receivers=OrderedDict(),  │ │ │
│ │ │                            │   │   waiting_senders=OrderedDict()     │ │ │
│ │ │                            │   ),                                    │ │ │
│ │ │                            │   _closed=True                          │ │ │
│ │ │                            )                                         │ │ │
│ │ │               task_group = <anyio._backends._asyncio.TaskGroup       │ │ │
│ │ │                            object at 0x112cb0a70>                    │ │ │
│ │ │          wrapped_receive = <bound method                             │ │ │
│ │ │                            _CachedRequest.wrapped_receive of         │ │ │
│ │ │                            <starlette.middleware.base._CachedRequest │ │ │
│ │ │                            object at 0x112cb22d0>>                   │ │ │
│ │ ╰──────────────────────────────────────────────────────────────────────╯ │ │
│ │                                                                          │ │
│ │ /Users/arunmenon/projects/Engram/src/context_graph/api/middleware.py:86  │ │
│ │ in dispatch                                                              │ │
│ │                                                                          │ │
│ │    83 │   async def dispatch(self, request: Request, call_next: Any) ->  │ │
│ │    84 │   │   request_id = request.headers.get("x-request-id") or str(uu │ │
│ │    85 │   │   structlog.contextvars.bind_contextvars(request_id=request_ │ │
│ │ ❱  86 │   │   response: Response = await call_next(request)              │ │
│ │    87 │   │   response.headers["X-Request-ID"] = request_id              │ │
│ │    88 │   │   structlog.contextvars.unbind_contextvars("request_id")     │ │
│ │    89 │   │   return response                                            │ │
│ │                                                                          │ │
│ │ ╭─────────────────────────────── locals ───────────────────────────────╮ │ │
│ │ │    request = <starlette.middleware.base._CachedRequest object at     │ │ │
│ │ │              0x112cb22d0>                                            │ │ │
│ │ │ request_id = 'e17a68db-bd3b-47df-88a0-a479ce5f367f'                  │ │ │
│ │ │       self = <context_graph.api.middleware.RequestIDMiddleware       │ │ │
│ │ │              object at 0x1121ffd70>                                  │ │ │
│ │ ╰──────────────────────────────────────────────────────────────────────╯ │ │
│ │                                                                          │ │
│ │ /private/tmp/engram-ontology-review-venv/lib/python3.12/site-packages/st │ │
│ │ arlette/middleware/base.py:173 in call_next                              │ │
│ │                                                                          │ │
│ │   170 │   │   │   │   │   # propagated as a cause with the reraise. This │ │
│ │   171 │   │   │   │   │   # to prevent `anyio.EndOfStream` from pollutin │ │
│ │   172 │   │   │   │   │   # context.                                     │ │
│ │ ❱ 173 │   │   │   │   │   raise app_exc from app_exc.__cause__ or app_ex │ │
│ │   174 │   │   │   │   raise RuntimeError("No response returned.")        │ │
│ │   175 │   │   │                                                          │ │
│ │   176 │   │   │   assert message["type"] == "http.response.start"        │ │
│ │                                                                          │ │
│ │ ╭─────────────────────────────── locals ───────────────────────────────╮ │ │
│ │ │                  app_exc = UnavailableError('controlled second       │ │ │
│ │ │                            feedback write failure')                  │ │ │
│ │ │ exception_already_raised = True                                      │ │ │
│ │ │              recv_stream = MemoryObjectReceiveStream(                │ │ │
│ │ │                            │   _state=_MemoryObjectStreamState(      │ │ │
│ │ │                            │   │   max_buffer_size=0,                │ │ │
│ │ │                            │   │   buffer=deque(),                   │ │ │
│ │ │                            │   │   open_send_channels=0,             │ │ │
│ │ │                            │   │   open_receive_channels=0,          │ │ │
│ │ │                            │   │   waiting_receivers=OrderedDict(),  │ │ │
│ │ │                            │   │   waiting_senders=OrderedDict()     │ │ │
│ │ │                            │   ),                                    │ │ │
│ │ │                            │   _closed=True                          │ │ │
│ │ │                            )                                         │ │ │
│ │ │                  request = <starlette.middleware.base._CachedRequest │ │ │
│ │ │                            object at 0x112cb22d0>                    │ │ │
│ │ │            response_sent = <anyio._backends._asyncio.Event object at │ │ │
│ │ │                            0x112f42510>                              │ │ │
│ │ │                    scope = {                                         │ │ │
│ │ │                            │   'type': 'http',                       │ │ │
│ │ │                            │   'asgi': {'version': '3.0'},           │ │ │
│ │ │                            │   'http_version': '1.1',                │ │ │
│ │ │                            │   'method': 'POST',                     │ │ │
│ │ │                            │   'headers': [                          │ │ │
│ │ │                            │   │   (b'host', b'compat'),             │ │ │
│ │ │                            │   │   (b'accept', b'*/*'),              │ │ │
│ │ │                            │   │   (                                 │ │ │
│ │ │                            │   │   │   b'accept-encoding',           │ │ │
│ │ │                            │   │   │   b'gzip, deflate'              │ │ │
│ │ │                            │   │   ),                                │ │ │
│ │ │                            │   │   (b'connection', b'keep-alive'),   │ │ │
│ │ │                            │   │   (                                 │ │ │
│ │ │                            │   │   │   b'user-agent',                │ │ │
│ │ │                            │   │   │   b'python-httpx/0.28.1'        │ │ │
│ │ │                            │   │   ),                                │ │ │
│ │ │                            │   │   (b'content-length', b'190'),      │ │ │
│ │ │                            │   │   (                                 │ │ │
│ │ │                            │   │   │   b'content-type',              │ │ │
│ │ │                            │   │   │   b'application/json'           │ │ │
│ │ │                            │   │   )                                 │ │ │
│ │ │                            │   ],                                    │ │ │
│ │ │                            │   'scheme': 'http',                     │ │ │
│ │ │                            │   'path': '/v1/feedback',               │ │ │
│ │ │                            │   'raw_path': b'/v1/feedback',          │ │ │
│ │ │                            │   'query_string': b'',                  │ │ │
│ │ │                            │   'server': ('compat', None),           │ │ │
│ │ │                            │   ... +13                               │ │ │
│ │ │                            }                                         │ │ │
│ │ │                     self = <context_graph.api.middleware.RequestIDM… │ │ │
│ │ │                            object at 0x1121ffd70>                    │ │ │
│ │ │              send_stream = MemoryObjectSendStream(                   │ │ │
│ │ │                            │   _state=_MemoryObjectStreamState(      │ │ │
│ │ │                            │   │   max_buffer_size=0,                │ │ │
│ │ │                            │   │   buffer=deque(),                   │ │ │
│ │ │                            │   │   open_send_channels=0,             │ │ │
│ │ │                            │   │   open_receive_channels=0,          │ │ │
│ │ │                            │   │   waiting_receivers=OrderedDict(),  │ │ │
│ │ │                            │   │   waiting_senders=OrderedDict()     │ │ │
│ │ │                            │   ),                                    │ │ │
│ │ │                            │   _closed=True                          │ │ │
│ │ │                            )                                         │ │ │
│ │ │               task_group = <anyio._backends._asyncio.TaskGroup       │ │ │
│ │ │                            object at 0x112cb0a70>                    │ │ │
│ │ │          wrapped_receive = <bound method                             │ │ │
│ │ │                            _CachedRequest.wrapped_receive of         │ │ │
│ │ │                            <starlette.middleware.base._CachedRequest │ │ │
│ │ │                            object at 0x112cb22d0>>                   │ │ │
│ │ ╰──────────────────────────────────────────────────────────────────────╯ │ │
│ │                                                                          │ │
│ │ /private/tmp/engram-ontology-review-venv/lib/python3.12/site-packages/st │ │
│ │ arlette/middleware/base.py:149 in coro                                   │ │
│ │                                                                          │ │
│ │   146 │   │   │   │                                                      │ │
│ │   147 │   │   │   │   with send_stream:                                  │ │
│ │   148 │   │   │   │   │   try:                                           │ │
│ │ ❱ 149 │   │   │   │   │   │   await self.app(scope, receive_or_disconnec │ │
│ │   150 │   │   │   │   │   except Exception as exc:                       │ │
│ │   151 │   │   │   │   │   │   app_exc = exc                              │ │
│ │   152                                                                    │ │
│ │                                                                          │ │
│ │ ╭─────────────────────────────── locals ───────────────────────────────╮ │ │
│ │ │     app_exc = UnavailableError('controlled second feedback write     │ │ │
│ │ │               failure')                                              │ │ │
│ │ │       scope = {                                                      │ │ │
│ │ │               │   'type': 'http',                                    │ │ │
│ │ │               │   'asgi': {'version': '3.0'},                        │ │ │
│ │ │               │   'http_version': '1.1',                             │ │ │
│ │ │               │   'method': 'POST',                                  │ │ │
│ │ │               │   'headers': [                                       │ │ │
│ │ │               │   │   (b'host', b'compat'),                          │ │ │
│ │ │               │   │   (b'accept', b'*/*'),                           │ │ │
│ │ │               │   │   (b'accept-encoding', b'gzip, deflate'),        │ │ │
│ │ │               │   │   (b'connection', b'keep-alive'),                │ │ │
│ │ │               │   │   (b'user-agent', b'python-httpx/0.28.1'),       │ │ │
│ │ │               │   │   (b'content-length', b'190'),                   │ │ │
│ │ │               │   │   (b'content-type', b'application/json')         │ │ │
│ │ │               │   ],                                                 │ │ │
│ │ │               │   'scheme': 'http',                                  │ │ │
│ │ │               │   'path': '/v1/feedback',                            │ │ │
│ │ │               │   'raw_path': b'/v1/feedback',                       │ │ │
│ │ │               │   'query_string': b'',                               │ │ │
│ │ │               │   'server': ('compat', None),                        │ │ │
│ │ │               │   ... +13                                            │ │ │
│ │ │               }                                                      │ │ │
│ │ │        self = <context_graph.api.middleware.RequestIDMiddleware      │ │ │
│ │ │               object at 0x1121ffd70>                                 │ │ │
│ │ │ send_stream = MemoryObjectSendStream(                                │ │ │
│ │ │               │   _state=_MemoryObjectStreamState(                   │ │ │
│ │ │               │   │   max_buffer_size=0,                             │ │ │
│ │ │               │   │   buffer=deque(),                                │ │ │
│ │ │               │   │   open_send_channels=0,                          │ │ │
│ │ │               │   │   open_receive_channels=0,                       │ │ │
│ │ │               │   │   waiting_receivers=OrderedDict(),               │ │ │
│ │ │               │   │   waiting_senders=OrderedDict()                  │ │ │
│ │ │               │   ),                                                 │ │ │
│ │ │               │   _closed=True                                       │ │ │
│ │ │               )                                                      │ │ │
│ │ ╰──────────────────────────────────────────────────────────────────────╯ │ │
│ │                                                                          │ │
│ │ /private/tmp/engram-ontology-review-venv/lib/python3.12/site-packages/st │ │
│ │ arlette/middleware/exceptions.py:63 in __call__                          │ │
│ │                                                                          │ │
│ │   60 │   │   else:                                                       │ │
│ │   61 │   │   │   conn = WebSocket(scope, receive, send)                  │ │
│ │   62 │   │                                                               │ │
│ │ ❱ 63 │   │   await wrap_app_handling_exceptions(self.app, conn)(scope, r │ │
│ │   64 │                                                                   │ │
│ │   65 │   async def http_exception(self, request: Request, exc: Exception │ │
│ │   66 │   │   assert isinstance(exc, HTTPException)                       │ │
│ │                                                                          │ │
│ │ ╭─────────────────────────────── locals ───────────────────────────────╮ │ │
│ │ │  conn = <starlette.requests.Request object at 0x112cb1670>           │ │ │
│ │ │ scope = {                                                            │ │ │
│ │ │         │   'type': 'http',                                          │ │ │
│ │ │         │   'asgi': {'version': '3.0'},                              │ │ │
│ │ │         │   'http_version': '1.1',                                   │ │ │
│ │ │         │   'method': 'POST',                                        │ │ │
│ │ │         │   'headers': [                                             │ │ │
│ │ │         │   │   (b'host', b'compat'),                                │ │ │
│ │ │         │   │   (b'accept', b'*/*'),                                 │ │ │
│ │ │         │   │   (b'accept-encoding', b'gzip, deflate'),              │ │ │
│ │ │         │   │   (b'connection', b'keep-alive'),                      │ │ │
│ │ │         │   │   (b'user-agent', b'python-httpx/0.28.1'),             │ │ │
│ │ │         │   │   (b'content-length', b'190'),                         │ │ │
│ │ │         │   │   (b'content-type', b'application/json')               │ │ │
│ │ │         │   ],                                                       │ │ │
│ │ │         │   'scheme': 'http',                                        │ │ │
│ │ │         │   'path': '/v1/feedback',                                  │ │ │
│ │ │         │   'raw_path': b'/v1/feedback',                             │ │ │
│ │ │         │   'query_string': b'',                                     │ │ │
│ │ │         │   'server': ('compat', None),                              │ │ │
│ │ │         │   ... +13                                                  │ │ │
│ │ │         }                                                            │ │ │
│ │ │  self = <starlette.middleware.exceptions.ExceptionMiddleware object  │ │ │
│ │ │         at 0x112c35280>                                              │ │ │
│ │ ╰──────────────────────────────────────────────────────────────────────╯ │ │
│ │                                                                          │ │
│ │ /private/tmp/engram-ontology-review-venv/lib/python3.12/site-packages/st │ │
│ │ arlette/_exception_handler.py:53 in wrapped_app                          │ │
│ │                                                                          │ │
│ │   50 │   │   │   │   handler = _lookup_exception_handler(exception_handl │ │
│ │   51 │   │   │                                                           │ │
│ │   52 │   │   │   if handler is None:                                     │ │
│ │ ❱ 53 │   │   │   │   raise exc                                           │ │
│ │   54 │   │   │                                                           │ │
│ │   55 │   │   │   if response_started:                                    │ │
│ │   56 │   │   │   │   raise RuntimeError("Caught handled exception, but r │ │
│ │      started.") from exc                                                 │ │
│ │                                                                          │ │
│ │ ╭─────────────────────────────── locals ───────────────────────────────╮ │ │
│ │ │                app = <fastapi.middleware.asyncexitstack.AsyncExitSt… │ │ │
│ │ │                      object at 0x112c34ef0>                          │ │ │
│ │ │               conn = <starlette.requests.Request object at           │ │ │
│ │ │                      0x112cb1670>                                    │ │ │
│ │ │ exception_handlers = {                                               │ │ │
│ │ │                      │   <class                                      │ │ │
│ │ │                      'starlette.exceptions.HTTPException'>:          │ │ │
│ │ │                      <function http_exception_handler at             │ │ │
│ │ │                      0x10a222ac0>,                                   │ │ │
│ │ │                      │   <class                                      │ │ │
│ │ │                      'starlette.exceptions.WebSocketException'>:     │ │ │
│ │ │                      <bound method                                   │ │ │
│ │ │                      ExceptionMiddleware.websocket_exception of      │ │ │
│ │ │                      <starlette.middleware.exceptions.ExceptionMidd… │ │ │
│ │ │                      object at 0x112c35280>>,                        │ │ │
│ │ │                      │   <class                                      │ │ │
│ │ │                      'fastapi.exceptions.RequestValidationError'>:   │ │ │
│ │ │                      <function request_validation_exception_handler  │ │ │
│ │ │                      at 0x10a41df80>,                                │ │ │
│ │ │                      │   <class                                      │ │ │
│ │ │                      'fastapi.exceptions.WebSocketRequestValidation… │ │ │
│ │ │                      <function                                       │ │ │
│ │ │                      websocket_request_validation_exception_handler  │ │ │
│ │ │                      at 0x10a41e020>,                                │ │ │
│ │ │                      │   <class                                      │ │ │
│ │ │                      'context_graph.domain.validation.ValidationErr… │ │ │
│ │ │                      <function _validation_error_handler at          │ │ │
│ │ │                      0x10a50eca0>                                    │ │ │
│ │ │                      }                                               │ │ │
│ │ │            handler = None                                            │ │ │
│ │ │   response_started = False                                           │ │ │
│ │ │              scope = {                                               │ │ │
│ │ │                      │   'type': 'http',                             │ │ │
│ │ │                      │   'asgi': {'version': '3.0'},                 │ │ │
│ │ │                      │   'http_version': '1.1',                      │ │ │
│ │ │                      │   'method': 'POST',                           │ │ │
│ │ │                      │   'headers': [                                │ │ │
│ │ │                      │   │   (b'host', b'compat'),                   │ │ │
│ │ │                      │   │   (b'accept', b'*/*'),                    │ │ │
│ │ │                      │   │   (                                       │ │ │
│ │ │                      │   │   │   b'accept-encoding',                 │ │ │
│ │ │                      │   │   │   b'gzip, deflate'                    │ │ │
│ │ │                      │   │   ),                                      │ │ │
│ │ │                      │   │   (b'connection', b'keep-alive'),         │ │ │
│ │ │                      │   │   (                                       │ │ │
│ │ │                      │   │   │   b'user-agent',                      │ │ │
│ │ │                      │   │   │   b'python-httpx/0.28.1'              │ │ │
│ │ │                      │   │   ),                                      │ │ │
│ │ │                      │   │   (b'content-length', b'190'),            │ │ │
│ │ │                      │   │   (                                       │ │ │
│ │ │                      │   │   │   b'content-type',                    │ │ │
│ │ │                      │   │   │   b'application/json'                 │ │ │
│ │ │                      │   │   )                                       │ │ │
│ │ │                      │   ],                                          │ │ │
│ │ │                      │   'scheme': 'http',                           │ │ │
│ │ │                      │   'path': '/v1/feedback',                     │ │ │
│ │ │                      │   'raw_path': b'/v1/feedback',                │ │ │
│ │ │                      │   'query_string': b'',                        │ │ │
│ │ │                      │   'server': ('compat', None),                 │ │ │
│ │ │                      │   ... +13                                     │ │ │
│ │ │                      }                                               │ │ │
│ │ │    status_handlers = {}                                              │ │ │
│ │ ╰──────────────────────────────────────────────────────────────────────╯ │ │
│ │                                                                          │ │
│ │ /private/tmp/engram-ontology-review-venv/lib/python3.12/site-packages/st │ │
│ │ arlette/_exception_handler.py:42 in wrapped_app                          │ │
│ │                                                                          │ │
│ │   39 │   │   │   await send(message)                                     │ │
│ │   40 │   │                                                               │ │
│ │   41 │   │   try:                                                        │ │
│ │ ❱ 42 │   │   │   await app(scope, receive, sender)                       │ │
│ │   43 │   │   except Exception as exc:                                    │ │
│ │   44 │   │   │   handler = None                                          │ │
│ │   45                                                                     │ │
│ │                                                                          │ │
│ │ ╭─────────────────────────────── locals ───────────────────────────────╮ │ │
│ │ │                app = <fastapi.middleware.asyncexitstack.AsyncExitSt… │ │ │
│ │ │                      object at 0x112c34ef0>                          │ │ │
│ │ │               conn = <starlette.requests.Request object at           │ │ │
│ │ │                      0x112cb1670>                                    │ │ │
│ │ │ exception_handlers = {                                               │ │ │
│ │ │                      │   <class                                      │ │ │
│ │ │                      'starlette.exceptions.HTTPException'>:          │ │ │
│ │ │                      <function http_exception_handler at             │ │ │
│ │ │                      0x10a222ac0>,                                   │ │ │
│ │ │                      │   <class                                      │ │ │
│ │ │                      'starlette.exceptions.WebSocketException'>:     │ │ │
│ │ │                      <bound method                                   │ │ │
│ │ │                      ExceptionMiddleware.websocket_exception of      │ │ │
│ │ │                      <starlette.middleware.exceptions.ExceptionMidd… │ │ │
│ │ │                      object at 0x112c35280>>,                        │ │ │
│ │ │                      │   <class                                      │ │ │
│ │ │                      'fastapi.exceptions.RequestValidationError'>:   │ │ │
│ │ │                      <function request_validation_exception_handler  │ │ │
│ │ │                      at 0x10a41df80>,                                │ │ │
│ │ │                      │   <class                                      │ │ │
│ │ │                      'fastapi.exceptions.WebSocketRequestValidation… │ │ │
│ │ │                      <function                                       │ │ │
│ │ │                      websocket_request_validation_exception_handler  │ │ │
│ │ │                      at 0x10a41e020>,                                │ │ │
│ │ │                      │   <class                                      │ │ │
│ │ │                      'context_graph.domain.validation.ValidationErr… │ │ │
│ │ │                      <function _validation_error_handler at          │ │ │
│ │ │                      0x10a50eca0>                                    │ │ │
│ │ │                      }                                               │ │ │
│ │ │            handler = None                                            │ │ │
│ │ │   response_started = False                                           │ │ │
│ │ │              scope = {                                               │ │ │
│ │ │                      │   'type': 'http',                             │ │ │
│ │ │                      │   'asgi': {'version': '3.0'},                 │ │ │
│ │ │                      │   'http_version': '1.1',                      │ │ │
│ │ │                      │   'method': 'POST',                           │ │ │
│ │ │                      │   'headers': [                                │ │ │
│ │ │                      │   │   (b'host', b'compat'),                   │ │ │
│ │ │                      │   │   (b'accept', b'*/*'),                    │ │ │
│ │ │                      │   │   (                                       │ │ │
│ │ │                      │   │   │   b'accept-encoding',                 │ │ │
│ │ │                      │   │   │   b'gzip, deflate'                    │ │ │
│ │ │                      │   │   ),                                      │ │ │
│ │ │                      │   │   (b'connection', b'keep-alive'),         │ │ │
│ │ │                      │   │   (                                       │ │ │
│ │ │                      │   │   │   b'user-agent',                      │ │ │
│ │ │                      │   │   │   b'python-httpx/0.28.1'              │ │ │
│ │ │                      │   │   ),                                      │ │ │
│ │ │                      │   │   (b'content-length', b'190'),            │ │ │
│ │ │                      │   │   (                                       │ │ │
│ │ │                      │   │   │   b'content-type',                    │ │ │
│ │ │                      │   │   │   b'application/json'                 │ │ │
│ │ │                      │   │   )                                       │ │ │
│ │ │                      │   ],                                          │ │ │
│ │ │                      │   'scheme': 'http',                           │ │ │
│ │ │                      │   'path': '/v1/feedback',                     │ │ │
│ │ │                      │   'raw_path': b'/v1/feedback',                │ │ │
│ │ │                      │   'query_string': b'',                        │ │ │
│ │ │                      │   'server': ('compat', None),                 │ │ │
│ │ │                      │   ... +13                                     │ │ │
│ │ │                      }                                               │ │ │
│ │ │    status_handlers = {}                                              │ │ │
│ │ ╰──────────────────────────────────────────────────────────────────────╯ │ │
│ │                                                                          │ │
│ │ /private/tmp/engram-ontology-review-venv/lib/python3.12/site-packages/fa │ │
│ │ stapi/middleware/asyncexitstack.py:18 in __call__                        │ │
│ │                                                                          │ │
│ │   15 │   async def __call__(self, scope: Scope, receive: Receive, send:  │ │
│ │   16 │   │   async with AsyncExitStack() as stack:                       │ │
│ │   17 │   │   │   scope[self.context_name] = stack                        │ │
│ │ ❱ 18 │   │   │   await self.app(scope, receive, send)                    │ │
│ │   19                                                                     │ │
│ │                                                                          │ │
│ │ ╭─────────────────────────────── locals ───────────────────────────────╮ │ │
│ │ │ scope = {                                                            │ │ │
│ │ │         │   'type': 'http',                                          │ │ │
│ │ │         │   'asgi': {'version': '3.0'},                              │ │ │
│ │ │         │   'http_version': '1.1',                                   │ │ │
│ │ │         │   'method': 'POST',                                        │ │ │
│ │ │         │   'headers': [                                             │ │ │
│ │ │         │   │   (b'host', b'compat'),                                │ │ │
│ │ │         │   │   (b'accept', b'*/*'),                                 │ │ │
│ │ │         │   │   (b'accept-encoding', b'gzip, deflate'),              │ │ │
│ │ │         │   │   (b'connection', b'keep-alive'),                      │ │ │
│ │ │         │   │   (b'user-agent', b'python-httpx/0.28.1'),             │ │ │
│ │ │         │   │   (b'content-length', b'190'),                         │ │ │
│ │ │         │   │   (b'content-type', b'application/json')               │ │ │
│ │ │         │   ],                                                       │ │ │
│ │ │         │   'scheme': 'http',                                        │ │ │
│ │ │         │   'path': '/v1/feedback',                                  │ │ │
│ │ │         │   'raw_path': b'/v1/feedback',                             │ │ │
│ │ │         │   'query_string': b'',                                     │ │ │
│ │ │         │   'server': ('compat', None),                              │ │ │
│ │ │         │   ... +13                                                  │ │ │
│ │ │         }                                                            │ │ │
│ │ │  self = <fastapi.middleware.asyncexitstack.AsyncExitStackMiddleware  │ │ │
│ │ │         object at 0x112c34ef0>                                       │ │ │
│ │ │ stack = <contextlib.AsyncExitStack object at 0x112cb0e90>            │ │ │
│ │ ╰──────────────────────────────────────────────────────────────────────╯ │ │
│ │                                                                          │ │
│ │ /private/tmp/engram-ontology-review-venv/lib/python3.12/site-packages/st │ │
│ │ arlette/routing.py:676 in __call__                                       │ │
│ │                                                                          │ │
│ │   673 │   │   """                                                        │ │
│ │   674 │   │   The main entry point to the Router class.                  │ │
│ │   675 │   │   """                                                        │ │
│ │ ❱ 676 │   │   await self.middleware_stack(scope, receive, send)          │ │
│ │   677 │                                                                  │ │
│ │   678 │   async def app(self, scope: Scope, receive: Receive, send: Send │ │
│ │   679 │   │   assert scope["type"] in ("http", "websocket", "lifespan")  │ │
│ │                                                                          │ │
│ │ ╭───────────────────────── locals ──────────────────────────╮            │ │
│ │ │ scope = {                                                 │            │ │
│ │ │         │   'type': 'http',                               │            │ │
│ │ │         │   'asgi': {'version': '3.0'},                   │            │ │
│ │ │         │   'http_version': '1.1',                        │            │ │
│ │ │         │   'method': 'POST',                             │            │ │
│ │ │         │   'headers': [                                  │            │ │
│ │ │         │   │   (b'host', b'compat'),                     │            │ │
│ │ │         │   │   (b'accept', b'*/*'),                      │            │ │
│ │ │         │   │   (b'accept-encoding', b'gzip, deflate'),   │            │ │
│ │ │         │   │   (b'connection', b'keep-alive'),           │            │ │
│ │ │         │   │   (b'user-agent', b'python-httpx/0.28.1'),  │            │ │
│ │ │         │   │   (b'content-length', b'190'),              │            │ │
│ │ │         │   │   (b'content-type', b'application/json')    │            │ │
│ │ │         │   ],                                            │            │ │
│ │ │         │   'scheme': 'http',                             │            │ │
│ │ │         │   'path': '/v1/feedback',                       │            │ │
│ │ │         │   'raw_path': b'/v1/feedback',                  │            │ │
│ │ │         │   'query_string': b'',                          │            │ │
│ │ │         │   'server': ('compat', None),                   │            │ │
│ │ │         │   ... +13                                       │            │ │
│ │ │         }                                                 │            │ │
│ │ │  self = <fastapi.routing.APIRouter object at 0x112168e90> │            │ │
│ │ ╰───────────────────────────────────────────────────────────╯            │ │
│ │                                                                          │ │
│ │ /private/tmp/engram-ontology-review-venv/lib/python3.12/site-packages/fa │ │
│ │ stapi/routing.py:2786 in app                                             │ │
│ │                                                                          │ │
│ │   2783 │   │   │   │   │   path=getattr(route, "path_format", None),     │ │
│ │   2784 │   │   │   │   │   mount=isinstance(route, routing.Mount),       │ │
│ │   2785 │   │   │   │   )                                                 │ │
│ │ ❱ 2786 │   │   │   │   await route.handle(scope, receive, send)          │ │
│ │   2787 │   │   │   │   return                                            │ │
│ │   2788 │   │   │   if match == Match.PARTIAL and partial is None:        │ │
│ │   2789 │   │   │   │   partial = (route, child_scope)                    │ │
│ │                                                                          │ │
│ │ ╭─────────────────────────────── locals ───────────────────────────────╮ │ │
│ │ │ child_scope = {}                                                     │ │ │
│ │ │       match = <Match.FULL: 2>                                        │ │ │
│ │ │     partial = None                                                   │ │ │
│ │ │       route = _IncludedRouter(                                       │ │ │
│ │ │               │   original_router=<fastapi.routing.APIRouter object  │ │ │
│ │ │               at 0x10a63e8d0>,                                       │ │ │
│ │ │               │   include_context=_RouterIncludeContext(             │ │ │
│ │ │               │   │   included_router=<fastapi.routing.APIRouter     │ │ │
│ │ │               object at 0x10a63e8d0>,                                │ │ │
│ │ │               │   │   prefix='/v1',                                  │ │ │
│ │ │               │   │   tags=[],                                       │ │ │
│ │ │               │   │   dependencies=[                                 │ │ │
│ │ │               │   │   │   Depends(                                   │ │ │
│ │ │               │   │   │   │   dependency=<function require_api_key   │ │ │
│ │ │               at 0x10a5009a0>,                                       │ │ │
│ │ │               │   │   │   │   use_cache=True,                        │ │ │
│ │ │               │   │   │   │   scope=None                             │ │ │
│ │ │               │   │   │   )                                          │ │ │
│ │ │               │   │   ],                                             │ │ │
│ │ │               │   │   default_response_class=<class                  │ │ │
│ │ │               'fastapi.responses.ORJSONResponse'>,                   │ │ │
│ │ │               │   │   responses={},                                  │ │ │
│ │ │               │   │   callbacks=[],                                  │ │ │
│ │ │               │   │   deprecated=None,                               │ │ │
│ │ │               │   │   include_in_schema=True,                        │ │ │
│ │ │               │   │                                                  │ │ │
│ │ │               generate_unique_id_function=<fastapi.datastructures.D… │ │ │
│ │ │               object at 0x10a265b50>,                                │ │ │
│ │ │               │   │   strict_content_type=True,                      │ │ │
│ │ │               │   │                                                  │ │ │
│ │ │               dependency_overrides_provider=<fastapi.applications.F… │ │ │
│ │ │               object at 0x1096cfc80>                                 │ │ │
│ │ │               │   ),                                                 │ │ │
│ │ │               │   _effective_candidates=[                            │ │ │
│ │ │               │   │   _EffectiveRouteContext(                        │ │ │
│ │ │               │   │   │   original_route=APIRoute(path='/feedback',  │ │ │
│ │ │               name='submit_feedback', methods=['POST']),             │ │ │
│ │ │               │   │   │   starlette_route=None,                      │ │ │
│ │ │               │   │   │   frontend_prefix='',                        │ │ │
│ │ │               │   │   │   path='/v1/feedback',                       │ │ │
│ │ │               │   │   │   endpoint=<function submit_feedback at      │ │ │
│ │ │               0x10aac0860>,                                          │ │ │
│ │ │               │   │   │   stream_item_type=None,                     │ │ │
│ │ │               │   │   │   response_model=None,                       │ │ │
│ │ │               │   │   │   summary=None,                              │ │ │
│ │ │               │   │   │   response_description='Successful           │ │ │
│ │ │               Response',                                             │ │ │
│ │ │               │   │   │   deprecated=None,                           │ │ │
│ │ │               │   │   │   operation_id=None,                         │ │ │
│ │ │               │   │   │   response_model_include=None,               │ │ │
│ │ │               │   │   │   response_model_exclude=None,               │ │ │
│ │ │               │   │   │   response_model_by_alias=True,              │ │ │
│ │ │               │   │   │   response_model_exclude_unset=False,        │ │ │
│ │ │               │   │   │   response_model_exclude_defaults=False,     │ │ │
│ │ │               │   │   │   response_model_exclude_none=False,         │ │ │
│ │ │               │   │   │   include_in_schema=True,                    │ │ │
│ │ │               │   │   │   response_class=<class                      │ │ │
│ │ │               'fastapi.responses.ORJSONResponse'>,                   │ │ │
│ │ │               │   │   │                                              │ │ │
│ │ │               dependency_overrides_provider=<fastapi.applications.F… │ │ │
│ │ │               object at 0x1096cfc80>,                                │ │ │
│ │ │               │   │   │   callbacks=[],                              │ │ │
│ │ │               │   │   │   openapi_extra=None,                        │ │ │
│ │ │               │   │   │                                              │ │ │
│ │ │               generate_unique_id_function=<fastapi.datastructures.D… │ │ │
│ │ │               object at 0x10a11f470>,                                │ │ │
│ │ │               │   │   │   strict_content_type=True,                  │ │ │
│ │ │               │   │   │   tags=['feedback'],                         │ │ │
│ │ │               │   │   │   responses={},                              │ │ │
│ │ │               │   │   │   name='submit_feedback',                    │ │ │
│ │ │               │   │   │   path_regex=re.compile('^/v1/feedback$'),   │ │ │
│ │ │               │   │   │   path_format='/v1/feedback',                │ │ │
│ │ │               │   │   │   param_convertors={},                       │ │ │
│ │ │               │   │   │   methods={'POST'},                          │ │ │
│ │ │               │   │   │                                              │ │ │
│ │ │               unique_id='submit_feedback_v1_feedback_post',          │ │ │
│ │ │               │   │   │   status_code=None,                          │ │ │
│ │ │               │   │   │   response_field=None,                       │ │ │
│ │ │               │   │   │   stream_item_field=None,                    │ │ │
│ │ │               │   │   │   dependencies=[                             │ │ │
│ │ │               │   │   │   │   Depends(                               │ │ │
│ │ │               │   │   │   │   │   dependency=<function               │ │ │
│ │ │               require_api_key at 0x10a5009a0>,                       │ │ │
│ │ │               │   │   │   │   │   use_cache=True,                    │ │ │
│ │ │               │   │   │   │   │   scope=None                         │ │ │
│ │ │               │   │   │   │   )                                      │ │ │
│ │ │               │   │   │   ],                                         │ │ │
│ │ │               │   │   │   description='Submit retrieval feedback to  │ │ │
│ │ │               adjust node importance scores.\n\nBumps importance     │ │ │
│ │ │               on'+116,                                               │ │ │
│ │ │               │   │   │   response_fields={},                        │ │ │
│ │ │               │   │   │   dependant=Dependant(                       │ │ │
│ │ │               │   │   │   │   path_params=[],                        │ │ │
│ │ │               │   │   │   │   query_params=[],                       │ │ │
│ │ │               │   │   │   │   header_params=[],                      │ │ │
│ │ │               │   │   │   │   cookie_params=[],                      │ │ │
│ │ │               │   │   │   │   body_params=[                          │ │ │
│ │ │               │   │   │   │   │   ModelField(                        │ │ │
│ │ │               │   │   │   │   │   │   field_info=Body(               │ │ │
│ │ │               │   │   │   │   │   │   │                              │ │ │
│ │ │               annotation=RetrievalFeedback,                          │ │ │
│ │ │               │   │   │   │   │   │   │   required=True,             │ │ │
│ │ │               │   │   │   │   │   │   │   alias='feedback',          │ │ │
│ │ │               │   │   │   │   │   │   │   json_schema_extra={}       │ │ │
│ │ │               │   │   │   │   │   │   ),                             │ │ │
│ │ │               │   │   │   │   │   │   name='feedback',               │ │ │
│ │ │               │   │   │   │   │   │   mode='validation',             │ │ │
│ │ │               │   │   │   │   │   │   config=None                    │ │ │
│ │ │               │   │   │   │   │   )                                  │ │ │
│ │ │               │   │   │   │   ],                                     │ │ │
│ │ │               │   │   │   │   dependencies=[                         │ │ │
│ │ │               │   │   │   │   │   Dependant(                         │ │ │
│ │ │               │   │   │   │   │   │   path_params=[],                │ │ │
│ │ │               │   │   │   │   │   │   query_params=[],               │ │ │
│ │ │               │   │   │   │   │   │   header_params=[],              │ │ │
│ │ │               │   │   │   │   │   │   cookie_params=[],              │ │ │
│ │ │               │   │   │   │   │   │   body_params=[],                │ │ │
│ │ │               │   │   │   │   │   │   dependencies=[],               │ │ │
│ │ │               │   │   │   │   │   │   name=None,                     │ │ │
│ │ │               │   │   │   │   │   │   call=<function require_api_key │ │ │
│ │ │               at 0x10a5009a0>,                                       │ │ │
│ │ │               │   │   │   │   │   │   request_param_name='request',  │ │ │
│ │ │               │   │   │   │   │   │   websocket_param_name=None,     │ │ │
│ │ │               │   │   │   │   │   │                                  │ │ │
│ │ │               http_connection_param_name=None,                       │ │ │
│ │ │               │   │   │   │   │   │   response_param_name=None,      │ │ │
│ │ │               │   │   │   │   │   │                                  │ │ │
│ │ │               background_tasks_param_name=None,                      │ │ │
│ │ │               │   │   │   │   │   │                                  │ │ │
│ │ │               security_scopes_param_name=None,                       │ │ │
│ │ │               │   │   │   │   │   │   own_oauth_scopes=[],           │ │ │
│ │ │               │   │   │   │   │   │   parent_oauth_scopes=None,      │ │ │
│ │ │               │   │   │   │   │   │   use_cache=True,                │ │ │
│ │ │               │   │   │   │   │   │   path='/v1/feedback',           │ │ │
│ │ │               │   │   │   │   │   │   scope=None                     │ │ │
│ │ │               │   │   │   │   │   ),                                 │ │ │
│ │ │               │   │   │   │   │   Dependant(                         │ │ │
│ │ │               │   │   │   │   │   │   path_params=[],                │ │ │
│ │ │               │   │   │   │   │   │   query_params=[],               │ │ │
│ │ │               │   │   │   │   │   │   header_params=[],              │ │ │
│ │ │               │   │   │   │   │   │   cookie_params=[],              │ │ │
│ │ │               │   │   │   │   │   │   body_params=[],                │ │ │
│ │ │               │   │   │   │   │   │   dependencies=[],               │ │ │
│ │ │               │   │   │   │   │   │   name='event_store',            │ │ │
│ │ │               │   │   │   │   │   │   call=<function get_event_store │ │ │
│ │ │               at 0x10a50fe20>,                                       │ │ │
│ │ │               │   │   │   │   │   │   request_param_name='request',  │ │ │
│ │ │               │   │   │   │   │   │   websocket_param_name=None,     │ │ │
│ │ │               │   │   │   │   │   │                                  │ │ │
│ │ │               http_connection_param_name=None,                       │ │ │
│ │ │               │   │   │   │   │   │   response_param_name=None,      │ │ │
│ │ │               │   │   │   │   │   │                                  │ │ │
│ │ │               background_tasks_param_name=None,                      │ │ │
│ │ │               │   │   │   │   │   │                                  │ │ │
│ │ │               security_scopes_param_name=None,                       │ │ │
│ │ │               │   │   │   │   │   │   own_oauth_scopes=[],           │ │ │
│ │ │               │   │   │   │   │   │   parent_oauth_scopes=[],        │ │ │
│ │ │               │   │   │   │   │   │   use_cache=True,                │ │ │
│ │ │               │   │   │   │   │   │   path='/v1/feedback',           │ │ │
│ │ │               │   │   │   │   │   │   scope=None                     │ │ │
│ │ │               │   │   │   │   │   ),                                 │ │ │
│ │ │               │   │   │   │   │   Dependant(                         │ │ │
│ │ │               │   │   │   │   │   │   path_params=[],                │ │ │
│ │ │               │   │   │   │   │   │   query_params=[],               │ │ │
│ │ │               │   │   │   │   │   │   header_params=[],              │ │ │
│ │ │               │   │   │   │   │   │   cookie_params=[],              │ │ │
│ │ │               │   │   │   │   │   │   body_params=[],                │ │ │
│ │ │               │   │   │   │   │   │   dependencies=[],               │ │ │
│ │ │               │   │   │   │   │   │   name='graph_store',            │ │ │
│ │ │               │   │   │   │   │   │   call=<function get_graph_store │ │ │
│ │ │               at 0x10a500220>,                                       │ │ │
│ │ │               │   │   │   │   │   │   request_param_name='request',  │ │ │
│ │ │               │   │   │   │   │   │   websocket_param_name=None,     │ │ │
│ │ │               │   │   │   │   │   │                                  │ │ │
│ │ │               http_connection_param_name=None,                       │ │ │
│ │ │               │   │   │   │   │   │   response_param_name=None,      │ │ │
│ │ │               │   │   │   │   │   │                                  │ │ │
│ │ │               background_tasks_param_name=None,                      │ │ │
│ │ │               │   │   │   │   │   │                                  │ │ │
│ │ │               security_scopes_param_name=None,                       │ │ │
│ │ │               │   │   │   │   │   │   own_oauth_scopes=[],           │ │ │
│ │ │               │   │   │   │   │   │   parent_oauth_scopes=[],        │ │ │
│ │ │               │   │   │   │   │   │   use_cache=True,                │ │ │
│ │ │               │   │   │   │   │   │   path='/v1/feedback',           │ │ │
│ │ │               │   │   │   │   │   │   scope=None                     │ │ │
│ │ │               │   │   │   │   │   )                                  │ │ │
│ │ │               │   │   │   │   ],                                     │ │ │
│ │ │               │   │   │   │   name=None,                             │ │ │
│ │ │               │   │   │   │   call=<function submit_feedback at      │ │ │
│ │ │               0x10aac0860>,                                          │ │ │
│ │ │               │   │   │   │   request_param_name=None,               │ │ │
│ │ │               │   │   │   │   websocket_param_name=None,             │ │ │
│ │ │               │   │   │   │   http_connection_param_name=None,       │ │ │
│ │ │               │   │   │   │   response_param_name=None,              │ │ │
│ │ │               │   │   │   │   background_tasks_param_name=None,      │ │ │
│ │ │               │   │   │   │   security_scopes_param_name=None,       │ │ │
│ │ │               │   │   │   │   own_oauth_scopes=None,                 │ │ │
│ │ │               │   │   │   │   parent_oauth_scopes=None,              │ │ │
│ │ │               │   │   │   │   use_cache=True,                        │ │ │
│ │ │               │   │   │   │   path='/v1/feedback',                   │ │ │
│ │ │               │   │   │   │   scope='function'                       │ │ │
│ │ │               │   │   │   ),                                         │ │ │
│ │ │               │   │   │   _embed_body_fields=False,                  │ │ │
│ │ │               │   │   │   body_field=ModelField(                     │ │ │
│ │ │               │   │   │   │   field_info=Body(                       │ │ │
│ │ │               │   │   │   │   │   annotation=RetrievalFeedback,      │ │ │
│ │ │               │   │   │   │   │   required=True,                     │ │ │
│ │ │               │   │   │   │   │   alias='feedback',                  │ │ │
│ │ │               │   │   │   │   │   json_schema_extra={}               │ │ │
│ │ │               │   │   │   │   ),                                     │ │ │
│ │ │               │   │   │   │   name='feedback',                       │ │ │
│ │ │               │   │   │   │   mode='validation',                     │ │ │
│ │ │               │   │   │   │   config=None                            │ │ │
│ │ │               │   │   │   ),                                         │ │ │
│ │ │               │   │   │   is_sse_stream=False,                       │ │ │
│ │ │               │   │   │   is_json_stream=False                       │ │ │
│ │ │               │   │   )                                              │ │ │
│ │ │               │   ],                                                 │ │ │
│ │ │               │   _effective_candidates_version=1,                   │ │ │
│ │ │               │   _effective_low_priority_routes=[],                 │ │ │
│ │ │               │   _effective_low_priority_routes_version=None        │ │ │
│ │ │               )                                                      │ │ │
│ │ │       scope = {                                                      │ │ │
│ │ │               │   'type': 'http',                                    │ │ │
│ │ │               │   'asgi': {'version': '3.0'},                        │ │ │
│ │ │               │   'http_version': '1.1',                             │ │ │
│ │ │               │   'method': 'POST',                                  │ │ │
│ │ │               │   'headers': [                                       │ │ │
│ │ │               │   │   (b'host', b'compat'),                          │ │ │
│ │ │               │   │   (b'accept', b'*/*'),                           │ │ │
│ │ │               │   │   (b'accept-encoding', b'gzip, deflate'),        │ │ │
│ │ │               │   │   (b'connection', b'keep-alive'),                │ │ │
│ │ │               │   │   (b'user-agent', b'python-httpx/0.28.1'),       │ │ │
│ │ │               │   │   (b'content-length', b'190'),                   │ │ │
│ │ │               │   │   (b'content-type', b'application/json')         │ │ │
│ │ │               │   ],                                                 │ │ │
│ │ │               │   'scheme': 'http',                                  │ │ │
│ │ │               │   'path': '/v1/feedback',                            │ │ │
│ │ │               │   'raw_path': b'/v1/feedback',                       │ │ │
│ │ │               │   'query_string': b'',                               │ │ │
│ │ │               │   'server': ('compat', None),                        │ │ │
│ │ │               │   ... +13                                            │ │ │
│ │ │               }                                                      │ │ │
│ │ │        self = <fastapi.routing.APIRouter object at 0x112168e90>      │ │ │
│ │ ╰──────────────────────────────────────────────────────────────────────╯ │ │
│ │                                                                          │ │
│ │ /private/tmp/engram-ontology-review-venv/lib/python3.12/site-packages/fa │ │
│ │ stapi/routing.py:1817 in handle                                          │ │
│ │                                                                          │ │
│ │   1814 │                                                                 │ │
│ │   1815 │   async def handle(self, scope: Scope, receive: Receive, send:  │ │
│ │   1816 │   │   _get_fastapi_scope(scope)[_FASTAPI_INCLUDED_ROUTER_KEY] = │ │
│ │ ❱ 1817 │   │   await self.original_router.handle(scope, receive, send)   │ │
│ │   1818 │                                                                 │ │
│ │   1819 │   async def _handle_selected(                                   │ │
│ │   1820 │   │   self, scope: Scope, receive: Receive, send: Send          │ │
│ │                                                                          │ │
│ │ ╭─────────────────────────────── locals ───────────────────────────────╮ │ │
│ │ │ scope = {                                                            │ │ │
│ │ │         │   'type': 'http',                                          │ │ │
│ │ │         │   'asgi': {'version': '3.0'},                              │ │ │
│ │ │         │   'http_version': '1.1',                                   │ │ │
│ │ │         │   'method': 'POST',                                        │ │ │
│ │ │         │   'headers': [                                             │ │ │
│ │ │         │   │   (b'host', b'compat'),                                │ │ │
│ │ │         │   │   (b'accept', b'*/*'),                                 │ │ │
│ │ │         │   │   (b'accept-encoding', b'gzip, deflate'),              │ │ │
│ │ │         │   │   (b'connection', b'keep-alive'),                      │ │ │
│ │ │         │   │   (b'user-agent', b'python-httpx/0.28.1'),             │ │ │
│ │ │         │   │   (b'content-length', b'190'),                         │ │ │
│ │ │         │   │   (b'content-type', b'application/json')               │ │ │
│ │ │         │   ],                                                       │ │ │
│ │ │         │   'scheme': 'http',                                        │ │ │
│ │ │         │   'path': '/v1/feedback',                                  │ │ │
│ │ │         │   'raw_path': b'/v1/feedback',                             │ │ │
│ │ │         │   'query_string': b'',                                     │ │ │
│ │ │         │   'server': ('compat', None),                              │ │ │
│ │ │         │   ... +13                                                  │ │ │
│ │ │         }                                                            │ │ │
│ │ │  self = _IncludedRouter(                                             │ │ │
│ │ │         │   original_router=<fastapi.routing.APIRouter object at     │ │ │
│ │ │         0x10a63e8d0>,                                                │ │ │
│ │ │         │   include_context=_RouterIncludeContext(                   │ │ │
│ │ │         │   │   included_router=<fastapi.routing.APIRouter object at │ │ │
│ │ │         0x10a63e8d0>,                                                │ │ │
│ │ │         │   │   prefix='/v1',                                        │ │ │
│ │ │         │   │   tags=[],                                             │ │ │
│ │ │         │   │   dependencies=[                                       │ │ │
│ │ │         │   │   │   Depends(                                         │ │ │
│ │ │         │   │   │   │   dependency=<function require_api_key at      │ │ │
│ │ │         0x10a5009a0>,                                                │ │ │
│ │ │         │   │   │   │   use_cache=True,                              │ │ │
│ │ │         │   │   │   │   scope=None                                   │ │ │
│ │ │         │   │   │   )                                                │ │ │
│ │ │         │   │   ],                                                   │ │ │
│ │ │         │   │   default_response_class=<class                        │ │ │
│ │ │         'fastapi.responses.ORJSONResponse'>,                         │ │ │
│ │ │         │   │   responses={},                                        │ │ │
│ │ │         │   │   callbacks=[],                                        │ │ │
│ │ │         │   │   deprecated=None,                                     │ │ │
│ │ │         │   │   include_in_schema=True,                              │ │ │
│ │ │         │   │                                                        │ │ │
│ │ │         generate_unique_id_function=<fastapi.datastructures.Default… │ │ │
│ │ │         object at 0x10a265b50>,                                      │ │ │
│ │ │         │   │   strict_content_type=True,                            │ │ │
│ │ │         │   │                                                        │ │ │
│ │ │         dependency_overrides_provider=<fastapi.applications.FastAPI  │ │ │
│ │ │         object at 0x1096cfc80>                                       │ │ │
│ │ │         │   ),                                                       │ │ │
│ │ │         │   _effective_candidates=[                                  │ │ │
│ │ │         │   │   _EffectiveRouteContext(                              │ │ │
│ │ │         │   │   │   original_route=APIRoute(path='/feedback',        │ │ │
│ │ │         name='submit_feedback', methods=['POST']),                   │ │ │
│ │ │         │   │   │   starlette_route=None,                            │ │ │
│ │ │         │   │   │   frontend_prefix='',                              │ │ │
│ │ │         │   │   │   path='/v1/feedback',                             │ │ │
│ │ │         │   │   │   endpoint=<function submit_feedback at            │ │ │
│ │ │         0x10aac0860>,                                                │ │ │
│ │ │         │   │   │   stream_item_type=None,                           │ │ │
│ │ │         │   │   │   response_model=None,                             │ │ │
│ │ │         │   │   │   summary=None,                                    │ │ │
│ │ │         │   │   │   response_description='Successful Response',      │ │ │
│ │ │         │   │   │   deprecated=None,                                 │ │ │
│ │ │         │   │   │   operation_id=None,                               │ │ │
│ │ │         │   │   │   response_model_include=None,                     │ │ │
│ │ │         │   │   │   response_model_exclude=None,                     │ │ │
│ │ │         │   │   │   response_model_by_alias=True,                    │ │ │
│ │ │         │   │   │   response_model_exclude_unset=False,              │ │ │
│ │ │         │   │   │   response_model_exclude_defaults=False,           │ │ │
│ │ │         │   │   │   response_model_exclude_none=False,               │ │ │
│ │ │         │   │   │   include_in_schema=True,                          │ │ │
│ │ │         │   │   │   response_class=<class                            │ │ │
│ │ │         'fastapi.responses.ORJSONResponse'>,                         │ │ │
│ │ │         │   │   │                                                    │ │ │
│ │ │         dependency_overrides_provider=<fastapi.applications.FastAPI  │ │ │
│ │ │         object at 0x1096cfc80>,                                      │ │ │
│ │ │         │   │   │   callbacks=[],                                    │ │ │
│ │ │         │   │   │   openapi_extra=None,                              │ │ │
│ │ │         │   │   │                                                    │ │ │
│ │ │         generate_unique_id_function=<fastapi.datastructures.Default… │ │ │
│ │ │         object at 0x10a11f470>,                                      │ │ │
│ │ │         │   │   │   strict_content_type=True,                        │ │ │
│ │ │         │   │   │   tags=['feedback'],                               │ │ │
│ │ │         │   │   │   responses={},                                    │ │ │
│ │ │         │   │   │   name='submit_feedback',                          │ │ │
│ │ │         │   │   │   path_regex=re.compile('^/v1/feedback$'),         │ │ │
│ │ │         │   │   │   path_format='/v1/feedback',                      │ │ │
│ │ │         │   │   │   param_convertors={},                             │ │ │
│ │ │         │   │   │   methods={'POST'},                                │ │ │
│ │ │         │   │   │   unique_id='submit_feedback_v1_feedback_post',    │ │ │
│ │ │         │   │   │   status_code=None,                                │ │ │
│ │ │         │   │   │   response_field=None,                             │ │ │
│ │ │         │   │   │   stream_item_field=None,                          │ │ │
│ │ │         │   │   │   dependencies=[                                   │ │ │
│ │ │         │   │   │   │   Depends(                                     │ │ │
│ │ │         │   │   │   │   │   dependency=<function require_api_key at  │ │ │
│ │ │         0x10a5009a0>,                                                │ │ │
│ │ │         │   │   │   │   │   use_cache=True,                          │ │ │
│ │ │         │   │   │   │   │   scope=None                               │ │ │
│ │ │         │   │   │   │   )                                            │ │ │
│ │ │         │   │   │   ],                                               │ │ │
│ │ │         │   │   │   description='Submit retrieval feedback to adjust │ │ │
│ │ │         node importance scores.\n\nBumps importance on'+116,         │ │ │
│ │ │         │   │   │   response_fields={},                              │ │ │
│ │ │         │   │   │   dependant=Dependant(                             │ │ │
│ │ │         │   │   │   │   path_params=[],                              │ │ │
│ │ │         │   │   │   │   query_params=[],                             │ │ │
│ │ │         │   │   │   │   header_params=[],                            │ │ │
│ │ │         │   │   │   │   cookie_params=[],                            │ │ │
│ │ │         │   │   │   │   body_params=[                                │ │ │
│ │ │         │   │   │   │   │   ModelField(                              │ │ │
│ │ │         │   │   │   │   │   │   field_info=Body(                     │ │ │
│ │ │         │   │   │   │   │   │   │   annotation=RetrievalFeedback,    │ │ │
│ │ │         │   │   │   │   │   │   │   required=True,                   │ │ │
│ │ │         │   │   │   │   │   │   │   alias='feedback',                │ │ │
│ │ │         │   │   │   │   │   │   │   json_schema_extra={}             │ │ │
│ │ │         │   │   │   │   │   │   ),                                   │ │ │
│ │ │         │   │   │   │   │   │   name='feedback',                     │ │ │
│ │ │         │   │   │   │   │   │   mode='validation',                   │ │ │
│ │ │         │   │   │   │   │   │   config=None                          │ │ │
│ │ │         │   │   │   │   │   )                                        │ │ │
│ │ │         │   │   │   │   ],                                           │ │ │
│ │ │         │   │   │   │   dependencies=[                               │ │ │
│ │ │         │   │   │   │   │   Dependant(                               │ │ │
│ │ │         │   │   │   │   │   │   path_params=[],                      │ │ │
│ │ │         │   │   │   │   │   │   query_params=[],                     │ │ │
│ │ │         │   │   │   │   │   │   header_params=[],                    │ │ │
│ │ │         │   │   │   │   │   │   cookie_params=[],                    │ │ │
│ │ │         │   │   │   │   │   │   body_params=[],                      │ │ │
│ │ │         │   │   │   │   │   │   dependencies=[],                     │ │ │
│ │ │         │   │   │   │   │   │   name=None,                           │ │ │
│ │ │         │   │   │   │   │   │   call=<function require_api_key at    │ │ │
│ │ │         0x10a5009a0>,                                                │ │ │
│ │ │         │   │   │   │   │   │   request_param_name='request',        │ │ │
│ │ │         │   │   │   │   │   │   websocket_param_name=None,           │ │ │
│ │ │         │   │   │   │   │   │   http_connection_param_name=None,     │ │ │
│ │ │         │   │   │   │   │   │   response_param_name=None,            │ │ │
│ │ │         │   │   │   │   │   │   background_tasks_param_name=None,    │ │ │
│ │ │         │   │   │   │   │   │   security_scopes_param_name=None,     │ │ │
│ │ │         │   │   │   │   │   │   own_oauth_scopes=[],                 │ │ │
│ │ │         │   │   │   │   │   │   parent_oauth_scopes=None,            │ │ │
│ │ │         │   │   │   │   │   │   use_cache=True,                      │ │ │
│ │ │         │   │   │   │   │   │   path='/v1/feedback',                 │ │ │
│ │ │         │   │   │   │   │   │   scope=None                           │ │ │
│ │ │         │   │   │   │   │   ),                                       │ │ │
│ │ │         │   │   │   │   │   Dependant(                               │ │ │
│ │ │         │   │   │   │   │   │   path_params=[],                      │ │ │
│ │ │         │   │   │   │   │   │   query_params=[],                     │ │ │
│ │ │         │   │   │   │   │   │   header_params=[],                    │ │ │
│ │ │         │   │   │   │   │   │   cookie_params=[],                    │ │ │
│ │ │         │   │   │   │   │   │   body_params=[],                      │ │ │
│ │ │         │   │   │   │   │   │   dependencies=[],                     │ │ │
│ │ │         │   │   │   │   │   │   name='event_store',                  │ │ │
│ │ │         │   │   │   │   │   │   call=<function get_event_store at    │ │ │
│ │ │         0x10a50fe20>,                                                │ │ │
│ │ │         │   │   │   │   │   │   request_param_name='request',        │ │ │
│ │ │         │   │   │   │   │   │   websocket_param_name=None,           │ │ │
│ │ │         │   │   │   │   │   │   http_connection_param_name=None,     │ │ │
│ │ │         │   │   │   │   │   │   response_param_name=None,            │ │ │
│ │ │         │   │   │   │   │   │   background_tasks_param_name=None,    │ │ │
│ │ │         │   │   │   │   │   │   security_scopes_param_name=None,     │ │ │
│ │ │         │   │   │   │   │   │   own_oauth_scopes=[],                 │ │ │
│ │ │         │   │   │   │   │   │   parent_oauth_scopes=[],              │ │ │
│ │ │         │   │   │   │   │   │   use_cache=True,                      │ │ │
│ │ │         │   │   │   │   │   │   path='/v1/feedback',                 │ │ │
│ │ │         │   │   │   │   │   │   scope=None                           │ │ │
│ │ │         │   │   │   │   │   ),                                       │ │ │
│ │ │         │   │   │   │   │   Dependant(                               │ │ │
│ │ │         │   │   │   │   │   │   path_params=[],                      │ │ │
│ │ │         │   │   │   │   │   │   query_params=[],                     │ │ │
│ │ │         │   │   │   │   │   │   header_params=[],                    │ │ │
│ │ │         │   │   │   │   │   │   cookie_params=[],                    │ │ │
│ │ │         │   │   │   │   │   │   body_params=[],                      │ │ │
│ │ │         │   │   │   │   │   │   dependencies=[],                     │ │ │
│ │ │         │   │   │   │   │   │   name='graph_store',                  │ │ │
│ │ │         │   │   │   │   │   │   call=<function get_graph_store at    │ │ │
│ │ │         0x10a500220>,                                                │ │ │
│ │ │         │   │   │   │   │   │   request_param_name='request',        │ │ │
│ │ │         │   │   │   │   │   │   websocket_param_name=None,           │ │ │
│ │ │         │   │   │   │   │   │   http_connection_param_name=None,     │ │ │
│ │ │         │   │   │   │   │   │   response_param_name=None,            │ │ │
│ │ │         │   │   │   │   │   │   background_tasks_param_name=None,    │ │ │
│ │ │         │   │   │   │   │   │   security_scopes_param_name=None,     │ │ │
│ │ │         │   │   │   │   │   │   own_oauth_scopes=[],                 │ │ │
│ │ │         │   │   │   │   │   │   parent_oauth_scopes=[],              │ │ │
│ │ │         │   │   │   │   │   │   use_cache=True,                      │ │ │
│ │ │         │   │   │   │   │   │   path='/v1/feedback',                 │ │ │
│ │ │         │   │   │   │   │   │   scope=None                           │ │ │
│ │ │         │   │   │   │   │   )                                        │ │ │
│ │ │         │   │   │   │   ],                                           │ │ │
│ │ │         │   │   │   │   name=None,                                   │ │ │
│ │ │         │   │   │   │   call=<function submit_feedback at            │ │ │
│ │ │         0x10aac0860>,                                                │ │ │
│ │ │         │   │   │   │   request_param_name=None,                     │ │ │
│ │ │         │   │   │   │   websocket_param_name=None,                   │ │ │
│ │ │         │   │   │   │   http_connection_param_name=None,             │ │ │
│ │ │         │   │   │   │   response_param_name=None,                    │ │ │
│ │ │         │   │   │   │   background_tasks_param_name=None,            │ │ │
│ │ │         │   │   │   │   security_scopes_param_name=None,             │ │ │
│ │ │         │   │   │   │   own_oauth_scopes=None,                       │ │ │
│ │ │         │   │   │   │   parent_oauth_scopes=None,                    │ │ │
│ │ │         │   │   │   │   use_cache=True,                              │ │ │
│ │ │         │   │   │   │   path='/v1/feedback',                         │ │ │
│ │ │         │   │   │   │   scope='function'                             │ │ │
│ │ │         │   │   │   ),                                               │ │ │
│ │ │         │   │   │   _embed_body_fields=False,                        │ │ │
│ │ │         │   │   │   body_field=ModelField(                           │ │ │
│ │ │         │   │   │   │   field_info=Body(                             │ │ │
│ │ │         │   │   │   │   │   annotation=RetrievalFeedback,            │ │ │
│ │ │         │   │   │   │   │   required=True,                           │ │ │
│ │ │         │   │   │   │   │   alias='feedback',                        │ │ │
│ │ │         │   │   │   │   │   json_schema_extra={}                     │ │ │
│ │ │         │   │   │   │   ),                                           │ │ │
│ │ │         │   │   │   │   name='feedback',                             │ │ │
│ │ │         │   │   │   │   mode='validation',                           │ │ │
│ │ │         │   │   │   │   config=None                                  │ │ │
│ │ │         │   │   │   ),                                               │ │ │
│ │ │         │   │   │   is_sse_stream=False,                             │ │ │
│ │ │         │   │   │   is_json_stream=False                             │ │ │
│ │ │         │   │   )                                                    │ │ │
│ │ │         │   ],                                                       │ │ │
│ │ │         │   _effective_candidates_version=1,                         │ │ │
│ │ │         │   _effective_low_priority_routes=[],                       │ │ │
│ │ │         │   _effective_low_priority_routes_version=None              │ │ │
│ │ │         )                                                            │ │ │
│ │ ╰──────────────────────────────────────────────────────────────────────╯ │ │
│ │                                                                          │ │
│ │ /private/tmp/engram-ontology-review-venv/lib/python3.12/site-packages/fa │ │
│ │ stapi/routing.py:2869 in handle                                          │ │
│ │                                                                          │ │
│ │   2866 │   │   │   isinstance(included_router, _IncludedRouter)          │ │
│ │   2867 │   │   │   and included_router.original_router is self           │ │
│ │   2868 │   │   ):                                                        │ │
│ │ ❱ 2869 │   │   │   await included_router._handle_selected(scope, receive │ │
│ │   2870 │   │   │   return                                                │ │
│ │   2871 │   │   await self.app(scope, receive, send)                      │ │
│ │   2872                                                                   │ │
│ │                                                                          │ │
│ │ ╭─────────────────────────────── locals ───────────────────────────────╮ │ │
│ │ │ included_router = _IncludedRouter(                                   │ │ │
│ │ │                   │   original_router=<fastapi.routing.APIRouter     │ │ │
│ │ │                   object at 0x10a63e8d0>,                            │ │ │
│ │ │                   │   include_context=_RouterIncludeContext(         │ │ │
│ │ │                   │   │   included_router=<fastapi.routing.APIRouter │ │ │
│ │ │                   object at 0x10a63e8d0>,                            │ │ │
│ │ │                   │   │   prefix='/v1',                              │ │ │
│ │ │                   │   │   tags=[],                                   │ │ │
│ │ │                   │   │   dependencies=[                             │ │ │
│ │ │                   │   │   │   Depends(                               │ │ │
│ │ │                   │   │   │   │   dependency=<function               │ │ │
│ │ │                   require_api_key at 0x10a5009a0>,                   │ │ │
│ │ │                   │   │   │   │   use_cache=True,                    │ │ │
│ │ │                   │   │   │   │   scope=None                         │ │ │
│ │ │                   │   │   │   )                                      │ │ │
│ │ │                   │   │   ],                                         │ │ │
│ │ │                   │   │   default_response_class=<class              │ │ │
│ │ │                   'fastapi.responses.ORJSONResponse'>,               │ │ │
│ │ │                   │   │   responses={},                              │ │ │
│ │ │                   │   │   callbacks=[],                              │ │ │
│ │ │                   │   │   deprecated=None,                           │ │ │
│ │ │                   │   │   include_in_schema=True,                    │ │ │
│ │ │                   │   │                                              │ │ │
│ │ │                   generate_unique_id_function=<fastapi.datastructur… │ │ │
│ │ │                   object at 0x10a265b50>,                            │ │ │
│ │ │                   │   │   strict_content_type=True,                  │ │ │
│ │ │                   │   │                                              │ │ │
│ │ │                   dependency_overrides_provider=<fastapi.applicatio… │ │ │
│ │ │                   object at 0x1096cfc80>                             │ │ │
│ │ │                   │   ),                                             │ │ │
│ │ │                   │   _effective_candidates=[                        │ │ │
│ │ │                   │   │   _EffectiveRouteContext(                    │ │ │
│ │ │                   │   │   │                                          │ │ │
│ │ │                   original_route=APIRoute(path='/feedback',          │ │ │
│ │ │                   name='submit_feedback', methods=['POST']),         │ │ │
│ │ │                   │   │   │   starlette_route=None,                  │ │ │
│ │ │                   │   │   │   frontend_prefix='',                    │ │ │
│ │ │                   │   │   │   path='/v1/feedback',                   │ │ │
│ │ │                   │   │   │   endpoint=<function submit_feedback at  │ │ │
│ │ │                   0x10aac0860>,                                      │ │ │
│ │ │                   │   │   │   stream_item_type=None,                 │ │ │
│ │ │                   │   │   │   response_model=None,                   │ │ │
│ │ │                   │   │   │   summary=None,                          │ │ │
│ │ │                   │   │   │   response_description='Successful       │ │ │
│ │ │                   Response',                                         │ │ │
│ │ │                   │   │   │   deprecated=None,                       │ │ │
│ │ │                   │   │   │   operation_id=None,                     │ │ │
│ │ │                   │   │   │   response_model_include=None,           │ │ │
│ │ │                   │   │   │   response_model_exclude=None,           │ │ │
│ │ │                   │   │   │   response_model_by_alias=True,          │ │ │
│ │ │                   │   │   │   response_model_exclude_unset=False,    │ │ │
│ │ │                   │   │   │   response_model_exclude_defaults=False, │ │ │
│ │ │                   │   │   │   response_model_exclude_none=False,     │ │ │
│ │ │                   │   │   │   include_in_schema=True,                │ │ │
│ │ │                   │   │   │   response_class=<class                  │ │ │
│ │ │                   'fastapi.responses.ORJSONResponse'>,               │ │ │
│ │ │                   │   │   │                                          │ │ │
│ │ │                   dependency_overrides_provider=<fastapi.applicatio… │ │ │
│ │ │                   object at 0x1096cfc80>,                            │ │ │
│ │ │                   │   │   │   callbacks=[],                          │ │ │
│ │ │                   │   │   │   openapi_extra=None,                    │ │ │
│ │ │                   │   │   │                                          │ │ │
│ │ │                   generate_unique_id_function=<fastapi.datastructur… │ │ │
│ │ │                   object at 0x10a11f470>,                            │ │ │
│ │ │                   │   │   │   strict_content_type=True,              │ │ │
│ │ │                   │   │   │   tags=['feedback'],                     │ │ │
│ │ │                   │   │   │   responses={},                          │ │ │
│ │ │                   │   │   │   name='submit_feedback',                │ │ │
│ │ │                   │   │   │                                          │ │ │
│ │ │                   path_regex=re.compile('^/v1/feedback$'),           │ │ │
│ │ │                   │   │   │   path_format='/v1/feedback',            │ │ │
│ │ │                   │   │   │   param_convertors={},                   │ │ │
│ │ │                   │   │   │   methods={'POST'},                      │ │ │
│ │ │                   │   │   │                                          │ │ │
│ │ │                   unique_id='submit_feedback_v1_feedback_post',      │ │ │
│ │ │                   │   │   │   status_code=None,                      │ │ │
│ │ │                   │   │   │   response_field=None,                   │ │ │
│ │ │                   │   │   │   stream_item_field=None,                │ │ │
│ │ │                   │   │   │   dependencies=[                         │ │ │
│ │ │                   │   │   │   │   Depends(                           │ │ │
│ │ │                   │   │   │   │   │   dependency=<function           │ │ │
│ │ │                   require_api_key at 0x10a5009a0>,                   │ │ │
│ │ │                   │   │   │   │   │   use_cache=True,                │ │ │
│ │ │                   │   │   │   │   │   scope=None                     │ │ │
│ │ │                   │   │   │   │   )                                  │ │ │
│ │ │                   │   │   │   ],                                     │ │ │
│ │ │                   │   │   │   description='Submit retrieval feedback │ │ │
│ │ │                   to adjust node importance scores.\n\nBumps         │ │ │
│ │ │                   importance on'+116,                                │ │ │
│ │ │                   │   │   │   response_fields={},                    │ │ │
│ │ │                   │   │   │   dependant=Dependant(                   │ │ │
│ │ │                   │   │   │   │   path_params=[],                    │ │ │
│ │ │                   │   │   │   │   query_params=[],                   │ │ │
│ │ │                   │   │   │   │   header_params=[],                  │ │ │
│ │ │                   │   │   │   │   cookie_params=[],                  │ │ │
│ │ │                   │   │   │   │   body_params=[                      │ │ │
│ │ │                   │   │   │   │   │   ModelField(                    │ │ │
│ │ │                   │   │   │   │   │   │   field_info=Body(           │ │ │
│ │ │                   │   │   │   │   │   │   │                          │ │ │
│ │ │                   annotation=RetrievalFeedback,                      │ │ │
│ │ │                   │   │   │   │   │   │   │   required=True,         │ │ │
│ │ │                   │   │   │   │   │   │   │   alias='feedback',      │ │ │
│ │ │                   │   │   │   │   │   │   │   json_schema_extra={}   │ │ │
│ │ │                   │   │   │   │   │   │   ),                         │ │ │
│ │ │                   │   │   │   │   │   │   name='feedback',           │ │ │
│ │ │                   │   │   │   │   │   │   mode='validation',         │ │ │
│ │ │                   │   │   │   │   │   │   config=None                │ │ │
│ │ │                   │   │   │   │   │   )                              │ │ │
│ │ │                   │   │   │   │   ],                                 │ │ │
│ │ │                   │   │   │   │   dependencies=[                     │ │ │
│ │ │                   │   │   │   │   │   Dependant(                     │ │ │
│ │ │                   │   │   │   │   │   │   path_params=[],            │ │ │
│ │ │                   │   │   │   │   │   │   query_params=[],           │ │ │
│ │ │                   │   │   │   │   │   │   header_params=[],          │ │ │
│ │ │                   │   │   │   │   │   │   cookie_params=[],          │ │ │
│ │ │                   │   │   │   │   │   │   body_params=[],            │ │ │
│ │ │                   │   │   │   │   │   │   dependencies=[],           │ │ │
│ │ │                   │   │   │   │   │   │   name=None,                 │ │ │
│ │ │                   │   │   │   │   │   │   call=<function             │ │ │
│ │ │                   require_api_key at 0x10a5009a0>,                   │ │ │
│ │ │                   │   │   │   │   │   │                              │ │ │
│ │ │                   request_param_name='request',                      │ │ │
│ │ │                   │   │   │   │   │   │   websocket_param_name=None, │ │ │
│ │ │                   │   │   │   │   │   │                              │ │ │
│ │ │                   http_connection_param_name=None,                   │ │ │
│ │ │                   │   │   │   │   │   │   response_param_name=None,  │ │ │
│ │ │                   │   │   │   │   │   │                              │ │ │
│ │ │                   background_tasks_param_name=None,                  │ │ │
│ │ │                   │   │   │   │   │   │                              │ │ │
│ │ │                   security_scopes_param_name=None,                   │ │ │
│ │ │                   │   │   │   │   │   │   own_oauth_scopes=[],       │ │ │
│ │ │                   │   │   │   │   │   │   parent_oauth_scopes=None,  │ │ │
│ │ │                   │   │   │   │   │   │   use_cache=True,            │ │ │
│ │ │                   │   │   │   │   │   │   path='/v1/feedback',       │ │ │
│ │ │                   │   │   │   │   │   │   scope=None                 │ │ │
│ │ │                   │   │   │   │   │   ),                             │ │ │
│ │ │                   │   │   │   │   │   Dependant(                     │ │ │
│ │ │                   │   │   │   │   │   │   path_params=[],            │ │ │
│ │ │                   │   │   │   │   │   │   query_params=[],           │ │ │
│ │ │                   │   │   │   │   │   │   header_params=[],          │ │ │
│ │ │                   │   │   │   │   │   │   cookie_params=[],          │ │ │
│ │ │                   │   │   │   │   │   │   body_params=[],            │ │ │
│ │ │                   │   │   │   │   │   │   dependencies=[],           │ │ │
│ │ │                   │   │   │   │   │   │   name='event_store',        │ │ │
│ │ │                   │   │   │   │   │   │   call=<function             │ │ │
│ │ │                   get_event_store at 0x10a50fe20>,                   │ │ │
│ │ │                   │   │   │   │   │   │                              │ │ │
│ │ │                   request_param_name='request',                      │ │ │
│ │ │                   │   │   │   │   │   │   websocket_param_name=None, │ │ │
│ │ │                   │   │   │   │   │   │                              │ │ │
│ │ │                   http_connection_param_name=None,                   │ │ │
│ │ │                   │   │   │   │   │   │   response_param_name=None,  │ │ │
│ │ │                   │   │   │   │   │   │                              │ │ │
│ │ │                   background_tasks_param_name=None,                  │ │ │
│ │ │                   │   │   │   │   │   │                              │ │ │
│ │ │                   security_scopes_param_name=None,                   │ │ │
│ │ │                   │   │   │   │   │   │   own_oauth_scopes=[],       │ │ │
│ │ │                   │   │   │   │   │   │   parent_oauth_scopes=[],    │ │ │
│ │ │                   │   │   │   │   │   │   use_cache=True,            │ │ │
│ │ │                   │   │   │   │   │   │   path='/v1/feedback',       │ │ │
│ │ │                   │   │   │   │   │   │   scope=None                 │ │ │
│ │ │                   │   │   │   │   │   ),                             │ │ │
│ │ │                   │   │   │   │   │   Dependant(                     │ │ │
│ │ │                   │   │   │   │   │   │   path_params=[],            │ │ │
│ │ │                   │   │   │   │   │   │   query_params=[],           │ │ │
│ │ │                   │   │   │   │   │   │   header_params=[],          │ │ │
│ │ │                   │   │   │   │   │   │   cookie_params=[],          │ │ │
│ │ │                   │   │   │   │   │   │   body_params=[],            │ │ │
│ │ │                   │   │   │   │   │   │   dependencies=[],           │ │ │
│ │ │                   │   │   │   │   │   │   name='graph_store',        │ │ │
│ │ │                   │   │   │   │   │   │   call=<function             │ │ │
│ │ │                   get_graph_store at 0x10a500220>,                   │ │ │
│ │ │                   │   │   │   │   │   │                              │ │ │
│ │ │                   request_param_name='request',                      │ │ │
│ │ │                   │   │   │   │   │   │   websocket_param_name=None, │ │ │
│ │ │                   │   │   │   │   │   │                              │ │ │
│ │ │                   http_connection_param_name=None,                   │ │ │
│ │ │                   │   │   │   │   │   │   response_param_name=None,  │ │ │
│ │ │                   │   │   │   │   │   │                              │ │ │
│ │ │                   background_tasks_param_name=None,                  │ │ │
│ │ │                   │   │   │   │   │   │                              │ │ │
│ │ │                   security_scopes_param_name=None,                   │ │ │
│ │ │                   │   │   │   │   │   │   own_oauth_scopes=[],       │ │ │
│ │ │                   │   │   │   │   │   │   parent_oauth_scopes=[],    │ │ │
│ │ │                   │   │   │   │   │   │   use_cache=True,            │ │ │
│ │ │                   │   │   │   │   │   │   path='/v1/feedback',       │ │ │
│ │ │                   │   │   │   │   │   │   scope=None                 │ │ │
│ │ │                   │   │   │   │   │   )                              │ │ │
│ │ │                   │   │   │   │   ],                                 │ │ │
│ │ │                   │   │   │   │   name=None,                         │ │ │
│ │ │                   │   │   │   │   call=<function submit_feedback at  │ │ │
│ │ │                   0x10aac0860>,                                      │ │ │
│ │ │                   │   │   │   │   request_param_name=None,           │ │ │
│ │ │                   │   │   │   │   websocket_param_name=None,         │ │ │
│ │ │                   │   │   │   │   http_connection_param_name=None,   │ │ │
│ │ │                   │   │   │   │   response_param_name=None,          │ │ │
│ │ │                   │   │   │   │   background_tasks_param_name=None,  │ │ │
│ │ │                   │   │   │   │   security_scopes_param_name=None,   │ │ │
│ │ │                   │   │   │   │   own_oauth_scopes=None,             │ │ │
│ │ │                   │   │   │   │   parent_oauth_scopes=None,          │ │ │
│ │ │                   │   │   │   │   use_cache=True,                    │ │ │
│ │ │                   │   │   │   │   path='/v1/feedback',               │ │ │
│ │ │                   │   │   │   │   scope='function'                   │ │ │
│ │ │                   │   │   │   ),                                     │ │ │
│ │ │                   │   │   │   _embed_body_fields=False,              │ │ │
│ │ │                   │   │   │   body_field=ModelField(                 │ │ │
│ │ │                   │   │   │   │   field_info=Body(                   │ │ │
│ │ │                   │   │   │   │   │   annotation=RetrievalFeedback,  │ │ │
│ │ │                   │   │   │   │   │   required=True,                 │ │ │
│ │ │                   │   │   │   │   │   alias='feedback',              │ │ │
│ │ │                   │   │   │   │   │   json_schema_extra={}           │ │ │
│ │ │                   │   │   │   │   ),                                 │ │ │
│ │ │                   │   │   │   │   name='feedback',                   │ │ │
│ │ │                   │   │   │   │   mode='validation',                 │ │ │
│ │ │                   │   │   │   │   config=None                        │ │ │
│ │ │                   │   │   │   ),                                     │ │ │
│ │ │                   │   │   │   is_sse_stream=False,                   │ │ │
│ │ │                   │   │   │   is_json_stream=False                   │ │ │
│ │ │                   │   │   )                                          │ │ │
│ │ │                   │   ],                                             │ │ │
│ │ │                   │   _effective_candidates_version=1,               │ │ │
│ │ │                   │   _effective_low_priority_routes=[],             │ │ │
│ │ │                   │   _effective_low_priority_routes_version=None    │ │ │
│ │ │                   )                                                  │ │ │
│ │ │           scope = {                                                  │ │ │
│ │ │                   │   'type': 'http',                                │ │ │
│ │ │                   │   'asgi': {'version': '3.0'},                    │ │ │
│ │ │                   │   'http_version': '1.1',                         │ │ │
│ │ │                   │   'method': 'POST',                              │ │ │
│ │ │                   │   'headers': [                                   │ │ │
│ │ │                   │   │   (b'host', b'compat'),                      │ │ │
│ │ │                   │   │   (b'accept', b'*/*'),                       │ │ │
│ │ │                   │   │   (b'accept-encoding', b'gzip, deflate'),    │ │ │
│ │ │                   │   │   (b'connection', b'keep-alive'),            │ │ │
│ │ │                   │   │   (b'user-agent', b'python-httpx/0.28.1'),   │ │ │
│ │ │                   │   │   (b'content-length', b'190'),               │ │ │
│ │ │                   │   │   (b'content-type', b'application/json')     │ │ │
│ │ │                   │   ],                                             │ │ │
│ │ │                   │   'scheme': 'http',                              │ │ │
│ │ │                   │   'path': '/v1/feedback',                        │ │ │
│ │ │                   │   'raw_path': b'/v1/feedback',                   │ │ │
│ │ │                   │   'query_string': b'',                           │ │ │
│ │ │                   │   'server': ('compat', None),                    │ │ │
│ │ │                   │   ... +13                                        │ │ │
│ │ │                   }                                                  │ │ │
│ │ │            self = <fastapi.routing.APIRouter object at 0x10a63e8d0>  │ │ │
│ │ ╰──────────────────────────────────────────────────────────────────────╯ │ │
│ │                                                                          │ │
│ │ /private/tmp/engram-ontology-review-venv/lib/python3.12/site-packages/fa │ │
│ │ stapi/routing.py:1843 in _handle_selected                                │ │
│ │                                                                          │ │
│ │   1840 │   │   │   original_route = effective_context.original_route     │ │
│ │   1841 │   │   │   if isinstance(original_route, APIRoute):              │ │
│ │   1842 │   │   │   │   scope["route"] = original_route                   │ │
│ │ ❱ 1843 │   │   │   │   await original_route.handle(scope, receive, send) │ │
│ │   1844 │   │   │   │   return                                            │ │
│ │   1845 │   │   await route.handle(scope, receive, send)                  │ │
│ │   1846                                                                   │ │
│ │                                                                          │ │
│ │ ╭─────────────────────────────── locals ───────────────────────────────╮ │ │
│ │ │       child_scope = {                                                │ │ │
│ │ │                     │   'endpoint': <function submit_feedback at     │ │ │
│ │ │                     0x10aac0860>,                                    │ │ │
│ │ │                     │   'path_params': {},                           │ │ │
│ │ │                     │   'route': APIRoute(path='/feedback',          │ │ │
│ │ │                     name='submit_feedback', methods=['POST'])        │ │ │
│ │ │                     }                                                │ │ │
│ │ │ effective_context = _EffectiveRouteContext(                          │ │ │
│ │ │                     │   original_route=APIRoute(path='/feedback',    │ │ │
│ │ │                     name='submit_feedback', methods=['POST']),       │ │ │
│ │ │                     │   starlette_route=None,                        │ │ │
│ │ │                     │   frontend_prefix='',                          │ │ │
│ │ │                     │   path='/v1/feedback',                         │ │ │
│ │ │                     │   endpoint=<function submit_feedback at        │ │ │
│ │ │                     0x10aac0860>,                                    │ │ │
│ │ │                     │   stream_item_type=None,                       │ │ │
│ │ │                     │   response_model=None,                         │ │ │
│ │ │                     │   summary=None,                                │ │ │
│ │ │                     │   response_description='Successful Response',  │ │ │
│ │ │                     │   deprecated=None,                             │ │ │
│ │ │                     │   operation_id=None,                           │ │ │
│ │ │                     │   response_model_include=None,                 │ │ │
│ │ │                     │   response_model_exclude=None,                 │ │ │
│ │ │                     │   response_model_by_alias=True,                │ │ │
│ │ │                     │   response_model_exclude_unset=False,          │ │ │
│ │ │                     │   response_model_exclude_defaults=False,       │ │ │
│ │ │                     │   response_model_exclude_none=False,           │ │ │
│ │ │                     │   include_in_schema=True,                      │ │ │
│ │ │                     │   response_class=<class                        │ │ │
│ │ │                     'fastapi.responses.ORJSONResponse'>,             │ │ │
│ │ │                     │                                                │ │ │
│ │ │                     dependency_overrides_provider=<fastapi.applicat… │ │ │
│ │ │                     object at 0x1096cfc80>,                          │ │ │
│ │ │                     │   callbacks=[],                                │ │ │
│ │ │                     │   openapi_extra=None,                          │ │ │
│ │ │                     │                                                │ │ │
│ │ │                     generate_unique_id_function=<fastapi.datastruct… │ │ │
│ │ │                     object at 0x10a11f470>,                          │ │ │
│ │ │                     │   strict_content_type=True,                    │ │ │
│ │ │                     │   tags=['feedback'],                           │ │ │
│ │ │                     │   responses={},                                │ │ │
│ │ │                     │   name='submit_feedback',                      │ │ │
│ │ │                     │   path_regex=re.compile('^/v1/feedback$'),     │ │ │
│ │ │                     │   path_format='/v1/feedback',                  │ │ │
│ │ │                     │   param_convertors={},                         │ │ │
│ │ │                     │   methods={'POST'},                            │ │ │
│ │ │                     │                                                │ │ │
│ │ │                     unique_id='submit_feedback_v1_feedback_post',    │ │ │
│ │ │                     │   status_code=None,                            │ │ │
│ │ │                     │   response_field=None,                         │ │ │
│ │ │                     │   stream_item_field=None,                      │ │ │
│ │ │                     │   dependencies=[                               │ │ │
│ │ │                     │   │   Depends(                                 │ │ │
│ │ │                     │   │   │   dependency=<function require_api_key │ │ │
│ │ │                     at 0x10a5009a0>,                                 │ │ │
│ │ │                     │   │   │   use_cache=True,                      │ │ │
│ │ │                     │   │   │   scope=None                           │ │ │
│ │ │                     │   │   )                                        │ │ │
│ │ │                     │   ],                                           │ │ │
│ │ │                     │   description='Submit retrieval feedback to    │ │ │
│ │ │                     adjust node importance scores.\n\nBumps          │ │ │
│ │ │                     importance on'+116,                              │ │ │
│ │ │                     │   response_fields={},                          │ │ │
│ │ │                     │   dependant=Dependant(                         │ │ │
│ │ │                     │   │   path_params=[],                          │ │ │
│ │ │                     │   │   query_params=[],                         │ │ │
│ │ │                     │   │   header_params=[],                        │ │ │
│ │ │                     │   │   cookie_params=[],                        │ │ │
│ │ │                     │   │   body_params=[                            │ │ │
│ │ │                     │   │   │   ModelField(                          │ │ │
│ │ │                     │   │   │   │   field_info=Body(                 │ │ │
│ │ │                     │   │   │   │   │                                │ │ │
│ │ │                     annotation=RetrievalFeedback,                    │ │ │
│ │ │                     │   │   │   │   │   required=True,               │ │ │
│ │ │                     │   │   │   │   │   alias='feedback',            │ │ │
│ │ │                     │   │   │   │   │   json_schema_extra={}         │ │ │
│ │ │                     │   │   │   │   ),                               │ │ │
│ │ │                     │   │   │   │   name='feedback',                 │ │ │
│ │ │                     │   │   │   │   mode='validation',               │ │ │
│ │ │                     │   │   │   │   config=None                      │ │ │
│ │ │                     │   │   │   )                                    │ │ │
│ │ │                     │   │   ],                                       │ │ │
│ │ │                     │   │   dependencies=[                           │ │ │
│ │ │                     │   │   │   Dependant(                           │ │ │
│ │ │                     │   │   │   │   path_params=[],                  │ │ │
│ │ │                     │   │   │   │   query_params=[],                 │ │ │
│ │ │                     │   │   │   │   header_params=[],                │ │ │
│ │ │                     │   │   │   │   cookie_params=[],                │ │ │
│ │ │                     │   │   │   │   body_params=[],                  │ │ │
│ │ │                     │   │   │   │   dependencies=[],                 │ │ │
│ │ │                     │   │   │   │   name=None,                       │ │ │
│ │ │                     │   │   │   │   call=<function require_api_key   │ │ │
│ │ │                     at 0x10a5009a0>,                                 │ │ │
│ │ │                     │   │   │   │   request_param_name='request',    │ │ │
│ │ │                     │   │   │   │   websocket_param_name=None,       │ │ │
│ │ │                     │   │   │   │   http_connection_param_name=None, │ │ │
│ │ │                     │   │   │   │   response_param_name=None,        │ │ │
│ │ │                     │   │   │   │                                    │ │ │
│ │ │                     background_tasks_param_name=None,                │ │ │
│ │ │                     │   │   │   │   security_scopes_param_name=None, │ │ │
│ │ │                     │   │   │   │   own_oauth_scopes=[],             │ │ │
│ │ │                     │   │   │   │   parent_oauth_scopes=None,        │ │ │
│ │ │                     │   │   │   │   use_cache=True,                  │ │ │
│ │ │                     │   │   │   │   path='/v1/feedback',             │ │ │
│ │ │                     │   │   │   │   scope=None                       │ │ │
│ │ │                     │   │   │   ),                                   │ │ │
│ │ │                     │   │   │   Dependant(                           │ │ │
│ │ │                     │   │   │   │   path_params=[],                  │ │ │
│ │ │                     │   │   │   │   query_params=[],                 │ │ │
│ │ │                     │   │   │   │   header_params=[],                │ │ │
│ │ │                     │   │   │   │   cookie_params=[],                │ │ │
│ │ │                     │   │   │   │   body_params=[],                  │ │ │
│ │ │                     │   │   │   │   dependencies=[],                 │ │ │
│ │ │                     │   │   │   │   name='event_store',              │ │ │
│ │ │                     │   │   │   │   call=<function get_event_store   │ │ │
│ │ │                     at 0x10a50fe20>,                                 │ │ │
│ │ │                     │   │   │   │   request_param_name='request',    │ │ │
│ │ │                     │   │   │   │   websocket_param_name=None,       │ │ │
│ │ │                     │   │   │   │   http_connection_param_name=None, │ │ │
│ │ │                     │   │   │   │   response_param_name=None,        │ │ │
│ │ │                     │   │   │   │                                    │ │ │
│ │ │                     background_tasks_param_name=None,                │ │ │
│ │ │                     │   │   │   │   security_scopes_param_name=None, │ │ │
│ │ │                     │   │   │   │   own_oauth_scopes=[],             │ │ │
│ │ │                     │   │   │   │   parent_oauth_scopes=[],          │ │ │
│ │ │                     │   │   │   │   use_cache=True,                  │ │ │
│ │ │                     │   │   │   │   path='/v1/feedback',             │ │ │
│ │ │                     │   │   │   │   scope=None                       │ │ │
│ │ │                     │   │   │   ),                                   │ │ │
│ │ │                     │   │   │   Dependant(                           │ │ │
│ │ │                     │   │   │   │   path_params=[],                  │ │ │
│ │ │                     │   │   │   │   query_params=[],                 │ │ │
│ │ │                     │   │   │   │   header_params=[],                │ │ │
│ │ │                     │   │   │   │   cookie_params=[],                │ │ │
│ │ │                     │   │   │   │   body_params=[],                  │ │ │
│ │ │                     │   │   │   │   dependencies=[],                 │ │ │
│ │ │                     │   │   │   │   name='graph_store',              │ │ │
│ │ │                     │   │   │   │   call=<function get_graph_store   │ │ │
│ │ │                     at 0x10a500220>,                                 │ │ │
│ │ │                     │   │   │   │   request_param_name='request',    │ │ │
│ │ │                     │   │   │   │   websocket_param_name=None,       │ │ │
│ │ │                     │   │   │   │   http_connection_param_name=None, │ │ │
│ │ │                     │   │   │   │   response_param_name=None,        │ │ │
│ │ │                     │   │   │   │                                    │ │ │
│ │ │                     background_tasks_param_name=None,                │ │ │
│ │ │                     │   │   │   │   security_scopes_param_name=None, │ │ │
│ │ │                     │   │   │   │   own_oauth_scopes=[],             │ │ │
│ │ │                     │   │   │   │   parent_oauth_scopes=[],          │ │ │
│ │ │                     │   │   │   │   use_cache=True,                  │ │ │
│ │ │                     │   │   │   │   path='/v1/feedback',             │ │ │
│ │ │                     │   │   │   │   scope=None                       │ │ │
│ │ │                     │   │   │   )                                    │ │ │
│ │ │                     │   │   ],                                       │ │ │
│ │ │                     │   │   name=None,                               │ │ │
│ │ │                     │   │   call=<function submit_feedback at        │ │ │
│ │ │                     0x10aac0860>,                                    │ │ │
│ │ │                     │   │   request_param_name=None,                 │ │ │
│ │ │                     │   │   websocket_param_name=None,               │ │ │
│ │ │                     │   │   http_connection_param_name=None,         │ │ │
│ │ │                     │   │   response_param_name=None,                │ │ │
│ │ │                     │   │   background_tasks_param_name=None,        │ │ │
│ │ │                     │   │   security_scopes_param_name=None,         │ │ │
│ │ │                     │   │   own_oauth_scopes=None,                   │ │ │
│ │ │                     │   │   parent_oauth_scopes=None,                │ │ │
│ │ │                     │   │   use_cache=True,                          │ │ │
│ │ │                     │   │   path='/v1/feedback',                     │ │ │
│ │ │                     │   │   scope='function'                         │ │ │
│ │ │                     │   ),                                           │ │ │
│ │ │                     │   _embed_body_fields=False,                    │ │ │
│ │ │                     │   body_field=ModelField(                       │ │ │
│ │ │                     │   │   field_info=Body(                         │ │ │
│ │ │                     │   │   │   annotation=RetrievalFeedback,        │ │ │
│ │ │                     │   │   │   required=True,                       │ │ │
│ │ │                     │   │   │   alias='feedback',                    │ │ │
│ │ │                     │   │   │   json_schema_extra={}                 │ │ │
│ │ │                     │   │   ),                                       │ │ │
│ │ │                     │   │   name='feedback',                         │ │ │
│ │ │                     │   │   mode='validation',                       │ │ │
│ │ │                     │   │   config=None                              │ │ │
│ │ │                     │   ),                                           │ │ │
│ │ │                     │   is_sse_stream=False,                         │ │ │
│ │ │                     │   is_json_stream=False                         │ │ │
│ │ │                     )                                                │ │ │
│ │ │             match = <Match.FULL: 2>                                  │ │ │
│ │ │    original_route = APIRoute(path='/feedback',                       │ │ │
│ │ │                     name='submit_feedback', methods=['POST'])        │ │ │
│ │ │             route = APIRoute(path='/feedback',                       │ │ │
│ │ │                     name='submit_feedback', methods=['POST'])        │ │ │
│ │ │             scope = {                                                │ │ │
│ │ │                     │   'type': 'http',                              │ │ │
│ │ │                     │   'asgi': {'version': '3.0'},                  │ │ │
│ │ │                     │   'http_version': '1.1',                       │ │ │
│ │ │                     │   'method': 'POST',                            │ │ │
│ │ │                     │   'headers': [                                 │ │ │
│ │ │                     │   │   (b'host', b'compat'),                    │ │ │
│ │ │                     │   │   (b'accept', b'*/*'),                     │ │ │
│ │ │                     │   │   (b'accept-encoding', b'gzip, deflate'),  │ │ │
│ │ │                     │   │   (b'connection', b'keep-alive'),          │ │ │
│ │ │                     │   │   (                                        │ │ │
│ │ │                     │   │   │   b'user-agent',                       │ │ │
│ │ │                     │   │   │   b'python-httpx/0.28.1'               │ │ │
│ │ │                     │   │   ),                                       │ │ │
│ │ │                     │   │   (b'content-length', b'190'),             │ │ │
│ │ │                     │   │   (b'content-type', b'application/json')   │ │ │
│ │ │                     │   ],                                           │ │ │
│ │ │                     │   'scheme': 'http',                            │ │ │
│ │ │                     │   'path': '/v1/feedback',                      │ │ │
│ │ │                     │   'raw_path': b'/v1/feedback',                 │ │ │
│ │ │                     │   'query_string': b'',                         │ │ │
│ │ │                     │   'server': ('compat', None),                  │ │ │
│ │ │                     │   ... +13                                      │ │ │
│ │ │                     }                                                │ │ │
│ │ │              self = _IncludedRouter(                                 │ │ │
│ │ │                     │   original_router=<fastapi.routing.APIRouter   │ │ │
│ │ │                     object at 0x10a63e8d0>,                          │ │ │
│ │ │                     │   include_context=_RouterIncludeContext(       │ │ │
│ │ │                     │   │                                            │ │ │
│ │ │                     included_router=<fastapi.routing.APIRouter       │ │ │
│ │ │                     object at 0x10a63e8d0>,                          │ │ │
│ │ │                     │   │   prefix='/v1',                            │ │ │
│ │ │                     │   │   tags=[],                                 │ │ │
│ │ │                     │   │   dependencies=[                           │ │ │
│ │ │                     │   │   │   Depends(                             │ │ │
│ │ │                     │   │   │   │   dependency=<function             │ │ │
│ │ │                     require_api_key at 0x10a5009a0>,                 │ │ │
│ │ │                     │   │   │   │   use_cache=True,                  │ │ │
│ │ │                     │   │   │   │   scope=None                       │ │ │
│ │ │                     │   │   │   )                                    │ │ │
│ │ │                     │   │   ],                                       │ │ │
│ │ │                     │   │   default_response_class=<class            │ │ │
│ │ │                     'fastapi.responses.ORJSONResponse'>,             │ │ │
│ │ │                     │   │   responses={},                            │ │ │
│ │ │                     │   │   callbacks=[],                            │ │ │
│ │ │                     │   │   deprecated=None,                         │ │ │
│ │ │                     │   │   include_in_schema=True,                  │ │ │
│ │ │                     │   │                                            │ │ │
│ │ │                     generate_unique_id_function=<fastapi.datastruct… │ │ │
│ │ │                     object at 0x10a265b50>,                          │ │ │
│ │ │                     │   │   strict_content_type=True,                │ │ │
│ │ │                     │   │                                            │ │ │
│ │ │                     dependency_overrides_provider=<fastapi.applicat… │ │ │
│ │ │                     object at 0x1096cfc80>                           │ │ │
│ │ │                     │   ),                                           │ │ │
│ │ │                     │   _effective_candidates=[                      │ │ │
│ │ │                     │   │   _EffectiveRouteContext(                  │ │ │
│ │ │                     │   │   │                                        │ │ │
│ │ │                     original_route=APIRoute(path='/feedback',        │ │ │
│ │ │                     name='submit_feedback', methods=['POST']),       │ │ │
│ │ │                     │   │   │   starlette_route=None,                │ │ │
│ │ │                     │   │   │   frontend_prefix='',                  │ │ │
│ │ │                     │   │   │   path='/v1/feedback',                 │ │ │
│ │ │                     │   │   │   endpoint=<function submit_feedback   │ │ │
│ │ │                     at 0x10aac0860>,                                 │ │ │
│ │ │                     │   │   │   stream_item_type=None,               │ │ │
│ │ │                     │   │   │   response_model=None,                 │ │ │
│ │ │                     │   │   │   summary=None,                        │ │ │
│ │ │                     │   │   │   response_description='Successful     │ │ │
│ │ │                     Response',                                       │ │ │
│ │ │                     │   │   │   deprecated=None,                     │ │ │
│ │ │                     │   │   │   operation_id=None,                   │ │ │
│ │ │                     │   │   │   response_model_include=None,         │ │ │
│ │ │                     │   │   │   response_model_exclude=None,         │ │ │
│ │ │                     │   │   │   response_model_by_alias=True,        │ │ │
│ │ │                     │   │   │   response_model_exclude_unset=False,  │ │ │
│ │ │                     │   │   │                                        │ │ │
│ │ │                     response_model_exclude_defaults=False,           │ │ │
│ │ │                     │   │   │   response_model_exclude_none=False,   │ │ │
│ │ │                     │   │   │   include_in_schema=True,              │ │ │
│ │ │                     │   │   │   response_class=<class                │ │ │
│ │ │                     'fastapi.responses.ORJSONResponse'>,             │ │ │
│ │ │                     │   │   │                                        │ │ │
│ │ │                     dependency_overrides_provider=<fastapi.applicat… │ │ │
│ │ │                     object at 0x1096cfc80>,                          │ │ │
│ │ │                     │   │   │   callbacks=[],                        │ │ │
│ │ │                     │   │   │   openapi_extra=None,                  │ │ │
│ │ │                     │   │   │                                        │ │ │
│ │ │                     generate_unique_id_function=<fastapi.datastruct… │ │ │
│ │ │                     object at 0x10a11f470>,                          │ │ │
│ │ │                     │   │   │   strict_content_type=True,            │ │ │
│ │ │                     │   │   │   tags=['feedback'],                   │ │ │
│ │ │                     │   │   │   responses={},                        │ │ │
│ │ │                     │   │   │   name='submit_feedback',              │ │ │
│ │ │                     │   │   │                                        │ │ │
│ │ │                     path_regex=re.compile('^/v1/feedback$'),         │ │ │
│ │ │                     │   │   │   path_format='/v1/feedback',          │ │ │
│ │ │                     │   │   │   param_convertors={},                 │ │ │
│ │ │                     │   │   │   methods={'POST'},                    │ │ │
│ │ │                     │   │   │                                        │ │ │
│ │ │                     unique_id='submit_feedback_v1_feedback_post',    │ │ │
│ │ │                     │   │   │   status_code=None,                    │ │ │
│ │ │                     │   │   │   response_field=None,                 │ │ │
│ │ │                     │   │   │   stream_item_field=None,              │ │ │
│ │ │                     │   │   │   dependencies=[                       │ │ │
│ │ │                     │   │   │   │   Depends(                         │ │ │
│ │ │                     │   │   │   │   │   dependency=<function         │ │ │
│ │ │                     require_api_key at 0x10a5009a0>,                 │ │ │
│ │ │                     │   │   │   │   │   use_cache=True,              │ │ │
│ │ │                     │   │   │   │   │   scope=None                   │ │ │
│ │ │                     │   │   │   │   )                                │ │ │
│ │ │                     │   │   │   ],                                   │ │ │
│ │ │                     │   │   │   description='Submit retrieval        │ │ │
│ │ │                     feedback to adjust node importance               │ │ │
│ │ │                     scores.\n\nBumps importance on'+116,             │ │ │
│ │ │                     │   │   │   response_fields={},                  │ │ │
│ │ │                     │   │   │   dependant=Dependant(                 │ │ │
│ │ │                     │   │   │   │   path_params=[],                  │ │ │
│ │ │                     │   │   │   │   query_params=[],                 │ │ │
│ │ │                     │   │   │   │   header_params=[],                │ │ │
│ │ │                     │   │   │   │   cookie_params=[],                │ │ │
│ │ │                     │   │   │   │   body_params=[                    │ │ │
│ │ │                     │   │   │   │   │   ModelField(                  │ │ │
│ │ │                     │   │   │   │   │   │   field_info=Body(         │ │ │
│ │ │                     │   │   │   │   │   │   │                        │ │ │
│ │ │                     annotation=RetrievalFeedback,                    │ │ │
│ │ │                     │   │   │   │   │   │   │   required=True,       │ │ │
│ │ │                     │   │   │   │   │   │   │   alias='feedback',    │ │ │
│ │ │                     │   │   │   │   │   │   │   json_schema_extra={} │ │ │
│ │ │                     │   │   │   │   │   │   ),                       │ │ │
│ │ │                     │   │   │   │   │   │   name='feedback',         │ │ │
│ │ │                     │   │   │   │   │   │   mode='validation',       │ │ │
│ │ │                     │   │   │   │   │   │   config=None              │ │ │
│ │ │                     │   │   │   │   │   )                            │ │ │
│ │ │                     │   │   │   │   ],                               │ │ │
│ │ │                     │   │   │   │   dependencies=[                   │ │ │
│ │ │                     │   │   │   │   │   Dependant(                   │ │ │
│ │ │                     │   │   │   │   │   │   path_params=[],          │ │ │
│ │ │                     │   │   │   │   │   │   query_params=[],         │ │ │
│ │ │                     │   │   │   │   │   │   header_params=[],        │ │ │
│ │ │                     │   │   │   │   │   │   cookie_params=[],        │ │ │
│ │ │                     │   │   │   │   │   │   body_params=[],          │ │ │
│ │ │                     │   │   │   │   │   │   dependencies=[],         │ │ │
│ │ │                     │   │   │   │   │   │   name=None,               │ │ │
│ │ │                     │   │   │   │   │   │   call=<function           │ │ │
│ │ │                     require_api_key at 0x10a5009a0>,                 │ │ │
│ │ │                     │   │   │   │   │   │                            │ │ │
│ │ │                     request_param_name='request',                    │ │ │
│ │ │                     │   │   │   │   │   │                            │ │ │
│ │ │                     websocket_param_name=None,                       │ │ │
│ │ │                     │   │   │   │   │   │                            │ │ │
│ │ │                     http_connection_param_name=None,                 │ │ │
│ │ │                     │   │   │   │   │   │                            │ │ │
│ │ │                     response_param_name=None,                        │ │ │
│ │ │                     │   │   │   │   │   │                            │ │ │
│ │ │                     background_tasks_param_name=None,                │ │ │
│ │ │                     │   │   │   │   │   │                            │ │ │
│ │ │                     security_scopes_param_name=None,                 │ │ │
│ │ │                     │   │   │   │   │   │   own_oauth_scopes=[],     │ │ │
│ │ │                     │   │   │   │   │   │                            │ │ │
│ │ │                     parent_oauth_scopes=None,                        │ │ │
│ │ │                     │   │   │   │   │   │   use_cache=True,          │ │ │
│ │ │                     │   │   │   │   │   │   path='/v1/feedback',     │ │ │
│ │ │                     │   │   │   │   │   │   scope=None               │ │ │
│ │ │                     │   │   │   │   │   ),                           │ │ │
│ │ │                     │   │   │   │   │   Dependant(                   │ │ │
│ │ │                     │   │   │   │   │   │   path_params=[],          │ │ │
│ │ │                     │   │   │   │   │   │   query_params=[],         │ │ │
│ │ │                     │   │   │   │   │   │   header_params=[],        │ │ │
│ │ │                     │   │   │   │   │   │   cookie_params=[],        │ │ │
│ │ │                     │   │   │   │   │   │   body_params=[],          │ │ │
│ │ │                     │   │   │   │   │   │   dependencies=[],         │ │ │
│ │ │                     │   │   │   │   │   │   name='event_store',      │ │ │
│ │ │                     │   │   │   │   │   │   call=<function           │ │ │
│ │ │                     get_event_store at 0x10a50fe20>,                 │ │ │
│ │ │                     │   │   │   │   │   │                            │ │ │
│ │ │                     request_param_name='request',                    │ │ │
│ │ │                     │   │   │   │   │   │                            │ │ │
│ │ │                     websocket_param_name=None,                       │ │ │
│ │ │                     │   │   │   │   │   │                            │ │ │
│ │ │                     http_connection_param_name=None,                 │ │ │
│ │ │                     │   │   │   │   │   │                            │ │ │
│ │ │                     response_param_name=None,                        │ │ │
│ │ │                     │   │   │   │   │   │                            │ │ │
│ │ │                     background_tasks_param_name=None,                │ │ │
│ │ │                     │   │   │   │   │   │                            │ │ │
│ │ │                     security_scopes_param_name=None,                 │ │ │
│ │ │                     │   │   │   │   │   │   own_oauth_scopes=[],     │ │ │
│ │ │                     │   │   │   │   │   │   parent_oauth_scopes=[],  │ │ │
│ │ │                     │   │   │   │   │   │   use_cache=True,          │ │ │
│ │ │                     │   │   │   │   │   │   path='/v1/feedback',     │ │ │
│ │ │                     │   │   │   │   │   │   scope=None               │ │ │
│ │ │                     │   │   │   │   │   ),                           │ │ │
│ │ │                     │   │   │   │   │   Dependant(                   │ │ │
│ │ │                     │   │   │   │   │   │   path_params=[],          │ │ │
│ │ │                     │   │   │   │   │   │   query_params=[],         │ │ │
│ │ │                     │   │   │   │   │   │   header_params=[],        │ │ │
│ │ │                     │   │   │   │   │   │   cookie_params=[],        │ │ │
│ │ │                     │   │   │   │   │   │   body_params=[],          │ │ │
│ │ │                     │   │   │   │   │   │   dependencies=[],         │ │ │
│ │ │                     │   │   │   │   │   │   name='graph_store',      │ │ │
│ │ │                     │   │   │   │   │   │   call=<function           │ │ │
│ │ │                     get_graph_store at 0x10a500220>,                 │ │ │
│ │ │                     │   │   │   │   │   │                            │ │ │
│ │ │                     request_param_name='request',                    │ │ │
│ │ │                     │   │   │   │   │   │                            │ │ │
│ │ │                     websocket_param_name=None,                       │ │ │
│ │ │                     │   │   │   │   │   │                            │ │ │
│ │ │                     http_connection_param_name=None,                 │ │ │
│ │ │                     │   │   │   │   │   │                            │ │ │
│ │ │                     response_param_name=None,                        │ │ │
│ │ │                     │   │   │   │   │   │                            │ │ │
│ │ │                     background_tasks_param_name=None,                │ │ │
│ │ │                     │   │   │   │   │   │                            │ │ │
│ │ │                     security_scopes_param_name=None,                 │ │ │
│ │ │                     │   │   │   │   │   │   own_oauth_scopes=[],     │ │ │
│ │ │                     │   │   │   │   │   │   parent_oauth_scopes=[],  │ │ │
│ │ │                     │   │   │   │   │   │   use_cache=True,          │ │ │
│ │ │                     │   │   │   │   │   │   path='/v1/feedback',     │ │ │
│ │ │                     │   │   │   │   │   │   scope=None               │ │ │
│ │ │                     │   │   │   │   │   )                            │ │ │
│ │ │                     │   │   │   │   ],                               │ │ │
│ │ │                     │   │   │   │   name=None,                       │ │ │
│ │ │                     │   │   │   │   call=<function submit_feedback   │ │ │
│ │ │                     at 0x10aac0860>,                                 │ │ │
│ │ │                     │   │   │   │   request_param_name=None,         │ │ │
│ │ │                     │   │   │   │   websocket_param_name=None,       │ │ │
│ │ │                     │   │   │   │   http_connection_param_name=None, │ │ │
│ │ │                     │   │   │   │   response_param_name=None,        │ │ │
│ │ │                     │   │   │   │                                    │ │ │
│ │ │                     background_tasks_param_name=None,                │ │ │
│ │ │                     │   │   │   │   security_scopes_param_name=None, │ │ │
│ │ │                     │   │   │   │   own_oauth_scopes=None,           │ │ │
│ │ │                     │   │   │   │   parent_oauth_scopes=None,        │ │ │
│ │ │                     │   │   │   │   use_cache=True,                  │ │ │
│ │ │                     │   │   │   │   path='/v1/feedback',             │ │ │
│ │ │                     │   │   │   │   scope='function'                 │ │ │
│ │ │                     │   │   │   ),                                   │ │ │
│ │ │                     │   │   │   _embed_body_fields=False,            │ │ │
│ │ │                     │   │   │   body_field=ModelField(               │ │ │
│ │ │                     │   │   │   │   field_info=Body(                 │ │ │
│ │ │                     │   │   │   │   │                                │ │ │
│ │ │                     annotation=RetrievalFeedback,                    │ │ │
│ │ │                     │   │   │   │   │   required=True,               │ │ │
│ │ │                     │   │   │   │   │   alias='feedback',            │ │ │
│ │ │                     │   │   │   │   │   json_schema_extra={}         │ │ │
│ │ │                     │   │   │   │   ),                               │ │ │
│ │ │                     │   │   │   │   name='feedback',                 │ │ │
│ │ │                     │   │   │   │   mode='validation',               │ │ │
│ │ │                     │   │   │   │   config=None                      │ │ │
│ │ │                     │   │   │   ),                                   │ │ │
│ │ │                     │   │   │   is_sse_stream=False,                 │ │ │
│ │ │                     │   │   │   is_json_stream=False                 │ │ │
│ │ │                     │   │   )                                        │ │ │
│ │ │                     │   ],                                           │ │ │
│ │ │                     │   _effective_candidates_version=1,             │ │ │
│ │ │                     │   _effective_low_priority_routes=[],           │ │ │
│ │ │                     │   _effective_low_priority_routes_version=None  │ │ │
│ │ │                     )                                                │ │ │
│ │ ╰──────────────────────────────────────────────────────────────────────╯ │ │
│ │                                                                          │ │
│ │ /private/tmp/engram-ontology-review-venv/lib/python3.12/site-packages/fa │ │
│ │ stapi/routing.py:1308 in handle                                          │ │
│ │                                                                          │ │
│ │   1305 │   │   │   │   await response(scope, receive, send)              │ │
│ │   1306 │   │   │   │   return                                            │ │
│ │   1307 │   │   │   assert effective_context.app is not None              │ │
│ │ ❱ 1308 │   │   │   await effective_context.app(scope, receive, send)     │ │
│ │   1309 │   │   │   return                                                │ │
│ │   1310 │   │   await super().handle(scope, receive, send)                │ │
│ │   1311                                                                   │ │
│ │                                                                          │ │
│ │ ╭─────────────────────────────── locals ───────────────────────────────╮ │ │
│ │ │ effective_context = _EffectiveRouteContext(                          │ │ │
│ │ │                     │   original_route=APIRoute(path='/feedback',    │ │ │
│ │ │                     name='submit_feedback', methods=['POST']),       │ │ │
│ │ │                     │   starlette_route=None,                        │ │ │
│ │ │                     │   frontend_prefix='',                          │ │ │
│ │ │                     │   path='/v1/feedback',                         │ │ │
│ │ │                     │   endpoint=<function submit_feedback at        │ │ │
│ │ │                     0x10aac0860>,                                    │ │ │
│ │ │                     │   stream_item_type=None,                       │ │ │
│ │ │                     │   response_model=None,                         │ │ │
│ │ │                     │   summary=None,                                │ │ │
│ │ │                     │   response_description='Successful Response',  │ │ │
│ │ │                     │   deprecated=None,                             │ │ │
│ │ │                     │   operation_id=None,                           │ │ │
│ │ │                     │   response_model_include=None,                 │ │ │
│ │ │                     │   response_model_exclude=None,                 │ │ │
│ │ │                     │   response_model_by_alias=True,                │ │ │
│ │ │                     │   response_model_exclude_unset=False,          │ │ │
│ │ │                     │   response_model_exclude_defaults=False,       │ │ │
│ │ │                     │   response_model_exclude_none=False,           │ │ │
│ │ │                     │   include_in_schema=True,                      │ │ │
│ │ │                     │   response_class=<class                        │ │ │
│ │ │                     'fastapi.responses.ORJSONResponse'>,             │ │ │
│ │ │                     │                                                │ │ │
│ │ │                     dependency_overrides_provider=<fastapi.applicat… │ │ │
│ │ │                     object at 0x1096cfc80>,                          │ │ │
│ │ │                     │   callbacks=[],                                │ │ │
│ │ │                     │   openapi_extra=None,                          │ │ │
│ │ │                     │                                                │ │ │
│ │ │                     generate_unique_id_function=<fastapi.datastruct… │ │ │
│ │ │                     object at 0x10a11f470>,                          │ │ │
│ │ │                     │   strict_content_type=True,                    │ │ │
│ │ │                     │   tags=['feedback'],                           │ │ │
│ │ │                     │   responses={},                                │ │ │
│ │ │                     │   name='submit_feedback',                      │ │ │
│ │ │                     │   path_regex=re.compile('^/v1/feedback$'),     │ │ │
│ │ │                     │   path_format='/v1/feedback',                  │ │ │
│ │ │                     │   param_convertors={},                         │ │ │
│ │ │                     │   methods={'POST'},                            │ │ │
│ │ │                     │                                                │ │ │
│ │ │                     unique_id='submit_feedback_v1_feedback_post',    │ │ │
│ │ │                     │   status_code=None,                            │ │ │
│ │ │                     │   response_field=None,                         │ │ │
│ │ │                     │   stream_item_field=None,                      │ │ │
│ │ │                     │   dependencies=[                               │ │ │
│ │ │                     │   │   Depends(                                 │ │ │
│ │ │                     │   │   │   dependency=<function require_api_key │ │ │
│ │ │                     at 0x10a5009a0>,                                 │ │ │
│ │ │                     │   │   │   use_cache=True,                      │ │ │
│ │ │                     │   │   │   scope=None                           │ │ │
│ │ │                     │   │   )                                        │ │ │
│ │ │                     │   ],                                           │ │ │
│ │ │                     │   description='Submit retrieval feedback to    │ │ │
│ │ │                     adjust node importance scores.\n\nBumps          │ │ │
│ │ │                     importance on'+116,                              │ │ │
│ │ │                     │   response_fields={},                          │ │ │
│ │ │                     │   dependant=Dependant(                         │ │ │
│ │ │                     │   │   path_params=[],                          │ │ │
│ │ │                     │   │   query_params=[],                         │ │ │
│ │ │                     │   │   header_params=[],                        │ │ │
│ │ │                     │   │   cookie_params=[],                        │ │ │
│ │ │                     │   │   body_params=[                            │ │ │
│ │ │                     │   │   │   ModelField(                          │ │ │
│ │ │                     │   │   │   │   field_info=Body(                 │ │ │
│ │ │                     │   │   │   │   │                                │ │ │
│ │ │                     annotation=RetrievalFeedback,                    │ │ │
│ │ │                     │   │   │   │   │   required=True,               │ │ │
│ │ │                     │   │   │   │   │   alias='feedback',            │ │ │
│ │ │                     │   │   │   │   │   json_schema_extra={}         │ │ │
│ │ │                     │   │   │   │   ),                               │ │ │
│ │ │                     │   │   │   │   name='feedback',                 │ │ │
│ │ │                     │   │   │   │   mode='validation',               │ │ │
│ │ │                     │   │   │   │   config=None                      │ │ │
│ │ │                     │   │   │   )                                    │ │ │
│ │ │                     │   │   ],                                       │ │ │
│ │ │                     │   │   dependencies=[                           │ │ │
│ │ │                     │   │   │   Dependant(                           │ │ │
│ │ │                     │   │   │   │   path_params=[],                  │ │ │
│ │ │                     │   │   │   │   query_params=[],                 │ │ │
│ │ │                     │   │   │   │   header_params=[],                │ │ │
│ │ │                     │   │   │   │   cookie_params=[],                │ │ │
│ │ │                     │   │   │   │   body_params=[],                  │ │ │
│ │ │                     │   │   │   │   dependencies=[],                 │ │ │
│ │ │                     │   │   │   │   name=None,                       │ │ │
│ │ │                     │   │   │   │   call=<function require_api_key   │ │ │
│ │ │                     at 0x10a5009a0>,                                 │ │ │
│ │ │                     │   │   │   │   request_param_name='request',    │ │ │
│ │ │                     │   │   │   │   websocket_param_name=None,       │ │ │
│ │ │                     │   │   │   │   http_connection_param_name=None, │ │ │
│ │ │                     │   │   │   │   response_param_name=None,        │ │ │
│ │ │                     │   │   │   │                                    │ │ │
│ │ │                     background_tasks_param_name=None,                │ │ │
│ │ │                     │   │   │   │   security_scopes_param_name=None, │ │ │
│ │ │                     │   │   │   │   own_oauth_scopes=[],             │ │ │
│ │ │                     │   │   │   │   parent_oauth_scopes=None,        │ │ │
│ │ │                     │   │   │   │   use_cache=True,                  │ │ │
│ │ │                     │   │   │   │   path='/v1/feedback',             │ │ │
│ │ │                     │   │   │   │   scope=None                       │ │ │
│ │ │                     │   │   │   ),                                   │ │ │
│ │ │                     │   │   │   Dependant(                           │ │ │
│ │ │                     │   │   │   │   path_params=[],                  │ │ │
│ │ │                     │   │   │   │   query_params=[],                 │ │ │
│ │ │                     │   │   │   │   header_params=[],                │ │ │
│ │ │                     │   │   │   │   cookie_params=[],                │ │ │
│ │ │                     │   │   │   │   body_params=[],                  │ │ │
│ │ │                     │   │   │   │   dependencies=[],                 │ │ │
│ │ │                     │   │   │   │   name='event_store',              │ │ │
│ │ │                     │   │   │   │   call=<function get_event_store   │ │ │
│ │ │                     at 0x10a50fe20>,                                 │ │ │
│ │ │                     │   │   │   │   request_param_name='request',    │ │ │
│ │ │                     │   │   │   │   websocket_param_name=None,       │ │ │
│ │ │                     │   │   │   │   http_connection_param_name=None, │ │ │
│ │ │                     │   │   │   │   response_param_name=None,        │ │ │
│ │ │                     │   │   │   │                                    │ │ │
│ │ │                     background_tasks_param_name=None,                │ │ │
│ │ │                     │   │   │   │   security_scopes_param_name=None, │ │ │
│ │ │                     │   │   │   │   own_oauth_scopes=[],             │ │ │
│ │ │                     │   │   │   │   parent_oauth_scopes=[],          │ │ │
│ │ │                     │   │   │   │   use_cache=True,                  │ │ │
│ │ │                     │   │   │   │   path='/v1/feedback',             │ │ │
│ │ │                     │   │   │   │   scope=None                       │ │ │
│ │ │                     │   │   │   ),                                   │ │ │
│ │ │                     │   │   │   Dependant(                           │ │ │
│ │ │                     │   │   │   │   path_params=[],                  │ │ │
│ │ │                     │   │   │   │   query_params=[],                 │ │ │
│ │ │                     │   │   │   │   header_params=[],                │ │ │
│ │ │                     │   │   │   │   cookie_params=[],                │ │ │
│ │ │                     │   │   │   │   body_params=[],                  │ │ │
│ │ │                     │   │   │   │   dependencies=[],                 │ │ │
│ │ │                     │   │   │   │   name='graph_store',              │ │ │
│ │ │                     │   │   │   │   call=<function get_graph_store   │ │ │
│ │ │                     at 0x10a500220>,                                 │ │ │
│ │ │                     │   │   │   │   request_param_name='request',    │ │ │
│ │ │                     │   │   │   │   websocket_param_name=None,       │ │ │
│ │ │                     │   │   │   │   http_connection_param_name=None, │ │ │
│ │ │                     │   │   │   │   response_param_name=None,        │ │ │
│ │ │                     │   │   │   │                                    │ │ │
│ │ │                     background_tasks_param_name=None,                │ │ │
│ │ │                     │   │   │   │   security_scopes_param_name=None, │ │ │
│ │ │                     │   │   │   │   own_oauth_scopes=[],             │ │ │
│ │ │                     │   │   │   │   parent_oauth_scopes=[],          │ │ │
│ │ │                     │   │   │   │   use_cache=True,                  │ │ │
│ │ │                     │   │   │   │   path='/v1/feedback',             │ │ │
│ │ │                     │   │   │   │   scope=None                       │ │ │
│ │ │                     │   │   │   )                                    │ │ │
│ │ │                     │   │   ],                                       │ │ │
│ │ │                     │   │   name=None,                               │ │ │
│ │ │                     │   │   call=<function submit_feedback at        │ │ │
│ │ │                     0x10aac0860>,                                    │ │ │
│ │ │                     │   │   request_param_name=None,                 │ │ │
│ │ │                     │   │   websocket_param_name=None,               │ │ │
│ │ │                     │   │   http_connection_param_name=None,         │ │ │
│ │ │                     │   │   response_param_name=None,                │ │ │
│ │ │                     │   │   background_tasks_param_name=None,        │ │ │
│ │ │                     │   │   security_scopes_param_name=None,         │ │ │
│ │ │                     │   │   own_oauth_scopes=None,                   │ │ │
│ │ │                     │   │   parent_oauth_scopes=None,                │ │ │
│ │ │                     │   │   use_cache=True,                          │ │ │
│ │ │                     │   │   path='/v1/feedback',                     │ │ │
│ │ │                     │   │   scope='function'                         │ │ │
│ │ │                     │   ),                                           │ │ │
│ │ │                     │   _embed_body_fields=False,                    │ │ │
│ │ │                     │   body_field=ModelField(                       │ │ │
│ │ │                     │   │   field_info=Body(                         │ │ │
│ │ │                     │   │   │   annotation=RetrievalFeedback,        │ │ │
│ │ │                     │   │   │   required=True,                       │ │ │
│ │ │                     │   │   │   alias='feedback',                    │ │ │
│ │ │                     │   │   │   json_schema_extra={}                 │ │ │
│ │ │                     │   │   ),                                       │ │ │
│ │ │                     │   │   name='feedback',                         │ │ │
│ │ │                     │   │   mode='validation',                       │ │ │
│ │ │                     │   │   config=None                              │ │ │
│ │ │                     │   ),                                           │ │ │
│ │ │                     │   is_sse_stream=False,                         │ │ │
│ │ │                     │   is_json_stream=False                         │ │ │
│ │ │                     )                                                │ │ │
│ │ │           methods = {'POST'}                                         │ │ │
│ │ │             scope = {                                                │ │ │
│ │ │                     │   'type': 'http',                              │ │ │
│ │ │                     │   'asgi': {'version': '3.0'},                  │ │ │
│ │ │                     │   'http_version': '1.1',                       │ │ │
│ │ │                     │   'method': 'POST',                            │ │ │
│ │ │                     │   'headers': [                                 │ │ │
│ │ │                     │   │   (b'host', b'compat'),                    │ │ │
│ │ │                     │   │   (b'accept', b'*/*'),                     │ │ │
│ │ │                     │   │   (b'accept-encoding', b'gzip, deflate'),  │ │ │
│ │ │                     │   │   (b'connection', b'keep-alive'),          │ │ │
│ │ │                     │   │   (                                        │ │ │
│ │ │                     │   │   │   b'user-agent',                       │ │ │
│ │ │                     │   │   │   b'python-httpx/0.28.1'               │ │ │
│ │ │                     │   │   ),                                       │ │ │
│ │ │                     │   │   (b'content-length', b'190'),             │ │ │
│ │ │                     │   │   (b'content-type', b'application/json')   │ │ │
│ │ │                     │   ],                                           │ │ │
│ │ │                     │   'scheme': 'http',                            │ │ │
│ │ │                     │   'path': '/v1/feedback',                      │ │ │
│ │ │                     │   'raw_path': b'/v1/feedback',                 │ │ │
│ │ │                     │   'query_string': b'',                         │ │ │
│ │ │                     │   'server': ('compat', None),                  │ │ │
│ │ │                     │   ... +13                                      │ │ │
│ │ │                     }                                                │ │ │
│ │ │              self = APIRoute(path='/feedback',                       │ │ │
│ │ │                     name='submit_feedback', methods=['POST'])        │ │ │
│ │ ╰──────────────────────────────────────────────────────────────────────╯ │ │
│ │                                                                          │ │
│ │ /private/tmp/engram-ontology-review-venv/lib/python3.12/site-packages/fa │ │
│ │ stapi/routing.py:165 in app                                              │ │
│ │                                                                          │ │
│ │    162 │   │   │   │   )                                                 │ │
│ │    163 │   │                                                             │ │
│ │    164 │   │   # Same as in Starlette                                    │ │
│ │ ❱  165 │   │   await wrap_app_handling_exceptions(app, request)(scope, r │ │
│ │    166 │                                                                 │ │
│ │    167 │   return app                                                    │ │
│ │    168                                                                   │ │
│ │                                                                          │ │
│ │ ╭─────────────────────────── locals ───────────────────────────╮         │ │
│ │ │ request = <starlette.requests.Request object at 0x112ca0680> │         │ │
│ │ │   scope = {                                                  │         │ │
│ │ │           │   'type': 'http',                                │         │ │
│ │ │           │   'asgi': {'version': '3.0'},                    │         │ │
│ │ │           │   'http_version': '1.1',                         │         │ │
│ │ │           │   'method': 'POST',                              │         │ │
│ │ │           │   'headers': [                                   │         │ │
│ │ │           │   │   (b'host', b'compat'),                      │         │ │
│ │ │           │   │   (b'accept', b'*/*'),                       │         │ │
│ │ │           │   │   (b'accept-encoding', b'gzip, deflate'),    │         │ │
│ │ │           │   │   (b'connection', b'keep-alive'),            │         │ │
│ │ │           │   │   (b'user-agent', b'python-httpx/0.28.1'),   │         │ │
│ │ │           │   │   (b'content-length', b'190'),               │         │ │
│ │ │           │   │   (b'content-type', b'application/json')     │         │ │
│ │ │           │   ],                                             │         │ │
│ │ │           │   'scheme': 'http',                              │         │ │
│ │ │           │   'path': '/v1/feedback',                        │         │ │
│ │ │           │   'raw_path': b'/v1/feedback',                   │         │ │
│ │ │           │   'query_string': b'',                           │         │ │
│ │ │           │   'server': ('compat', None),                    │         │ │
│ │ │           │   ... +13                                        │         │ │
│ │ │           }                                                  │         │ │
│ │ ╰──────────────────────────────────────────────────────────────╯         │ │
│ │                                                                          │ │
│ │ /private/tmp/engram-ontology-review-venv/lib/python3.12/site-packages/st │ │
│ │ arlette/_exception_handler.py:53 in wrapped_app                          │ │
│ │                                                                          │ │
│ │   50 │   │   │   │   handler = _lookup_exception_handler(exception_handl │ │
│ │   51 │   │   │                                                           │ │
│ │   52 │   │   │   if handler is None:                                     │ │
│ │ ❱ 53 │   │   │   │   raise exc                                           │ │
│ │   54 │   │   │                                                           │ │
│ │   55 │   │   │   if response_started:                                    │ │
│ │   56 │   │   │   │   raise RuntimeError("Caught handled exception, but r │ │
│ │      started.") from exc                                                 │ │
│ │                                                                          │ │
│ │ ╭─────────────────────────────── locals ───────────────────────────────╮ │ │
│ │ │               conn = <starlette.requests.Request object at           │ │ │
│ │ │                      0x112ca0680>                                    │ │ │
│ │ │ exception_handlers = {                                               │ │ │
│ │ │                      │   <class                                      │ │ │
│ │ │                      'starlette.exceptions.HTTPException'>:          │ │ │
│ │ │                      <function http_exception_handler at             │ │ │
│ │ │                      0x10a222ac0>,                                   │ │ │
│ │ │                      │   <class                                      │ │ │
│ │ │                      'starlette.exceptions.WebSocketException'>:     │ │ │
│ │ │                      <bound method                                   │ │ │
│ │ │                      ExceptionMiddleware.websocket_exception of      │ │ │
│ │ │                      <starlette.middleware.exceptions.ExceptionMidd… │ │ │
│ │ │                      object at 0x112c35280>>,                        │ │ │
│ │ │                      │   <class                                      │ │ │
│ │ │                      'fastapi.exceptions.RequestValidationError'>:   │ │ │
│ │ │                      <function request_validation_exception_handler  │ │ │
│ │ │                      at 0x10a41df80>,                                │ │ │
│ │ │                      │   <class                                      │ │ │
│ │ │                      'fastapi.exceptions.WebSocketRequestValidation… │ │ │
│ │ │                      <function                                       │ │ │
│ │ │                      websocket_request_validation_exception_handler  │ │ │
│ │ │                      at 0x10a41e020>,                                │ │ │
│ │ │                      │   <class                                      │ │ │
│ │ │                      'context_graph.domain.validation.ValidationErr… │ │ │
│ │ │                      <function _validation_error_handler at          │ │ │
│ │ │                      0x10a50eca0>                                    │ │ │
│ │ │                      }                                               │ │ │
│ │ │            handler = None                                            │ │ │
│ │ │   response_started = False                                           │ │ │
│ │ │              scope = {                                               │ │ │
│ │ │                      │   'type': 'http',                             │ │ │
│ │ │                      │   'asgi': {'version': '3.0'},                 │ │ │
│ │ │                      │   'http_version': '1.1',                      │ │ │
│ │ │                      │   'method': 'POST',                           │ │ │
│ │ │                      │   'headers': [                                │ │ │
│ │ │                      │   │   (b'host', b'compat'),                   │ │ │
│ │ │                      │   │   (b'accept', b'*/*'),                    │ │ │
│ │ │                      │   │   (                                       │ │ │
│ │ │                      │   │   │   b'accept-encoding',                 │ │ │
│ │ │                      │   │   │   b'gzip, deflate'                    │ │ │
│ │ │                      │   │   ),                                      │ │ │
│ │ │                      │   │   (b'connection', b'keep-alive'),         │ │ │
│ │ │                      │   │   (                                       │ │ │
│ │ │                      │   │   │   b'user-agent',                      │ │ │
│ │ │                      │   │   │   b'python-httpx/0.28.1'              │ │ │
│ │ │                      │   │   ),                                      │ │ │
│ │ │                      │   │   (b'content-length', b'190'),            │ │ │
│ │ │                      │   │   (                                       │ │ │
│ │ │                      │   │   │   b'content-type',                    │ │ │
│ │ │                      │   │   │   b'application/json'                 │ │ │
│ │ │                      │   │   )                                       │ │ │
│ │ │                      │   ],                                          │ │ │
│ │ │                      │   'scheme': 'http',                           │ │ │
│ │ │                      │   'path': '/v1/feedback',                     │ │ │
│ │ │                      │   'raw_path': b'/v1/feedback',                │ │ │
│ │ │                      │   'query_string': b'',                        │ │ │
│ │ │                      │   'server': ('compat', None),                 │ │ │
│ │ │                      │   ... +13                                     │ │ │
│ │ │                      }                                               │ │ │
│ │ │    status_handlers = {}                                              │ │ │
│ │ ╰──────────────────────────────────────────────────────────────────────╯ │ │
│ │                                                                          │ │
│ │ /private/tmp/engram-ontology-review-venv/lib/python3.12/site-packages/st │ │
│ │ arlette/_exception_handler.py:42 in wrapped_app                          │ │
│ │                                                                          │ │
│ │   39 │   │   │   await send(message)                                     │ │
│ │   40 │   │                                                               │ │
│ │   41 │   │   try:                                                        │ │
│ │ ❱ 42 │   │   │   await app(scope, receive, sender)                       │ │
│ │   43 │   │   except Exception as exc:                                    │ │
│ │   44 │   │   │   handler = None                                          │ │
│ │   45                                                                     │ │
│ │                                                                          │ │
│ │ ╭─────────────────────────────── locals ───────────────────────────────╮ │ │
│ │ │               conn = <starlette.requests.Request object at           │ │ │
│ │ │                      0x112ca0680>                                    │ │ │
│ │ │ exception_handlers = {                                               │ │ │
│ │ │                      │   <class                                      │ │ │
│ │ │                      'starlette.exceptions.HTTPException'>:          │ │ │
│ │ │                      <function http_exception_handler at             │ │ │
│ │ │                      0x10a222ac0>,                                   │ │ │
│ │ │                      │   <class                                      │ │ │
│ │ │                      'starlette.exceptions.WebSocketException'>:     │ │ │
│ │ │                      <bound method                                   │ │ │
│ │ │                      ExceptionMiddleware.websocket_exception of      │ │ │
│ │ │                      <starlette.middleware.exceptions.ExceptionMidd… │ │ │
│ │ │                      object at 0x112c35280>>,                        │ │ │
│ │ │                      │   <class                                      │ │ │
│ │ │                      'fastapi.exceptions.RequestValidationError'>:   │ │ │
│ │ │                      <function request_validation_exception_handler  │ │ │
│ │ │                      at 0x10a41df80>,                                │ │ │
│ │ │                      │   <class                                      │ │ │
│ │ │                      'fastapi.exceptions.WebSocketRequestValidation… │ │ │
│ │ │                      <function                                       │ │ │
│ │ │                      websocket_request_validation_exception_handler  │ │ │
│ │ │                      at 0x10a41e020>,                                │ │ │
│ │ │                      │   <class                                      │ │ │
│ │ │                      'context_graph.domain.validation.ValidationErr… │ │ │
│ │ │                      <function _validation_error_handler at          │ │ │
│ │ │                      0x10a50eca0>                                    │ │ │
│ │ │                      }                                               │ │ │
│ │ │            handler = None                                            │ │ │
│ │ │   response_started = False                                           │ │ │
│ │ │              scope = {                                               │ │ │
│ │ │                      │   'type': 'http',                             │ │ │
│ │ │                      │   'asgi': {'version': '3.0'},                 │ │ │
│ │ │                      │   'http_version': '1.1',                      │ │ │
│ │ │                      │   'method': 'POST',                           │ │ │
│ │ │                      │   'headers': [                                │ │ │
│ │ │                      │   │   (b'host', b'compat'),                   │ │ │
│ │ │                      │   │   (b'accept', b'*/*'),                    │ │ │
│ │ │                      │   │   (                                       │ │ │
│ │ │                      │   │   │   b'accept-encoding',                 │ │ │
│ │ │                      │   │   │   b'gzip, deflate'                    │ │ │
│ │ │                      │   │   ),                                      │ │ │
│ │ │                      │   │   (b'connection', b'keep-alive'),         │ │ │
│ │ │                      │   │   (                                       │ │ │
│ │ │                      │   │   │   b'user-agent',                      │ │ │
│ │ │                      │   │   │   b'python-httpx/0.28.1'              │ │ │
│ │ │                      │   │   ),                                      │ │ │
│ │ │                      │   │   (b'content-length', b'190'),            │ │ │
│ │ │                      │   │   (                                       │ │ │
│ │ │                      │   │   │   b'content-type',                    │ │ │
│ │ │                      │   │   │   b'application/json'                 │ │ │
│ │ │                      │   │   )                                       │ │ │
│ │ │                      │   ],                                          │ │ │
│ │ │                      │   'scheme': 'http',                           │ │ │
│ │ │                      │   'path': '/v1/feedback',                     │ │ │
│ │ │                      │   'raw_path': b'/v1/feedback',                │ │ │
│ │ │                      │   'query_string': b'',                        │ │ │
│ │ │                      │   'server': ('compat', None),                 │ │ │
│ │ │                      │   ... +13                                     │ │ │
│ │ │                      }                                               │ │ │
│ │ │    status_handlers = {}                                              │ │ │
│ │ ╰──────────────────────────────────────────────────────────────────────╯ │ │
│ │                                                                          │ │
│ │ /private/tmp/engram-ontology-review-venv/lib/python3.12/site-packages/fa │ │
│ │ stapi/routing.py:151 in app                                              │ │
│ │                                                                          │ │
│ │    148 │   │   │   │   scope["fastapi_inner_astack"] = request_stack     │ │
│ │    149 │   │   │   │   async with AsyncExitStack() as function_stack:    │ │
│ │    150 │   │   │   │   │   scope["fastapi_function_astack"] = function_s │ │
│ │ ❱  151 │   │   │   │   │   response = await f(request)                   │ │
│ │    152 │   │   │   │   await response(scope, receive, send)              │ │
│ │    153 │   │   │   │   # Continues customization                         │ │
│ │    154 │   │   │   │   response_awaited = True                           │ │
│ │                                                                          │ │
│ │ ╭─────────────────────────────── locals ───────────────────────────────╮ │ │
│ │ │   function_stack = <contextlib.AsyncExitStack object at 0x112ca3530> │ │ │
│ │ │          request = <starlette.requests.Request object at             │ │ │
│ │ │                    0x112ca0680>                                      │ │ │
│ │ │    request_stack = <contextlib.AsyncExitStack object at 0x112ca1550> │ │ │
│ │ │ response_awaited = False                                             │ │ │
│ │ │            scope = {                                                 │ │ │
│ │ │                    │   'type': 'http',                               │ │ │
│ │ │                    │   'asgi': {'version': '3.0'},                   │ │ │
│ │ │                    │   'http_version': '1.1',                        │ │ │
│ │ │                    │   'method': 'POST',                             │ │ │
│ │ │                    │   'headers': [                                  │ │ │
│ │ │                    │   │   (b'host', b'compat'),                     │ │ │
│ │ │                    │   │   (b'accept', b'*/*'),                      │ │ │
│ │ │                    │   │   (b'accept-encoding', b'gzip, deflate'),   │ │ │
│ │ │                    │   │   (b'connection', b'keep-alive'),           │ │ │
│ │ │                    │   │   (b'user-agent', b'python-httpx/0.28.1'),  │ │ │
│ │ │                    │   │   (b'content-length', b'190'),              │ │ │
│ │ │                    │   │   (b'content-type', b'application/json')    │ │ │
│ │ │                    │   ],                                            │ │ │
│ │ │                    │   'scheme': 'http',                             │ │ │
│ │ │                    │   'path': '/v1/feedback',                       │ │ │
│ │ │                    │   'raw_path': b'/v1/feedback',                  │ │ │
│ │ │                    │   'query_string': b'',                          │ │ │
│ │ │                    │   'server': ('compat', None),                   │ │ │
│ │ │                    │   ... +13                                       │ │ │
│ │ │                    }                                                 │ │ │
│ │ ╰──────────────────────────────────────────────────────────────────────╯ │ │
│ │                                                                          │ │
│ │ /private/tmp/engram-ontology-review-venv/lib/python3.12/site-packages/fa │ │
│ │ stapi/routing.py:727 in app                                              │ │
│ │                                                                          │ │
│ │    724 │   │   │   │   response = actual_response_class(content=gen, **r │ │
│ │    725 │   │   │   │   response.headers.raw.extend(solved_result.respons │ │
│ │    726 │   │   │   else:                                                 │ │
│ │ ❱  727 │   │   │   │   raw_response = await run_endpoint_function(       │ │
│ │    728 │   │   │   │   │   dependant=dependant,                          │ │
│ │    729 │   │   │   │   │   values=solved_result.values,                  │ │
│ │    730 │   │   │   │   │   is_coroutine=is_coroutine,                    │ │
│ │                                                                          │ │
│ │ ╭─────────────────────────────── locals ───────────────────────────────╮ │ │
│ │ │      actual_strict_content_type = True                               │ │ │
│ │ │                async_exit_stack = <contextlib.AsyncExitStack object  │ │ │
│ │ │                                   at 0x112ca1550>                    │ │ │
│ │ │                            body = {                                  │ │ │
│ │ │                                   │   'query_id':                    │ │ │
│ │ │                                   'resume-partial-feedback',         │ │ │
│ │ │                                   │   'session_id': 'tied-context',  │ │ │
│ │ │                                   │   'helpful_node_ids': [          │ │ │
│ │ │                                   │   │                              │ │ │
│ │ │                                   '5e8cedc3-fdb5-4429-8c19-823c5a91… │ │ │
│ │ │                                   │   │                              │ │ │
│ │ │                                   '1c55f3dd-47a0-4b32-9c79-8cb05e6c… │ │ │
│ │ │                                   │   ],                             │ │ │
│ │ │                                   │   'irrelevant_node_ids': []      │ │ │
│ │ │                                   }                                  │ │ │
│ │ │                      body_bytes = b'{"query_id":"resume-partial-fee… │ │ │
│ │ │                      body_field = ModelField(                        │ │ │
│ │ │                                   │   field_info=Body(               │ │ │
│ │ │                                   │   │                              │ │ │
│ │ │                                   annotation=RetrievalFeedback,      │ │ │
│ │ │                                   │   │   required=True,             │ │ │
│ │ │                                   │   │   alias='feedback',          │ │ │
│ │ │                                   │   │   json_schema_extra={}       │ │ │
│ │ │                                   │   ),                             │ │ │
│ │ │                                   │   name='feedback',               │ │ │
│ │ │                                   │   mode='validation',             │ │ │
│ │ │                                   │   config=None                    │ │ │
│ │ │                                   )                                  │ │ │
│ │ │              content_type_value = 'application/json'                 │ │ │
│ │ │                       dependant = Dependant(                         │ │ │
│ │ │                                   │   path_params=[],                │ │ │
│ │ │                                   │   query_params=[],               │ │ │
│ │ │                                   │   header_params=[],              │ │ │
│ │ │                                   │   cookie_params=[],              │ │ │
│ │ │                                   │   body_params=[                  │ │ │
│ │ │                                   │   │   ModelField(                │ │ │
│ │ │                                   │   │   │   field_info=Body(       │ │ │
│ │ │                                   │   │   │   │                      │ │ │
│ │ │                                   annotation=RetrievalFeedback,      │ │ │
│ │ │                                   │   │   │   │   required=True,     │ │ │
│ │ │                                   │   │   │   │   alias='feedback',  │ │ │
│ │ │                                   │   │   │   │                      │ │ │
│ │ │                                   json_schema_extra={}               │ │ │
│ │ │                                   │   │   │   ),                     │ │ │
│ │ │                                   │   │   │   name='feedback',       │ │ │
│ │ │                                   │   │   │   mode='validation',     │ │ │
│ │ │                                   │   │   │   config=None            │ │ │
│ │ │                                   │   │   )                          │ │ │
│ │ │                                   │   ],                             │ │ │
│ │ │                                   │   dependencies=[                 │ │ │
│ │ │                                   │   │   Dependant(                 │ │ │
│ │ │                                   │   │   │   path_params=[],        │ │ │
│ │ │                                   │   │   │   query_params=[],       │ │ │
│ │ │                                   │   │   │   header_params=[],      │ │ │
│ │ │                                   │   │   │   cookie_params=[],      │ │ │
│ │ │                                   │   │   │   body_params=[],        │ │ │
│ │ │                                   │   │   │   dependencies=[],       │ │ │
│ │ │                                   │   │   │   name=None,             │ │ │
│ │ │                                   │   │   │   call=<function         │ │ │
│ │ │                                   require_api_key at 0x10a5009a0>,   │ │ │
│ │ │                                   │   │   │                          │ │ │
│ │ │                                   request_param_name='request',      │ │ │
│ │ │                                   │   │   │                          │ │ │
│ │ │                                   websocket_param_name=None,         │ │ │
│ │ │                                   │   │   │                          │ │ │
│ │ │                                   http_connection_param_name=None,   │ │ │
│ │ │                                   │   │   │                          │ │ │
│ │ │                                   response_param_name=None,          │ │ │
│ │ │                                   │   │   │                          │ │ │
│ │ │                                   background_tasks_param_name=None,  │ │ │
│ │ │                                   │   │   │                          │ │ │
│ │ │                                   security_scopes_param_name=None,   │ │ │
│ │ │                                   │   │   │   own_oauth_scopes=[],   │ │ │
│ │ │                                   │   │   │                          │ │ │
│ │ │                                   parent_oauth_scopes=None,          │ │ │
│ │ │                                   │   │   │   use_cache=True,        │ │ │
│ │ │                                   │   │   │   path='/v1/feedback',   │ │ │
│ │ │                                   │   │   │   scope=None             │ │ │
│ │ │                                   │   │   ),                         │ │ │
│ │ │                                   │   │   Dependant(                 │ │ │
│ │ │                                   │   │   │   path_params=[],        │ │ │
│ │ │                                   │   │   │   query_params=[],       │ │ │
│ │ │                                   │   │   │   header_params=[],      │ │ │
│ │ │                                   │   │   │   cookie_params=[],      │ │ │
│ │ │                                   │   │   │   body_params=[],        │ │ │
│ │ │                                   │   │   │   dependencies=[],       │ │ │
│ │ │                                   │   │   │   name='event_store',    │ │ │
│ │ │                                   │   │   │   call=<function         │ │ │
│ │ │                                   get_event_store at 0x10a50fe20>,   │ │ │
│ │ │                                   │   │   │                          │ │ │
│ │ │                                   request_param_name='request',      │ │ │
│ │ │                                   │   │   │                          │ │ │
│ │ │                                   websocket_param_name=None,         │ │ │
│ │ │                                   │   │   │                          │ │ │
│ │ │                                   http_connection_param_name=None,   │ │ │
│ │ │                                   │   │   │                          │ │ │
│ │ │                                   response_param_name=None,          │ │ │
│ │ │                                   │   │   │                          │ │ │
│ │ │                                   background_tasks_param_name=None,  │ │ │
│ │ │                                   │   │   │                          │ │ │
│ │ │                                   security_scopes_param_name=None,   │ │ │
│ │ │                                   │   │   │   own_oauth_scopes=[],   │ │ │
│ │ │                                   │   │   │                          │ │ │
│ │ │                                   parent_oauth_scopes=[],            │ │ │
│ │ │                                   │   │   │   use_cache=True,        │ │ │
│ │ │                                   │   │   │   path='/v1/feedback',   │ │ │
│ │ │                                   │   │   │   scope=None             │ │ │
│ │ │                                   │   │   ),                         │ │ │
│ │ │                                   │   │   Dependant(                 │ │ │
│ │ │                                   │   │   │   path_params=[],        │ │ │
│ │ │                                   │   │   │   query_params=[],       │ │ │
│ │ │                                   │   │   │   header_params=[],      │ │ │
│ │ │                                   │   │   │   cookie_params=[],      │ │ │
│ │ │                                   │   │   │   body_params=[],        │ │ │
│ │ │                                   │   │   │   dependencies=[],       │ │ │
│ │ │                                   │   │   │   name='graph_store',    │ │ │
│ │ │                                   │   │   │   call=<function         │ │ │
│ │ │                                   get_graph_store at 0x10a500220>,   │ │ │
│ │ │                                   │   │   │                          │ │ │
│ │ │                                   request_param_name='request',      │ │ │
│ │ │                                   │   │   │                          │ │ │
│ │ │                                   websocket_param_name=None,         │ │ │
│ │ │                                   │   │   │                          │ │ │
│ │ │                                   http_connection_param_name=None,   │ │ │
│ │ │                                   │   │   │                          │ │ │
│ │ │                                   response_param_name=None,          │ │ │
│ │ │                                   │   │   │                          │ │ │
│ │ │                                   background_tasks_param_name=None,  │ │ │
│ │ │                                   │   │   │                          │ │ │
│ │ │                                   security_scopes_param_name=None,   │ │ │
│ │ │                                   │   │   │   own_oauth_scopes=[],   │ │ │
│ │ │                                   │   │   │                          │ │ │
│ │ │                                   parent_oauth_scopes=[],            │ │ │
│ │ │                                   │   │   │   use_cache=True,        │ │ │
│ │ │                                   │   │   │   path='/v1/feedback',   │ │ │
│ │ │                                   │   │   │   scope=None             │ │ │
│ │ │                                   │   │   )                          │ │ │
│ │ │                                   │   ],                             │ │ │
│ │ │                                   │   name=None,                     │ │ │
│ │ │                                   │   call=<function submit_feedback │ │ │
│ │ │                                   at 0x10aac0860>,                   │ │ │
│ │ │                                   │   request_param_name=None,       │ │ │
│ │ │                                   │   websocket_param_name=None,     │ │ │
│ │ │                                   │                                  │ │ │
│ │ │                                   http_connection_param_name=None,   │ │ │
│ │ │                                   │   response_param_name=None,      │ │ │
│ │ │                                   │                                  │ │ │
│ │ │                                   background_tasks_param_name=None,  │ │ │
│ │ │                                   │                                  │ │ │
│ │ │                                   security_scopes_param_name=None,   │ │ │
│ │ │                                   │   own_oauth_scopes=None,         │ │ │
│ │ │                                   │   parent_oauth_scopes=None,      │ │ │
│ │ │                                   │   use_cache=True,                │ │ │
│ │ │                                   │   path='/v1/feedback',           │ │ │
│ │ │                                   │   scope='function'               │ │ │
│ │ │                                   )                                  │ │ │
│ │ │   dependency_overrides_provider = <fastapi.applications.FastAPI      │ │ │
│ │ │                                   object at 0x1096cfc80>             │ │ │
│ │ │               embed_body_fields = False                              │ │ │
│ │ │                    endpoint_ctx = {                                  │ │ │
│ │ │                                   │   'file':                        │ │ │
│ │ │                                   '/Users/arunmenon/projects/Engram… │ │ │
│ │ │                                   │   'line': 39,                    │ │ │
│ │ │                                   │   'function': 'submit_feedback', │ │ │
│ │ │                                   │   'path': 'POST /v1/feedback'    │ │ │
│ │ │                                   }                                  │ │ │
│ │ │                          errors = []                                 │ │ │
│ │ │                      file_stack = <contextlib.AsyncExitStack object  │ │ │
│ │ │                                   at 0x112cb0e90>                    │ │ │
│ │ │                    is_body_form = False                              │ │ │
│ │ │                    is_coroutine = True                               │ │ │
│ │ │                  is_json_stream = False                              │ │ │
│ │ │                   is_sse_stream = False                              │ │ │
│ │ │                       json_body = {                                  │ │ │
│ │ │                                   │   'query_id':                    │ │ │
│ │ │                                   'resume-partial-feedback',         │ │ │
│ │ │                                   │   'session_id': 'tied-context',  │ │ │
│ │ │                                   │   'helpful_node_ids': [          │ │ │
│ │ │                                   │   │                              │ │ │
│ │ │                                   '5e8cedc3-fdb5-4429-8c19-823c5a91… │ │ │
│ │ │                                   │   │                              │ │ │
│ │ │                                   '1c55f3dd-47a0-4b32-9c79-8cb05e6c… │ │ │
│ │ │                                   │   ],                             │ │ │
│ │ │                                   │   'irrelevant_node_ids': []      │ │ │
│ │ │                                   }                                  │ │ │
│ │ │                         message = <email.message.Message object at   │ │ │
│ │ │                                   0x112cd9a60>                       │ │ │
│ │ │                      mount_path = ''                                 │ │ │
│ │ │                         request = <starlette.requests.Request object │ │ │
│ │ │                                   at 0x112ca0680>                    │ │ │
│ │ │                        response = None                               │ │ │
│ │ │                  response_field = None                               │ │ │
│ │ │         response_model_by_alias = True                               │ │ │
│ │ │          response_model_exclude = None                               │ │ │
│ │ │ response_model_exclude_defaults = False                              │ │ │
│ │ │     response_model_exclude_none = False                              │ │ │
│ │ │    response_model_exclude_unset = False                              │ │ │
│ │ │          response_model_include = None                               │ │ │
│ │ │                   solved_result = SolvedDependency(                  │ │ │
│ │ │                                   │   values={                       │ │ │
│ │ │                                   │   │   'event_store':             │ │ │
│ │ │                                   <context_graph.adapters.spanner.l… │ │ │
│ │ │                                   object at 0x112c417c0>,            │ │ │
│ │ │                                   │   │   'graph_store':             │ │ │
│ │ │                                   <context_graph.adapters.spanner.g… │ │ │
│ │ │                                   object at 0x112c41370>,            │ │ │
│ │ │                                   │   │   'feedback':                │ │ │
│ │ │                                   RetrievalFeedback(                 │ │ │
│ │ │                                   │   │   │                          │ │ │
│ │ │                                   query_id='resume-partial-feedback… │ │ │
│ │ │                                   │   │   │                          │ │ │
│ │ │                                   session_id='tied-context',         │ │ │
│ │ │                                   │   │   │   helpful_node_ids=[     │ │ │
│ │ │                                   │   │   │   │                      │ │ │
│ │ │                                   '5e8cedc3-fdb5-4429-8c19-823c5a91… │ │ │
│ │ │                                   │   │   │   │                      │ │ │
│ │ │                                   '1c55f3dd-47a0-4b32-9c79-8cb05e6c… │ │ │
│ │ │                                   │   │   │   ],                     │ │ │
│ │ │                                   │   │   │                          │ │ │
│ │ │                                   irrelevant_node_ids=[],            │ │ │
│ │ │                                   │   │   │                          │ │ │
│ │ │                                   timestamp=datetime.datetime(2026,  │ │ │
│ │ │                                   10, 6, 13, 42, 41, 682299,         │ │ │
│ │ │                                   tzinfo=datetime.timezone.utc)      │ │ │
│ │ │                                   │   │   )                          │ │ │
│ │ │                                   │   },                             │ │ │
│ │ │                                   │   errors=[],                     │ │ │
│ │ │                                   │   background_tasks=None,         │ │ │
│ │ │                                   │                                  │ │ │
│ │ │                                   response=<starlette.responses.Res… │ │ │
│ │ │                                   object at 0x112cdba10>,            │ │ │
│ │ │                                   │   dependency_cache={             │ │ │
│ │ │                                   │   │   (<function require_api_key │ │ │
│ │ │                                   at 0x10a5009a0>, (), ''): None,    │ │ │
│ │ │                                   │   │   (<function get_event_store │ │ │
│ │ │                                   at 0x10a50fe20>, (), ''):          │ │ │
│ │ │                                   <context_graph.adapters.spanner.l… │ │ │
│ │ │                                   object at 0x112c417c0>,            │ │ │
│ │ │                                   │   │   (<function get_graph_store │ │ │
│ │ │                                   at 0x10a500220>, (), ''):          │ │ │
│ │ │                                   <context_graph.adapters.spanner.g… │ │ │
│ │ │                                   object at 0x112c41370>             │ │ │
│ │ │                                   │   }                              │ │ │
│ │ │                                   )                                  │ │ │
│ │ │                     status_code = None                               │ │ │
│ │ │               stream_item_field = None                               │ │ │
│ │ │                         subtype = 'json'                             │ │ │
│ │ │                  telemetry_data = TelemetryData(                     │ │ │
│ │ │                                   │                                  │ │ │
│ │ │                                   request=<starlette.requests.Reque… │ │ │
│ │ │                                   object at 0x112ca0680>,            │ │ │
│ │ │                                   │   websocket=None,                │ │ │
│ │ │                                   │   body={                         │ │ │
│ │ │                                   │   │   'query_id':                │ │ │
│ │ │                                   'resume-partial-feedback',         │ │ │
│ │ │                                   │   │   'session_id':              │ │ │
│ │ │                                   'tied-context',                    │ │ │
│ │ │                                   │   │   'helpful_node_ids': [      │ │ │
│ │ │                                   │   │   │                          │ │ │
│ │ │                                   '5e8cedc3-fdb5-4429-8c19-823c5a91… │ │ │
│ │ │                                   │   │   │                          │ │ │
│ │ │                                   '1c55f3dd-47a0-4b32-9c79-8cb05e6c… │ │ │
│ │ │                                   │   │   ],                         │ │ │
│ │ │                                   │   │   'irrelevant_node_ids': []  │ │ │
│ │ │                                   │   },                             │ │ │
│ │ │                                   │   values={                       │ │ │
│ │ │                                   │   │   'event_store':             │ │ │
│ │ │                                   <context_graph.adapters.spanner.l… │ │ │
│ │ │                                   object at 0x112c417c0>,            │ │ │
│ │ │                                   │   │   'graph_store':             │ │ │
│ │ │                                   <context_graph.adapters.spanner.g… │ │ │
│ │ │                                   object at 0x112c41370>,            │ │ │
│ │ │                                   │   │   'feedback':                │ │ │
│ │ │                                   RetrievalFeedback(                 │ │ │
│ │ │                                   │   │   │                          │ │ │
│ │ │                                   query_id='resume-partial-feedback… │ │ │
│ │ │                                   │   │   │                          │ │ │
│ │ │                                   session_id='tied-context',         │ │ │
│ │ │                                   │   │   │   helpful_node_ids=[     │ │ │
│ │ │                                   │   │   │   │                      │ │ │
│ │ │                                   '5e8cedc3-fdb5-4429-8c19-823c5a91… │ │ │
│ │ │                                   │   │   │   │                      │ │ │
│ │ │                                   '1c55f3dd-47a0-4b32-9c79-8cb05e6c… │ │ │
│ │ │                                   │   │   │   ],                     │ │ │
│ │ │                                   │   │   │                          │ │ │
│ │ │                                   irrelevant_node_ids=[],            │ │ │
│ │ │                                   │   │   │                          │ │ │
│ │ │                                   timestamp=datetime.datetime(2026,  │ │ │
│ │ │                                   10, 6, 13, 42, 41, 682299,         │ │ │
│ │ │                                   tzinfo=datetime.timezone.utc)      │ │ │
│ │ │                                   │   │   )                          │ │ │
│ │ │                                   │   },                             │ │ │
│ │ │                                   │   errors=[]                      │ │ │
│ │ │                                   )                                  │ │ │
│ │ ╰──────────────────────────────────────────────────────────────────────╯ │ │
│ │                                                                          │ │
│ │ /private/tmp/engram-ontology-review-venv/lib/python3.12/site-packages/fa │ │
│ │ stapi/routing.py:360 in run_endpoint_function                            │ │
│ │                                                                          │ │
│ │    357 │                                                                 │ │
│ │    358 │   if is_coroutine:                                              │ │
│ │    359 │   │   with _operation(name="endpoint", function=dependant.call) │ │
│ │ ❱  360 │   │   │   return await dependant.call(**values)                 │ │
│ │    361 │   else:                                                         │ │
│ │    362 │   │   return await run_in_threadpool(                           │ │
│ │    363 │   │   │   _run_sync_endpoint, function=dependant.call, argument │ │
│ │                                                                          │ │
│ │ ╭─────────────────────────────── locals ───────────────────────────────╮ │ │
│ │ │    dependant = Dependant(                                            │ │ │
│ │ │                │   path_params=[],                                   │ │ │
│ │ │                │   query_params=[],                                  │ │ │
│ │ │                │   header_params=[],                                 │ │ │
│ │ │                │   cookie_params=[],                                 │ │ │
│ │ │                │   body_params=[                                     │ │ │
│ │ │                │   │   ModelField(                                   │ │ │
│ │ │                │   │   │   field_info=Body(                          │ │ │
│ │ │                │   │   │   │   annotation=RetrievalFeedback,         │ │ │
│ │ │                │   │   │   │   required=True,                        │ │ │
│ │ │                │   │   │   │   alias='feedback',                     │ │ │
│ │ │                │   │   │   │   json_schema_extra={}                  │ │ │
│ │ │                │   │   │   ),                                        │ │ │
│ │ │                │   │   │   name='feedback',                          │ │ │
│ │ │                │   │   │   mode='validation',                        │ │ │
│ │ │                │   │   │   config=None                               │ │ │
│ │ │                │   │   )                                             │ │ │
│ │ │                │   ],                                                │ │ │
│ │ │                │   dependencies=[                                    │ │ │
│ │ │                │   │   Dependant(                                    │ │ │
│ │ │                │   │   │   path_params=[],                           │ │ │
│ │ │                │   │   │   query_params=[],                          │ │ │
│ │ │                │   │   │   header_params=[],                         │ │ │
│ │ │                │   │   │   cookie_params=[],                         │ │ │
│ │ │                │   │   │   body_params=[],                           │ │ │
│ │ │                │   │   │   dependencies=[],                          │ │ │
│ │ │                │   │   │   name=None,                                │ │ │
│ │ │                │   │   │   call=<function require_api_key at         │ │ │
│ │ │                0x10a5009a0>,                                         │ │ │
│ │ │                │   │   │   request_param_name='request',             │ │ │
│ │ │                │   │   │   websocket_param_name=None,                │ │ │
│ │ │                │   │   │   http_connection_param_name=None,          │ │ │
│ │ │                │   │   │   response_param_name=None,                 │ │ │
│ │ │                │   │   │   background_tasks_param_name=None,         │ │ │
│ │ │                │   │   │   security_scopes_param_name=None,          │ │ │
│ │ │                │   │   │   own_oauth_scopes=[],                      │ │ │
│ │ │                │   │   │   parent_oauth_scopes=None,                 │ │ │
│ │ │                │   │   │   use_cache=True,                           │ │ │
│ │ │                │   │   │   path='/v1/feedback',                      │ │ │
│ │ │                │   │   │   scope=None                                │ │ │
│ │ │                │   │   ),                                            │ │ │
│ │ │                │   │   Dependant(                                    │ │ │
│ │ │                │   │   │   path_params=[],                           │ │ │
│ │ │                │   │   │   query_params=[],                          │ │ │
│ │ │                │   │   │   header_params=[],                         │ │ │
│ │ │                │   │   │   cookie_params=[],                         │ │ │
│ │ │                │   │   │   body_params=[],                           │ │ │
│ │ │                │   │   │   dependencies=[],                          │ │ │
│ │ │                │   │   │   name='event_store',                       │ │ │
│ │ │                │   │   │   call=<function get_event_store at         │ │ │
│ │ │                0x10a50fe20>,                                         │ │ │
│ │ │                │   │   │   request_param_name='request',             │ │ │
│ │ │                │   │   │   websocket_param_name=None,                │ │ │
│ │ │                │   │   │   http_connection_param_name=None,          │ │ │
│ │ │                │   │   │   response_param_name=None,                 │ │ │
│ │ │                │   │   │   background_tasks_param_name=None,         │ │ │
│ │ │                │   │   │   security_scopes_param_name=None,          │ │ │
│ │ │                │   │   │   own_oauth_scopes=[],                      │ │ │
│ │ │                │   │   │   parent_oauth_scopes=[],                   │ │ │
│ │ │                │   │   │   use_cache=True,                           │ │ │
│ │ │                │   │   │   path='/v1/feedback',                      │ │ │
│ │ │                │   │   │   scope=None                                │ │ │
│ │ │                │   │   ),                                            │ │ │
│ │ │                │   │   Dependant(                                    │ │ │
│ │ │                │   │   │   path_params=[],                           │ │ │
│ │ │                │   │   │   query_params=[],                          │ │ │
│ │ │                │   │   │   header_params=[],                         │ │ │
│ │ │                │   │   │   cookie_params=[],                         │ │ │
│ │ │                │   │   │   body_params=[],                           │ │ │
│ │ │                │   │   │   dependencies=[],                          │ │ │
│ │ │                │   │   │   name='graph_store',                       │ │ │
│ │ │                │   │   │   call=<function get_graph_store at         │ │ │
│ │ │                0x10a500220>,                                         │ │ │
│ │ │                │   │   │   request_param_name='request',             │ │ │
│ │ │                │   │   │   websocket_param_name=None,                │ │ │
│ │ │                │   │   │   http_connection_param_name=None,          │ │ │
│ │ │                │   │   │   response_param_name=None,                 │ │ │
│ │ │                │   │   │   background_tasks_param_name=None,         │ │ │
│ │ │                │   │   │   security_scopes_param_name=None,          │ │ │
│ │ │                │   │   │   own_oauth_scopes=[],                      │ │ │
│ │ │                │   │   │   parent_oauth_scopes=[],                   │ │ │
│ │ │                │   │   │   use_cache=True,                           │ │ │
│ │ │                │   │   │   path='/v1/feedback',                      │ │ │
│ │ │                │   │   │   scope=None                                │ │ │
│ │ │                │   │   )                                             │ │ │
│ │ │                │   ],                                                │ │ │
│ │ │                │   name=None,                                        │ │ │
│ │ │                │   call=<function submit_feedback at 0x10aac0860>,   │ │ │
│ │ │                │   request_param_name=None,                          │ │ │
│ │ │                │   websocket_param_name=None,                        │ │ │
│ │ │                │   http_connection_param_name=None,                  │ │ │
│ │ │                │   response_param_name=None,                         │ │ │
│ │ │                │   background_tasks_param_name=None,                 │ │ │
│ │ │                │   security_scopes_param_name=None,                  │ │ │
│ │ │                │   own_oauth_scopes=None,                            │ │ │
│ │ │                │   parent_oauth_scopes=None,                         │ │ │
│ │ │                │   use_cache=True,                                   │ │ │
│ │ │                │   path='/v1/feedback',                              │ │ │
│ │ │                │   scope='function'                                  │ │ │
│ │ │                )                                                     │ │ │
│ │ │ is_coroutine = True                                                  │ │ │
│ │ │       values = {                                                     │ │ │
│ │ │                │   'event_store':                                    │ │ │
│ │ │                <context_graph.adapters.spanner.log.SpannerEventLog   │ │ │
│ │ │                object at 0x112c417c0>,                               │ │ │
│ │ │                │   'graph_store':                                    │ │ │
│ │ │                <context_graph.adapters.spanner.graph.SpannerGraphSt… │ │ │
│ │ │                object at 0x112c41370>,                               │ │ │
│ │ │                │   'feedback': RetrievalFeedback(                    │ │ │
│ │ │                │   │   query_id='resume-partial-feedback',           │ │ │
│ │ │                │   │   session_id='tied-context',                    │ │ │
│ │ │                │   │   helpful_node_ids=[                            │ │ │
│ │ │                │   │   │   '5e8cedc3-fdb5-4429-8c19-823c5a917672',   │ │ │
│ │ │                │   │   │   '1c55f3dd-47a0-4b32-9c79-8cb05e6c1f2b'    │ │ │
│ │ │                │   │   ],                                            │ │ │
│ │ │                │   │   irrelevant_node_ids=[],                       │ │ │
│ │ │                │   │   timestamp=datetime.datetime(2026, 10, 6, 13,  │ │ │
│ │ │                42, 41, 682299, tzinfo=datetime.timezone.utc)         │ │ │
│ │ │                │   )                                                 │ │ │
│ │ │                }                                                     │ │ │
│ │ ╰──────────────────────────────────────────────────────────────────────╯ │ │
│ │                                                                          │ │
│ │ /Users/arunmenon/projects/Engram/src/context_graph/api/routes/feedback.p │ │
│ │ y:81 in submit_feedback                                                  │ │
│ │                                                                          │ │
│ │    78 │   decremented = 0                                                │ │
│ │    79 │                                                                  │ │
│ │    80 │   for node_id in feedback.helpful_node_ids:                      │ │
│ │ ❱  81 │   │   adjusted = await graph_store.adjust_node_importance(       │ │
│ │    82 │   │   │   node_id=node_id,                                       │ │
│ │    83 │   │   │   delta=HELPFUL_IMPORTANCE_BUMP,                         │ │
│ │    84 │   │   │   min_value=MIN_IMPORTANCE,                              │ │
│ │                                                                          │ │
│ │ ╭─────────────────────────────── locals ───────────────────────────────╮ │ │
│ │ │         adjusted = True                                              │ │ │
│ │ │           bumped = 1                                                 │ │ │
│ │ │      decremented = 0                                                 │ │ │
│ │ │      event_store = <context_graph.adapters.spanner.log.SpannerEvent… │ │ │
│ │ │                    object at 0x112c417c0>                            │ │ │
│ │ │         feedback = RetrievalFeedback(                                │ │ │
│ │ │                    │   query_id='resume-partial-feedback',           │ │ │
│ │ │                    │   session_id='tied-context',                    │ │ │
│ │ │                    │   helpful_node_ids=[                            │ │ │
│ │ │                    │   │   '5e8cedc3-fdb5-4429-8c19-823c5a917672',   │ │ │
│ │ │                    │   │   '1c55f3dd-47a0-4b32-9c79-8cb05e6c1f2b'    │ │ │
│ │ │                    │   ],                                            │ │ │
│ │ │                    │   irrelevant_node_ids=[],                       │ │ │
│ │ │                    │   timestamp=datetime.datetime(2026, 10, 6, 13,  │ │ │
│ │ │                    42, 41, 682299, tzinfo=datetime.timezone.utc)     │ │ │
│ │ │                    )                                                 │ │ │
│ │ │   feedback_event = Event(                                            │ │ │
│ │ │                    │                                                 │ │ │
│ │ │                    event_id=UUID('bbddb12f-2f59-43f2-9190-3c51568db… │ │ │
│ │ │                    │   event_type='system.feedback',                 │ │ │
│ │ │                    │   occurred_at=datetime.datetime(2026, 10, 6,    │ │ │
│ │ │                    13, 42, 41, 682348, tzinfo=TzInfo(0)),            │ │ │
│ │ │                    │   session_id='tied-context',                    │ │ │
│ │ │                    │   agent_id='system',                            │ │ │
│ │ │                    │   trace_id='resume-partial-feedback',           │ │ │
│ │ │                    │                                                 │ │ │
│ │ │                    payload_ref='feedback:resume-partial-feedback',   │ │ │
│ │ │                    │   global_position=None,                         │ │ │
│ │ │                    │   tool_name=None,                               │ │ │
│ │ │                    │   parent_event_id=None,                         │ │ │
│ │ │                    │   ended_at=None,                                │ │ │
│ │ │                    │   status=None,                                  │ │ │
│ │ │                    │   schema_version=1,                             │ │ │
│ │ │                    │   importance_hint=None                          │ │ │
│ │ │                    )                                                 │ │ │
│ │ │ feedback_payload = {                                                 │ │ │
│ │ │                    │   'query_id': 'resume-partial-feedback',        │ │ │
│ │ │                    │   'helpful_node_ids': [                         │ │ │
│ │ │                    │   │   '5e8cedc3-fdb5-4429-8c19-823c5a917672',   │ │ │
│ │ │                    │   │   '1c55f3dd-47a0-4b32-9c79-8cb05e6c1f2b'    │ │ │
│ │ │                    │   ],                                            │ │ │
│ │ │                    │   'irrelevant_node_ids': []                     │ │ │
│ │ │                    }                                                 │ │ │
│ │ │  global_position = '2026-10-06T13:42:41.823791000Z/000000/bbddb12f-… │ │ │
│ │ │      graph_store = <context_graph.adapters.spanner.graph.SpannerGra… │ │ │
│ │ │                    object at 0x112c41370>                            │ │ │
│ │ │          node_id = '1c55f3dd-47a0-4b32-9c79-8cb05e6c1f2b'            │ │ │
│ │ │              UTC = datetime.timezone.utc                             │ │ │
│ │ ╰──────────────────────────────────────────────────────────────────────╯ │ │
│ │                                                                          │ │
│ │ /Users/arunmenon/projects/Engram/scripts/engram_spanner_compat_remaining │ │
│ │ .py:577 in injected                                                      │ │
│ │                                                                          │ │
│ │   574 │   │   │   │   calls += 1                                         │ │
│ │   575 │   │   │   │   if calls == 2:                                     │ │
│ │   576 │   │   │   │   │   from context_graph.ports.errors import Unavail │ │
│ │ ❱ 577 │   │   │   │   │   raise UnavailableError("controlled second feed │ │
│ │   578 │   │   │   │   return await original(**kwargs)                    │ │
│ │   579 │   │   │   graph.adjust_node_importance = injected                │ │
│ │   580 │   │   │   payload = {"query_id": "resume-partial-feedback", "ses │ │
│ │       "tied-context",                                                    │ │
│ │                                                                          │ │
│ │ ╭─────────────────────────────── locals ───────────────────────────────╮ │ │
│ │ │    calls = 2                                                         │ │ │
│ │ │   kwargs = {                                                         │ │ │
│ │ │            │   'node_id': '1c55f3dd-47a0-4b32-9c79-8cb05e6c1f2b',    │ │ │
│ │ │            │   'delta': 1,                                           │ │ │
│ │ │            │   'min_value': 1,                                       │ │ │
│ │ │            │   'max_value': 10                                       │ │ │
│ │ │            }                                                         │ │ │
│ │ │ original = <bound method GraphOperations.adjust_node_importance of   │ │ │
│ │ │            <context_graph.adapters.spanner.graph.SpannerGraphStore   │ │ │
│ │ │            object at 0x112c41370>>                                   │ │ │
│ │ ╰──────────────────────────────────────────────────────────────────────╯ │ │
│ ╰──────────────────────────────────────────────────────────────────────────╯ │
│ UnavailableError: controlled second feedback write failure                   │
╰──────────────────────────────────────────────────────────────────────────────╯

The above exception was the direct cause of the following exception:

╭───────────────────── Traceback (most recent call last) ──────────────────────╮
│ /private/tmp/engram-ontology-review-venv/lib/python3.12/site-packages/starle │
│ tte/middleware/errors.py:164 in __call__                                     │
│                                                                              │
│   161 │   │   │   await send(message)                                        │
│   162 │   │                                                                  │
│   163 │   │   try:                                                           │
│ ❱ 164 │   │   │   await self.app(scope, receive, _send)                      │
│   165 │   │   except Exception as exc:                                       │
│   166 │   │   │   request = Request(scope)                                   │
│   167 │   │   │   if self.debug:                                             │
│                                                                              │
│ ╭───────────────────────────────── locals ─────────────────────────────────╮ │
│ │              exc = UnavailableError('controlled second feedback write    │ │
│ │                    failure')                                             │ │
│ │          request = <starlette.requests.Request object at 0x112cb3050>    │ │
│ │ response_started = False                                                 │ │
│ │            scope = {                                                     │ │
│ │                    │   'type': 'http',                                   │ │
│ │                    │   'asgi': {'version': '3.0'},                       │ │
│ │                    │   'http_version': '1.1',                            │ │
│ │                    │   'method': 'POST',                                 │ │
│ │                    │   'headers': [                                      │ │
│ │                    │   │   (b'host', b'compat'),                         │ │
│ │                    │   │   (b'accept', b'*/*'),                          │ │
│ │                    │   │   (b'accept-encoding', b'gzip, deflate'),       │ │
│ │                    │   │   (b'connection', b'keep-alive'),               │ │
│ │                    │   │   (b'user-agent', b'python-httpx/0.28.1'),      │ │
│ │                    │   │   (b'content-length', b'190'),                  │ │
│ │                    │   │   (b'content-type', b'application/json')        │ │
│ │                    │   ],                                                │ │
│ │                    │   'scheme': 'http',                                 │ │
│ │                    │   'path': '/v1/feedback',                           │ │
│ │                    │   'raw_path': b'/v1/feedback',                      │ │
│ │                    │   'query_string': b'',                              │ │
│ │                    │   'server': ('compat', None),                       │ │
│ │                    │   ... +13                                           │ │
│ │                    }                                                     │ │
│ │             self = <starlette.middleware.errors.ServerErrorMiddleware    │ │
│ │                    object at 0x112c37b30>                                │ │
│ ╰──────────────────────────────────────────────────────────────────────────╯ │
│                                                                              │
│ /private/tmp/engram-ontology-review-venv/lib/python3.12/site-packages/fastap │
│ i/telemetry/_asgi.py:151 in __call__                                         │
│                                                                              │
│   148 │                                                                      │
│   149 │   async def __call__(self, scope: Scope, receive: Receive, send: Sen │
│   150 │   │   try:                                                           │
│ ❱ 151 │   │   │   await self.app(scope, receive, send)                       │
│   152 │   │   except Exception as exc:                                       │
│   153 │   │   │   _exception(scope=scope, exc=exc)                           │
│   154 │   │   │   raise                                                      │
│                                                                              │
│ ╭───────────────────────────────── locals ─────────────────────────────────╮ │
│ │ scope = {                                                                │ │
│ │         │   'type': 'http',                                              │ │
│ │         │   'asgi': {'version': '3.0'},                                  │ │
│ │         │   'http_version': '1.1',                                       │ │
│ │         │   'method': 'POST',                                            │ │
│ │         │   'headers': [                                                 │ │
│ │         │   │   (b'host', b'compat'),                                    │ │
│ │         │   │   (b'accept', b'*/*'),                                     │ │
│ │         │   │   (b'accept-encoding', b'gzip, deflate'),                  │ │
│ │         │   │   (b'connection', b'keep-alive'),                          │ │
│ │         │   │   (b'user-agent', b'python-httpx/0.28.1'),                 │ │
│ │         │   │   (b'content-length', b'190'),                             │ │
│ │         │   │   (b'content-type', b'application/json')                   │ │
│ │         │   ],                                                           │ │
│ │         │   'scheme': 'http',                                            │ │
│ │         │   'path': '/v1/feedback',                                      │ │
│ │         │   'raw_path': b'/v1/feedback',                                 │ │
│ │         │   'query_string': b'',                                         │ │
│ │         │   'server': ('compat', None),                                  │ │
│ │         │   ... +13                                                      │ │
│ │         }                                                                │ │
│ │  self = <fastapi.telemetry._asgi.ExceptionTelemetryMiddleware object at  │ │
│ │         0x112c35850>                                                     │ │
│ ╰──────────────────────────────────────────────────────────────────────────╯ │
│                                                                              │
│ /private/tmp/engram-ontology-review-venv/lib/python3.12/site-packages/starle │
│ tte/middleware/cors.py:91 in __call__                                        │
│                                                                              │
│    88 │   │   │   await response(scope, receive, send)                       │
│    89 │   │   │   return                                                     │
│    90 │   │                                                                  │
│ ❱  91 │   │   await self.simple_response(scope, receive, send, request_heade │
│    92 │                                                                      │
│    93 │   def is_allowed_origin(self, origin: str) -> bool:                  │
│    94 │   │   if self.allow_all_origins:                                     │
│                                                                              │
│ ╭───────────────────────────────── locals ─────────────────────────────────╮ │
│ │ headers = Headers({'host': 'compat', 'accept': '*/*', 'accept-encoding': │ │
│ │           'gzip, deflate', 'connection': 'keep-alive', 'user-agent':     │ │
│ │           'python-httpx/0.28.1', 'content-length': '190',                │ │
│ │           'content-type': 'application/json'})                           │ │
│ │  method = 'POST'                                                         │ │
│ │  origin = None                                                           │ │
│ │   scope = {                                                              │ │
│ │           │   'type': 'http',                                            │ │
│ │           │   'asgi': {'version': '3.0'},                                │ │
│ │           │   'http_version': '1.1',                                     │ │
│ │           │   'method': 'POST',                                          │ │
│ │           │   'headers': [                                               │ │
│ │           │   │   (b'host', b'compat'),                                  │ │
│ │           │   │   (b'accept', b'*/*'),                                   │ │
│ │           │   │   (b'accept-encoding', b'gzip, deflate'),                │ │
│ │           │   │   (b'connection', b'keep-alive'),                        │ │
│ │           │   │   (b'user-agent', b'python-httpx/0.28.1'),               │ │
│ │           │   │   (b'content-length', b'190'),                           │ │
│ │           │   │   (b'content-type', b'application/json')                 │ │
│ │           │   ],                                                         │ │
│ │           │   'scheme': 'http',                                          │ │
│ │           │   'path': '/v1/feedback',                                    │ │
│ │           │   'raw_path': b'/v1/feedback',                               │ │
│ │           │   'query_string': b'',                                       │ │
│ │           │   'server': ('compat', None),                                │ │
│ │           │   ... +13                                                    │ │
│ │           }                                                              │ │
│ │    self = <starlette.middleware.cors.CORSMiddleware object at            │ │
│ │           0x112c366c0>                                                   │ │
│ ╰──────────────────────────────────────────────────────────────────────────╯ │
│                                                                              │
│ /private/tmp/engram-ontology-review-venv/lib/python3.12/site-packages/starle │
│ tte/middleware/cors.py:149 in simple_response                                │
│                                                                              │
│   146 │                                                                      │
│   147 │   async def simple_response(self, scope: Scope, receive: Receive, se │
│       request_headers: Headers) -> None:                                     │
│   148 │   │   send = functools.partial(self.send, send=send, request_headers │
│ ❱ 149 │   │   await self.app(scope, receive, send)                           │
│   150 │                                                                      │
│   151 │   async def send(self, message: Message, send: Send, request_headers │
│       None:                                                                  │
│   152 │   │   if message["type"] != "http.response.start":                   │
│                                                                              │
│ ╭───────────────────────────────── locals ─────────────────────────────────╮ │
│ │ request_headers = Headers({'host': 'compat', 'accept': '*/*',            │ │
│ │                   'accept-encoding': 'gzip, deflate', 'connection':      │ │
│ │                   'keep-alive', 'user-agent': 'python-httpx/0.28.1',     │ │
│ │                   'content-length': '190', 'content-type':               │ │
│ │                   'application/json'})                                   │ │
│ │           scope = {                                                      │ │
│ │                   │   'type': 'http',                                    │ │
│ │                   │   'asgi': {'version': '3.0'},                        │ │
│ │                   │   'http_version': '1.1',                             │ │
│ │                   │   'method': 'POST',                                  │ │
│ │                   │   'headers': [                                       │ │
│ │                   │   │   (b'host', b'compat'),                          │ │
│ │                   │   │   (b'accept', b'*/*'),                           │ │
│ │                   │   │   (b'accept-encoding', b'gzip, deflate'),        │ │
│ │                   │   │   (b'connection', b'keep-alive'),                │ │
│ │                   │   │   (b'user-agent', b'python-httpx/0.28.1'),       │ │
│ │                   │   │   (b'content-length', b'190'),                   │ │
│ │                   │   │   (b'content-type', b'application/json')         │ │
│ │                   │   ],                                                 │ │
│ │                   │   'scheme': 'http',                                  │ │
│ │                   │   'path': '/v1/feedback',                            │ │
│ │                   │   'raw_path': b'/v1/feedback',                       │ │
│ │                   │   'query_string': b'',                               │ │
│ │                   │   'server': ('compat', None),                        │ │
│ │                   │   ... +13                                            │ │
│ │                   }                                                      │ │
│ │            self = <starlette.middleware.cors.CORSMiddleware object at    │ │
│ │                   0x112c366c0>                                           │ │
│ │            send = functools.partial(<bound method CORSMiddleware.send of │ │
│ │                   <starlette.middleware.cors.CORSMiddleware object at    │ │
│ │                   0x112c366c0>>, send=<function                          │ │
│ │                   ServerErrorMiddleware.__call__.<locals>._send at       │ │
│ │                   0x112e5a660>, request_headers=Headers({'host':         │ │
│ │                   'compat', 'accept': '*/*', 'accept-encoding': 'gzip,   │ │
│ │                   deflate', 'connection': 'keep-alive', 'user-agent':    │ │
│ │                   'python-httpx/0.28.1', 'content-length': '190',        │ │
│ │                   'content-type': 'application/json'}))                  │ │
│ ╰──────────────────────────────────────────────────────────────────────────╯ │
│                                                                              │
│ /private/tmp/engram-ontology-review-venv/lib/python3.12/site-packages/starle │
│ tte/middleware/base.py:197 in __call__                                       │
│                                                                              │
│   194 │   │   send_stream, recv_stream = anyio.create_memory_object_stream[M │
│   195 │   │   with recv_stream, send_stream:                                 │
│   196 │   │   │   async with create_collapsing_task_group() as task_group:   │
│ ❱ 197 │   │   │   │   response = await self.dispatch_func(request, call_next │
│   198 │   │   │   │   await response(scope, wrapped_receive, send)           │
│   199 │   │   │   │   response_sent.set()                                    │
│   200 │   │   │   │   recv_stream.close()                                    │
│                                                                              │
│ ╭───────────────────────────────── locals ─────────────────────────────────╮ │
│ │                  app_exc = UnavailableError('controlled second feedback  │ │
│ │                            write failure')                               │ │
│ │ exception_already_raised = True                                          │ │
│ │              recv_stream = MemoryObjectReceiveStream(                    │ │
│ │                            │   _state=_MemoryObjectStreamState(          │ │
│ │                            │   │   max_buffer_size=0,                    │ │
│ │                            │   │   buffer=deque(),                       │ │
│ │                            │   │   open_send_channels=0,                 │ │
│ │                            │   │   open_receive_channels=0,              │ │
│ │                            │   │   waiting_receivers=OrderedDict(),      │ │
│ │                            │   │   waiting_senders=OrderedDict()         │ │
│ │                            │   ),                                        │ │
│ │                            │   _closed=True                              │ │
│ │                            )                                             │ │
│ │                  request = <starlette.middleware.base._CachedRequest     │ │
│ │                            object at 0x112cb0d70>                        │ │
│ │            response_sent = <anyio._backends._asyncio.Event object at     │ │
│ │                            0x112f56ed0>                                  │ │
│ │                    scope = {                                             │ │
│ │                            │   'type': 'http',                           │ │
│ │                            │   'asgi': {'version': '3.0'},               │ │
│ │                            │   'http_version': '1.1',                    │ │
│ │                            │   'method': 'POST',                         │ │
│ │                            │   'headers': [                              │ │
│ │                            │   │   (b'host', b'compat'),                 │ │
│ │                            │   │   (b'accept', b'*/*'),                  │ │
│ │                            │   │   (                                     │ │
│ │                            │   │   │   b'accept-encoding',               │ │
│ │                            │   │   │   b'gzip, deflate'                  │ │
│ │                            │   │   ),                                    │ │
│ │                            │   │   (b'connection', b'keep-alive'),       │ │
│ │                            │   │   (                                     │ │
│ │                            │   │   │   b'user-agent',                    │ │
│ │                            │   │   │   b'python-httpx/0.28.1'            │ │
│ │                            │   │   ),                                    │ │
│ │                            │   │   (b'content-length', b'190'),          │ │
│ │                            │   │   (                                     │ │
│ │                            │   │   │   b'content-type',                  │ │
│ │                            │   │   │   b'application/json'               │ │
│ │                            │   │   )                                     │ │
│ │                            │   ],                                        │ │
│ │                            │   'scheme': 'http',                         │ │
│ │                            │   'path': '/v1/feedback',                   │ │
│ │                            │   'raw_path': b'/v1/feedback',              │ │
│ │                            │   'query_string': b'',                      │ │
│ │                            │   'server': ('compat', None),               │ │
│ │                            │   ... +13                                   │ │
│ │                            }                                             │ │
│ │                     self = <context_graph.api.middleware.RateLimitMiddl… │ │
│ │                            object at 0x112c36840>                        │ │
│ │                     send = functools.partial(<bound method               │ │
│ │                            CORSMiddleware.send of                        │ │
│ │                            <starlette.middleware.cors.CORSMiddleware     │ │
│ │                            object at 0x112c366c0>>, send=<function       │ │
│ │                            ServerErrorMiddleware.__call__.<locals>._send │ │
│ │                            at 0x112e5a660>,                              │ │
│ │                            request_headers=Headers({'host': 'compat',    │ │
│ │                            'accept': '*/*', 'accept-encoding': 'gzip,    │ │
│ │                            deflate', 'connection': 'keep-alive',         │ │
│ │                            'user-agent': 'python-httpx/0.28.1',          │ │
│ │                            'content-length': '190', 'content-type':      │ │
│ │                            'application/json'}))                         │ │
│ │              send_stream = MemoryObjectSendStream(                       │ │
│ │                            │   _state=_MemoryObjectStreamState(          │ │
│ │                            │   │   max_buffer_size=0,                    │ │
│ │                            │   │   buffer=deque(),                       │ │
│ │                            │   │   open_send_channels=0,                 │ │
│ │                            │   │   open_receive_channels=0,              │ │
│ │                            │   │   waiting_receivers=OrderedDict(),      │ │
│ │                            │   │   waiting_senders=OrderedDict()         │ │
│ │                            │   ),                                        │ │
│ │                            │   _closed=True                              │ │
│ │                            )                                             │ │
│ │               task_group = <anyio._backends._asyncio.TaskGroup object at │ │
│ │                            0x112cb2de0>                                  │ │
│ │          wrapped_receive = <bound method _CachedRequest.wrapped_receive  │ │
│ │                            of <starlette.middleware.base._CachedRequest  │ │
│ │                            object at 0x112cb0d70>>                       │ │
│ ╰──────────────────────────────────────────────────────────────────────────╯ │
│                                                                              │
│ /Users/arunmenon/projects/Engram/src/context_graph/api/middleware.py:166 in  │
│ dispatch                                                                     │
│                                                                              │
│   163 │   │   │   │   },                                                     │
│   164 │   │   │   )                                                          │
│   165 │   │                                                                  │
│ ❱ 166 │   │   response: Response = await call_next(request)                  │
│   167 │   │   response.headers["X-RateLimit-Limit"] = str(rpm)               │
│   168 │   │   response.headers["X-RateLimit-Remaining"] = str(int(bucket.tok │
│   169 │   │   return response                                                │
│                                                                              │
│ ╭───────────────────────────────── locals ─────────────────────────────────╮ │
│ │      bucket = <context_graph.api.rate_limit.TokenBucket object at        │ │
│ │               0x11206ce40>                                               │ │
│ │    capacity = 120.0                                                      │ │
│ │   client_id = '127.0.0.1'                                                │ │
│ │ refill_rate = 2.0                                                        │ │
│ │     request = <starlette.middleware.base._CachedRequest object at        │ │
│ │               0x112cb0d70>                                               │ │
│ │         rpm = 120                                                        │ │
│ │        self = <context_graph.api.middleware.RateLimitMiddleware object   │ │
│ │               at 0x112c36840>                                            │ │
│ │        tier = 'standard'                                                 │ │
│ ╰──────────────────────────────────────────────────────────────────────────╯ │
│                                                                              │
│ /private/tmp/engram-ontology-review-venv/lib/python3.12/site-packages/starle │
│ tte/middleware/base.py:173 in call_next                                      │
│                                                                              │
│   170 │   │   │   │   │   # propagated as a cause with the reraise. This is  │
│   171 │   │   │   │   │   # to prevent `anyio.EndOfStream` from polluting th │
│   172 │   │   │   │   │   # context.                                         │
│ ❱ 173 │   │   │   │   │   raise app_exc from app_exc.__cause__ or app_exc.__ │
│   174 │   │   │   │   raise RuntimeError("No response returned.")            │
│   175 │   │   │                                                              │
│   176 │   │   │   assert message["type"] == "http.response.start"            │
│                                                                              │
│ ╭───────────────────────────────── locals ─────────────────────────────────╮ │
│ │                  app_exc = UnavailableError('controlled second feedback  │ │
│ │                            write failure')                               │ │
│ │ exception_already_raised = True                                          │ │
│ │              recv_stream = MemoryObjectReceiveStream(                    │ │
│ │                            │   _state=_MemoryObjectStreamState(          │ │
│ │                            │   │   max_buffer_size=0,                    │ │
│ │                            │   │   buffer=deque(),                       │ │
│ │                            │   │   open_send_channels=0,                 │ │
│ │                            │   │   open_receive_channels=0,              │ │
│ │                            │   │   waiting_receivers=OrderedDict(),      │ │
│ │                            │   │   waiting_senders=OrderedDict()         │ │
│ │                            │   ),                                        │ │
│ │                            │   _closed=True                              │ │
│ │                            )                                             │ │
│ │                  request = <starlette.middleware.base._CachedRequest     │ │
│ │                            object at 0x112cb0d70>                        │ │
│ │            response_sent = <anyio._backends._asyncio.Event object at     │ │
│ │                            0x112f56ed0>                                  │ │
│ │                    scope = {                                             │ │
│ │                            │   'type': 'http',                           │ │
│ │                            │   'asgi': {'version': '3.0'},               │ │
│ │                            │   'http_version': '1.1',                    │ │
│ │                            │   'method': 'POST',                         │ │
│ │                            │   'headers': [                              │ │
│ │                            │   │   (b'host', b'compat'),                 │ │
│ │                            │   │   (b'accept', b'*/*'),                  │ │
│ │                            │   │   (                                     │ │
│ │                            │   │   │   b'accept-encoding',               │ │
│ │                            │   │   │   b'gzip, deflate'                  │ │
│ │                            │   │   ),                                    │ │
│ │                            │   │   (b'connection', b'keep-alive'),       │ │
│ │                            │   │   (                                     │ │
│ │                            │   │   │   b'user-agent',                    │ │
│ │                            │   │   │   b'python-httpx/0.28.1'            │ │
│ │                            │   │   ),                                    │ │
│ │                            │   │   (b'content-length', b'190'),          │ │
│ │                            │   │   (                                     │ │
│ │                            │   │   │   b'content-type',                  │ │
│ │                            │   │   │   b'application/json'               │ │
│ │                            │   │   )                                     │ │
│ │                            │   ],                                        │ │
│ │                            │   'scheme': 'http',                         │ │
│ │                            │   'path': '/v1/feedback',                   │ │
│ │                            │   'raw_path': b'/v1/feedback',              │ │
│ │                            │   'query_string': b'',                      │ │
│ │                            │   'server': ('compat', None),               │ │
│ │                            │   ... +13                                   │ │
│ │                            }                                             │ │
│ │                     self = <context_graph.api.middleware.RateLimitMiddl… │ │
│ │                            object at 0x112c36840>                        │ │
│ │              send_stream = MemoryObjectSendStream(                       │ │
│ │                            │   _state=_MemoryObjectStreamState(          │ │
│ │                            │   │   max_buffer_size=0,                    │ │
│ │                            │   │   buffer=deque(),                       │ │
│ │                            │   │   open_send_channels=0,                 │ │
│ │                            │   │   open_receive_channels=0,              │ │
│ │                            │   │   waiting_receivers=OrderedDict(),      │ │
│ │                            │   │   waiting_senders=OrderedDict()         │ │
│ │                            │   ),                                        │ │
│ │                            │   _closed=True                              │ │
│ │                            )                                             │ │
│ │               task_group = <anyio._backends._asyncio.TaskGroup object at │ │
│ │                            0x112cb2de0>                                  │ │
│ │          wrapped_receive = <bound method _CachedRequest.wrapped_receive  │ │
│ │                            of <starlette.middleware.base._CachedRequest  │ │
│ │                            object at 0x112cb0d70>>                       │ │
│ ╰──────────────────────────────────────────────────────────────────────────╯ │
│                                                                              │
│ /private/tmp/engram-ontology-review-venv/lib/python3.12/site-packages/starle │
│ tte/middleware/base.py:149 in coro                                           │
│                                                                              │
│   146 │   │   │   │                                                          │
│   147 │   │   │   │   with send_stream:                                      │
│   148 │   │   │   │   │   try:                                               │
│ ❱ 149 │   │   │   │   │   │   await self.app(scope, receive_or_disconnect, s │
│   150 │   │   │   │   │   except Exception as exc:                           │
│   151 │   │   │   │   │   │   app_exc = exc                                  │
│   152                                                                        │
│                                                                              │
│ ╭───────────────────────────────── locals ─────────────────────────────────╮ │
│ │     app_exc = UnavailableError('controlled second feedback write         │ │
│ │               failure')                                                  │ │
│ │       scope = {                                                          │ │
│ │               │   'type': 'http',                                        │ │
│ │               │   'asgi': {'version': '3.0'},                            │ │
│ │               │   'http_version': '1.1',                                 │ │
│ │               │   'method': 'POST',                                      │ │
│ │               │   'headers': [                                           │ │
│ │               │   │   (b'host', b'compat'),                              │ │
│ │               │   │   (b'accept', b'*/*'),                               │ │
│ │               │   │   (b'accept-encoding', b'gzip, deflate'),            │ │
│ │               │   │   (b'connection', b'keep-alive'),                    │ │
│ │               │   │   (b'user-agent', b'python-httpx/0.28.1'),           │ │
│ │               │   │   (b'content-length', b'190'),                       │ │
│ │               │   │   (b'content-type', b'application/json')             │ │
│ │               │   ],                                                     │ │
│ │               │   'scheme': 'http',                                      │ │
│ │               │   'path': '/v1/feedback',                                │ │
│ │               │   'raw_path': b'/v1/feedback',                           │ │
│ │               │   'query_string': b'',                                   │ │
│ │               │   'server': ('compat', None),                            │ │
│ │               │   ... +13                                                │ │
│ │               }                                                          │ │
│ │        self = <context_graph.api.middleware.RateLimitMiddleware object   │ │
│ │               at 0x112c36840>                                            │ │
│ │ send_stream = MemoryObjectSendStream(                                    │ │
│ │               │   _state=_MemoryObjectStreamState(                       │ │
│ │               │   │   max_buffer_size=0,                                 │ │
│ │               │   │   buffer=deque(),                                    │ │
│ │               │   │   open_send_channels=0,                              │ │
│ │               │   │   open_receive_channels=0,                           │ │
│ │               │   │   waiting_receivers=OrderedDict(),                   │ │
│ │               │   │   waiting_senders=OrderedDict()                      │ │
│ │               │   ),                                                     │ │
│ │               │   _closed=True                                           │ │
│ │               )                                                          │ │
│ ╰──────────────────────────────────────────────────────────────────────────╯ │
│                                                                              │
│ /private/tmp/engram-ontology-review-venv/lib/python3.12/site-packages/starle │
│ tte/middleware/base.py:197 in __call__                                       │
│                                                                              │
│   194 │   │   send_stream, recv_stream = anyio.create_memory_object_stream[M │
│   195 │   │   with recv_stream, send_stream:                                 │
│   196 │   │   │   async with create_collapsing_task_group() as task_group:   │
│ ❱ 197 │   │   │   │   response = await self.dispatch_func(request, call_next │
│   198 │   │   │   │   await response(scope, wrapped_receive, send)           │
│   199 │   │   │   │   response_sent.set()                                    │
│   200 │   │   │   │   recv_stream.close()                                    │
│                                                                              │
│ ╭───────────────────────────────── locals ─────────────────────────────────╮ │
│ │                  app_exc = UnavailableError('controlled second feedback  │ │
│ │                            write failure')                               │ │
│ │ exception_already_raised = True                                          │ │
│ │              recv_stream = MemoryObjectReceiveStream(                    │ │
│ │                            │   _state=_MemoryObjectStreamState(          │ │
│ │                            │   │   max_buffer_size=0,                    │ │
│ │                            │   │   buffer=deque(),                       │ │
│ │                            │   │   open_send_channels=0,                 │ │
│ │                            │   │   open_receive_channels=0,              │ │
│ │                            │   │   waiting_receivers=OrderedDict(),      │ │
│ │                            │   │   waiting_senders=OrderedDict()         │ │
│ │                            │   ),                                        │ │
│ │                            │   _closed=True                              │ │
│ │                            )                                             │ │
│ │                  request = <starlette.middleware.base._CachedRequest     │ │
│ │                            object at 0x112cb21b0>                        │ │
│ │            response_sent = <anyio._backends._asyncio.Event object at     │ │
│ │                            0x112e10ad0>                                  │ │
│ │                    scope = {                                             │ │
│ │                            │   'type': 'http',                           │ │
│ │                            │   'asgi': {'version': '3.0'},               │ │
│ │                            │   'http_version': '1.1',                    │ │
│ │                            │   'method': 'POST',                         │ │
│ │                            │   'headers': [                              │ │
│ │                            │   │   (b'host', b'compat'),                 │ │
│ │                            │   │   (b'accept', b'*/*'),                  │ │
│ │                            │   │   (                                     │ │
│ │                            │   │   │   b'accept-encoding',               │ │
│ │                            │   │   │   b'gzip, deflate'                  │ │
│ │                            │   │   ),                                    │ │
│ │                            │   │   (b'connection', b'keep-alive'),       │ │
│ │                            │   │   (                                     │ │
│ │                            │   │   │   b'user-agent',                    │ │
│ │                            │   │   │   b'python-httpx/0.28.1'            │ │
│ │                            │   │   ),                                    │ │
│ │                            │   │   (b'content-length', b'190'),          │ │
│ │                            │   │   (                                     │ │
│ │                            │   │   │   b'content-type',                  │ │
│ │                            │   │   │   b'application/json'               │ │
│ │                            │   │   )                                     │ │
│ │                            │   ],                                        │ │
│ │                            │   'scheme': 'http',                         │ │
│ │                            │   'path': '/v1/feedback',                   │ │
│ │                            │   'raw_path': b'/v1/feedback',              │ │
│ │                            │   'query_string': b'',                      │ │
│ │                            │   'server': ('compat', None),               │ │
│ │                            │   ... +13                                   │ │
│ │                            }                                             │ │
│ │                     self = <context_graph.api.middleware.RequestTimingM… │ │
│ │                            object at 0x112c35070>                        │ │
│ │              send_stream = MemoryObjectSendStream(                       │ │
│ │                            │   _state=_MemoryObjectStreamState(          │ │
│ │                            │   │   max_buffer_size=0,                    │ │
│ │                            │   │   buffer=deque(),                       │ │
│ │                            │   │   open_send_channels=0,                 │ │
│ │                            │   │   open_receive_channels=0,              │ │
│ │                            │   │   waiting_receivers=OrderedDict(),      │ │
│ │                            │   │   waiting_senders=OrderedDict()         │ │
│ │                            │   ),                                        │ │
│ │                            │   _closed=True                              │ │
│ │                            )                                             │ │
│ │               task_group = <anyio._backends._asyncio.TaskGroup object at │ │
│ │                            0x112cb0a10>                                  │ │
│ │          wrapped_receive = <bound method _CachedRequest.wrapped_receive  │ │
│ │                            of <starlette.middleware.base._CachedRequest  │ │
│ │                            object at 0x112cb21b0>>                       │ │
│ ╰──────────────────────────────────────────────────────────────────────────╯ │
│                                                                              │
│ /Users/arunmenon/projects/Engram/src/context_graph/api/middleware.py:102 in  │
│ dispatch                                                                     │
│                                                                              │
│    99 │                                                                      │
│   100 │   async def dispatch(self, request: Request, call_next: Any) -> Resp │
│   101 │   │   start_time = time.monotonic()                                  │
│ ❱ 102 │   │   response: Response = await call_next(request)                  │
│   103 │   │   elapsed_seconds = time.monotonic() - start_time                │
│   104 │   │   elapsed_ms = elapsed_seconds * 1000                            │
│   105 │   │   response.headers["X-Request-Time-Ms"] = f"{elapsed_ms:.1f}"    │
│                                                                              │
│ ╭───────────────────────────────── locals ─────────────────────────────────╮ │
│ │    request = <starlette.middleware.base._CachedRequest object at         │ │
│ │              0x112cb21b0>                                                │ │
│ │       self = <context_graph.api.middleware.RequestTimingMiddleware       │ │
│ │              object at 0x112c35070>                                      │ │
│ │ start_time = 3513207.634272958                                           │ │
│ ╰──────────────────────────────────────────────────────────────────────────╯ │
│                                                                              │
│ /private/tmp/engram-ontology-review-venv/lib/python3.12/site-packages/starle │
│ tte/middleware/base.py:173 in call_next                                      │
│                                                                              │
│   170 │   │   │   │   │   # propagated as a cause with the reraise. This is  │
│   171 │   │   │   │   │   # to prevent `anyio.EndOfStream` from polluting th │
│   172 │   │   │   │   │   # context.                                         │
│ ❱ 173 │   │   │   │   │   raise app_exc from app_exc.__cause__ or app_exc.__ │
│   174 │   │   │   │   raise RuntimeError("No response returned.")            │
│   175 │   │   │                                                              │
│   176 │   │   │   assert message["type"] == "http.response.start"            │
│                                                                              │
│ ╭───────────────────────────────── locals ─────────────────────────────────╮ │
│ │                  app_exc = UnavailableError('controlled second feedback  │ │
│ │                            write failure')                               │ │
│ │ exception_already_raised = True                                          │ │
│ │              recv_stream = MemoryObjectReceiveStream(                    │ │
│ │                            │   _state=_MemoryObjectStreamState(          │ │
│ │                            │   │   max_buffer_size=0,                    │ │
│ │                            │   │   buffer=deque(),                       │ │
│ │                            │   │   open_send_channels=0,                 │ │
│ │                            │   │   open_receive_channels=0,              │ │
│ │                            │   │   waiting_receivers=OrderedDict(),      │ │
│ │                            │   │   waiting_senders=OrderedDict()         │ │
│ │                            │   ),                                        │ │
│ │                            │   _closed=True                              │ │
│ │                            )                                             │ │
│ │                  request = <starlette.middleware.base._CachedRequest     │ │
│ │                            object at 0x112cb21b0>                        │ │
│ │            response_sent = <anyio._backends._asyncio.Event object at     │ │
│ │                            0x112e10ad0>                                  │ │
│ │                    scope = {                                             │ │
│ │                            │   'type': 'http',                           │ │
│ │                            │   'asgi': {'version': '3.0'},               │ │
│ │                            │   'http_version': '1.1',                    │ │
│ │                            │   'method': 'POST',                         │ │
│ │                            │   'headers': [                              │ │
│ │                            │   │   (b'host', b'compat'),                 │ │
│ │                            │   │   (b'accept', b'*/*'),                  │ │
│ │                            │   │   (                                     │ │
│ │                            │   │   │   b'accept-encoding',               │ │
│ │                            │   │   │   b'gzip, deflate'                  │ │
│ │                            │   │   ),                                    │ │
│ │                            │   │   (b'connection', b'keep-alive'),       │ │
│ │                            │   │   (                                     │ │
│ │                            │   │   │   b'user-agent',                    │ │
│ │                            │   │   │   b'python-httpx/0.28.1'            │ │
│ │                            │   │   ),                                    │ │
│ │                            │   │   (b'content-length', b'190'),          │ │
│ │                            │   │   (                                     │ │
│ │                            │   │   │   b'content-type',                  │ │
│ │                            │   │   │   b'application/json'               │ │
│ │                            │   │   )                                     │ │
│ │                            │   ],                                        │ │
│ │                            │   'scheme': 'http',                         │ │
│ │                            │   'path': '/v1/feedback',                   │ │
│ │                            │   'raw_path': b'/v1/feedback',              │ │
│ │                            │   'query_string': b'',                      │ │
│ │                            │   'server': ('compat', None),               │ │
│ │                            │   ... +13                                   │ │
│ │                            }                                             │ │
│ │                     self = <context_graph.api.middleware.RequestTimingM… │ │
│ │                            object at 0x112c35070>                        │ │
│ │              send_stream = MemoryObjectSendStream(                       │ │
│ │                            │   _state=_MemoryObjectStreamState(          │ │
│ │                            │   │   max_buffer_size=0,                    │ │
│ │                            │   │   buffer=deque(),                       │ │
│ │                            │   │   open_send_channels=0,                 │ │
│ │                            │   │   open_receive_channels=0,              │ │
│ │                            │   │   waiting_receivers=OrderedDict(),      │ │
│ │                            │   │   waiting_senders=OrderedDict()         │ │
│ │                            │   ),                                        │ │
│ │                            │   _closed=True                              │ │
│ │                            )                                             │ │
│ │               task_group = <anyio._backends._asyncio.TaskGroup object at │ │
│ │                            0x112cb0a10>                                  │ │
│ │          wrapped_receive = <bound method _CachedRequest.wrapped_receive  │ │
│ │                            of <starlette.middleware.base._CachedRequest  │ │
│ │                            object at 0x112cb21b0>>                       │ │
│ ╰──────────────────────────────────────────────────────────────────────────╯ │
│                                                                              │
│ /private/tmp/engram-ontology-review-venv/lib/python3.12/site-packages/starle │
│ tte/middleware/base.py:149 in coro                                           │
│                                                                              │
│   146 │   │   │   │                                                          │
│   147 │   │   │   │   with send_stream:                                      │
│   148 │   │   │   │   │   try:                                               │
│ ❱ 149 │   │   │   │   │   │   await self.app(scope, receive_or_disconnect, s │
│   150 │   │   │   │   │   except Exception as exc:                           │
│   151 │   │   │   │   │   │   app_exc = exc                                  │
│   152                                                                        │
│                                                                              │
│ ╭───────────────────────────────── locals ─────────────────────────────────╮ │
│ │     app_exc = UnavailableError('controlled second feedback write         │ │
│ │               failure')                                                  │ │
│ │       scope = {                                                          │ │
│ │               │   'type': 'http',                                        │ │
│ │               │   'asgi': {'version': '3.0'},                            │ │
│ │               │   'http_version': '1.1',                                 │ │
│ │               │   'method': 'POST',                                      │ │
│ │               │   'headers': [                                           │ │
│ │               │   │   (b'host', b'compat'),                              │ │
│ │               │   │   (b'accept', b'*/*'),                               │ │
│ │               │   │   (b'accept-encoding', b'gzip, deflate'),            │ │
│ │               │   │   (b'connection', b'keep-alive'),                    │ │
│ │               │   │   (b'user-agent', b'python-httpx/0.28.1'),           │ │
│ │               │   │   (b'content-length', b'190'),                       │ │
│ │               │   │   (b'content-type', b'application/json')             │ │
│ │               │   ],                                                     │ │
│ │               │   'scheme': 'http',                                      │ │
│ │               │   'path': '/v1/feedback',                                │ │
│ │               │   'raw_path': b'/v1/feedback',                           │ │
│ │               │   'query_string': b'',                                   │ │
│ │               │   'server': ('compat', None),                            │ │
│ │               │   ... +13                                                │ │
│ │               }                                                          │ │
│ │        self = <context_graph.api.middleware.RequestTimingMiddleware      │ │
│ │               object at 0x112c35070>                                     │ │
│ │ send_stream = MemoryObjectSendStream(                                    │ │
│ │               │   _state=_MemoryObjectStreamState(                       │ │
│ │               │   │   max_buffer_size=0,                                 │ │
│ │               │   │   buffer=deque(),                                    │ │
│ │               │   │   open_send_channels=0,                              │ │
│ │               │   │   open_receive_channels=0,                           │ │
│ │               │   │   waiting_receivers=OrderedDict(),                   │ │
│ │               │   │   waiting_senders=OrderedDict()                      │ │
│ │               │   ),                                                     │ │
│ │               │   _closed=True                                           │ │
│ │               )                                                          │ │
│ ╰──────────────────────────────────────────────────────────────────────────╯ │
│                                                                              │
│ /private/tmp/engram-ontology-review-venv/lib/python3.12/site-packages/starle │
│ tte/middleware/base.py:197 in __call__                                       │
│                                                                              │
│   194 │   │   send_stream, recv_stream = anyio.create_memory_object_stream[M │
│   195 │   │   with recv_stream, send_stream:                                 │
│   196 │   │   │   async with create_collapsing_task_group() as task_group:   │
│ ❱ 197 │   │   │   │   response = await self.dispatch_func(request, call_next │
│   198 │   │   │   │   await response(scope, wrapped_receive, send)           │
│   199 │   │   │   │   response_sent.set()                                    │
│   200 │   │   │   │   recv_stream.close()                                    │
│                                                                              │
│ ╭───────────────────────────────── locals ─────────────────────────────────╮ │
│ │                  app_exc = UnavailableError('controlled second feedback  │ │
│ │                            write failure')                               │ │
│ │ exception_already_raised = True                                          │ │
│ │              recv_stream = MemoryObjectReceiveStream(                    │ │
│ │                            │   _state=_MemoryObjectStreamState(          │ │
│ │                            │   │   max_buffer_size=0,                    │ │
│ │                            │   │   buffer=deque(),                       │ │
│ │                            │   │   open_send_channels=0,                 │ │
│ │                            │   │   open_receive_channels=0,              │ │
│ │                            │   │   waiting_receivers=OrderedDict(),      │ │
│ │                            │   │   waiting_senders=OrderedDict()         │ │
│ │                            │   ),                                        │ │
│ │                            │   _closed=True                              │ │
│ │                            )                                             │ │
│ │                  request = <starlette.middleware.base._CachedRequest     │ │
│ │                            object at 0x112cb22d0>                        │ │
│ │            response_sent = <anyio._backends._asyncio.Event object at     │ │
│ │                            0x112f42510>                                  │ │
│ │                    scope = {                                             │ │
│ │                            │   'type': 'http',                           │ │
│ │                            │   'asgi': {'version': '3.0'},               │ │
│ │                            │   'http_version': '1.1',                    │ │
│ │                            │   'method': 'POST',                         │ │
│ │                            │   'headers': [                              │ │
│ │                            │   │   (b'host', b'compat'),                 │ │
│ │                            │   │   (b'accept', b'*/*'),                  │ │
│ │                            │   │   (                                     │ │
│ │                            │   │   │   b'accept-encoding',               │ │
│ │                            │   │   │   b'gzip, deflate'                  │ │
│ │                            │   │   ),                                    │ │
│ │                            │   │   (b'connection', b'keep-alive'),       │ │
│ │                            │   │   (                                     │ │
│ │                            │   │   │   b'user-agent',                    │ │
│ │                            │   │   │   b'python-httpx/0.28.1'            │ │
│ │                            │   │   ),                                    │ │
│ │                            │   │   (b'content-length', b'190'),          │ │
│ │                            │   │   (                                     │ │
│ │                            │   │   │   b'content-type',                  │ │
│ │                            │   │   │   b'application/json'               │ │
│ │                            │   │   )                                     │ │
│ │                            │   ],                                        │ │
│ │                            │   'scheme': 'http',                         │ │
│ │                            │   'path': '/v1/feedback',                   │ │
│ │                            │   'raw_path': b'/v1/feedback',              │ │
│ │                            │   'query_string': b'',                      │ │
│ │                            │   'server': ('compat', None),               │ │
│ │                            │   ... +13                                   │ │
│ │                            }                                             │ │
│ │                     self = <context_graph.api.middleware.RequestIDMiddl… │ │
│ │                            object at 0x1121ffd70>                        │ │
│ │              send_stream = MemoryObjectSendStream(                       │ │
│ │                            │   _state=_MemoryObjectStreamState(          │ │
│ │                            │   │   max_buffer_size=0,                    │ │
│ │                            │   │   buffer=deque(),                       │ │
│ │                            │   │   open_send_channels=0,                 │ │
│ │                            │   │   open_receive_channels=0,              │ │
│ │                            │   │   waiting_receivers=OrderedDict(),      │ │
│ │                            │   │   waiting_senders=OrderedDict()         │ │
│ │                            │   ),                                        │ │
│ │                            │   _closed=True                              │ │
│ │                            )                                             │ │
│ │               task_group = <anyio._backends._asyncio.TaskGroup object at │ │
│ │                            0x112cb0a70>                                  │ │
│ │          wrapped_receive = <bound method _CachedRequest.wrapped_receive  │ │
│ │                            of <starlette.middleware.base._CachedRequest  │ │
│ │                            object at 0x112cb22d0>>                       │ │
│ ╰──────────────────────────────────────────────────────────────────────────╯ │
│                                                                              │
│ /Users/arunmenon/projects/Engram/src/context_graph/api/middleware.py:86 in   │
│ dispatch                                                                     │
│                                                                              │
│    83 │   async def dispatch(self, request: Request, call_next: Any) -> Resp │
│    84 │   │   request_id = request.headers.get("x-request-id") or str(uuid.u │
│    85 │   │   structlog.contextvars.bind_contextvars(request_id=request_id)  │
│ ❱  86 │   │   response: Response = await call_next(request)                  │
│    87 │   │   response.headers["X-Request-ID"] = request_id                  │
│    88 │   │   structlog.contextvars.unbind_contextvars("request_id")         │
│    89 │   │   return response                                                │
│                                                                              │
│ ╭───────────────────────────────── locals ─────────────────────────────────╮ │
│ │    request = <starlette.middleware.base._CachedRequest object at         │ │
│ │              0x112cb22d0>                                                │ │
│ │ request_id = 'e17a68db-bd3b-47df-88a0-a479ce5f367f'                      │ │
│ │       self = <context_graph.api.middleware.RequestIDMiddleware object at │ │
│ │              0x1121ffd70>                                                │ │
│ ╰──────────────────────────────────────────────────────────────────────────╯ │
│                                                                              │
│ /private/tmp/engram-ontology-review-venv/lib/python3.12/site-packages/starle │
│ tte/middleware/base.py:173 in call_next                                      │
│                                                                              │
│   170 │   │   │   │   │   # propagated as a cause with the reraise. This is  │
│   171 │   │   │   │   │   # to prevent `anyio.EndOfStream` from polluting th │
│   172 │   │   │   │   │   # context.                                         │
│ ❱ 173 │   │   │   │   │   raise app_exc from app_exc.__cause__ or app_exc.__ │
│   174 │   │   │   │   raise RuntimeError("No response returned.")            │
│   175 │   │   │                                                              │
│   176 │   │   │   assert message["type"] == "http.response.start"            │
│                                                                              │
│ ╭───────────────────────────────── locals ─────────────────────────────────╮ │
│ │                  app_exc = UnavailableError('controlled second feedback  │ │
│ │                            write failure')                               │ │
│ │ exception_already_raised = True                                          │ │
│ │              recv_stream = MemoryObjectReceiveStream(                    │ │
│ │                            │   _state=_MemoryObjectStreamState(          │ │
│ │                            │   │   max_buffer_size=0,                    │ │
│ │                            │   │   buffer=deque(),                       │ │
│ │                            │   │   open_send_channels=0,                 │ │
│ │                            │   │   open_receive_channels=0,              │ │
│ │                            │   │   waiting_receivers=OrderedDict(),      │ │
│ │                            │   │   waiting_senders=OrderedDict()         │ │
│ │                            │   ),                                        │ │
│ │                            │   _closed=True                              │ │
│ │                            )                                             │ │
│ │                  request = <starlette.middleware.base._CachedRequest     │ │
│ │                            object at 0x112cb22d0>                        │ │
│ │            response_sent = <anyio._backends._asyncio.Event object at     │ │
│ │                            0x112f42510>                                  │ │
│ │                    scope = {                                             │ │
│ │                            │   'type': 'http',                           │ │
│ │                            │   'asgi': {'version': '3.0'},               │ │
│ │                            │   'http_version': '1.1',                    │ │
│ │                            │   'method': 'POST',                         │ │
│ │                            │   'headers': [                              │ │
│ │                            │   │   (b'host', b'compat'),                 │ │
│ │                            │   │   (b'accept', b'*/*'),                  │ │
│ │                            │   │   (                                     │ │
│ │                            │   │   │   b'accept-encoding',               │ │
│ │                            │   │   │   b'gzip, deflate'                  │ │
│ │                            │   │   ),                                    │ │
│ │                            │   │   (b'connection', b'keep-alive'),       │ │
│ │                            │   │   (                                     │ │
│ │                            │   │   │   b'user-agent',                    │ │
│ │                            │   │   │   b'python-httpx/0.28.1'            │ │
│ │                            │   │   ),                                    │ │
│ │                            │   │   (b'content-length', b'190'),          │ │
│ │                            │   │   (                                     │ │
│ │                            │   │   │   b'content-type',                  │ │
│ │                            │   │   │   b'application/json'               │ │
│ │                            │   │   )                                     │ │
│ │                            │   ],                                        │ │
│ │                            │   'scheme': 'http',                         │ │
│ │                            │   'path': '/v1/feedback',                   │ │
│ │                            │   'raw_path': b'/v1/feedback',              │ │
│ │                            │   'query_string': b'',                      │ │
│ │                            │   'server': ('compat', None),               │ │
│ │                            │   ... +13                                   │ │
│ │                            }                                             │ │
│ │                     self = <context_graph.api.middleware.RequestIDMiddl… │ │
│ │                            object at 0x1121ffd70>                        │ │
│ │              send_stream = MemoryObjectSendStream(                       │ │
│ │                            │   _state=_MemoryObjectStreamState(          │ │
│ │                            │   │   max_buffer_size=0,                    │ │
│ │                            │   │   buffer=deque(),                       │ │
│ │                            │   │   open_send_channels=0,                 │ │
│ │                            │   │   open_receive_channels=0,              │ │
│ │                            │   │   waiting_receivers=OrderedDict(),      │ │
│ │                            │   │   waiting_senders=OrderedDict()         │ │
│ │                            │   ),                                        │ │
│ │                            │   _closed=True                              │ │
│ │                            )                                             │ │
│ │               task_group = <anyio._backends._asyncio.TaskGroup object at │ │
│ │                            0x112cb0a70>                                  │ │
│ │          wrapped_receive = <bound method _CachedRequest.wrapped_receive  │ │
│ │                            of <starlette.middleware.base._CachedRequest  │ │
│ │                            object at 0x112cb22d0>>                       │ │
│ ╰──────────────────────────────────────────────────────────────────────────╯ │
│                                                                              │
│ /private/tmp/engram-ontology-review-venv/lib/python3.12/site-packages/starle │
│ tte/middleware/base.py:149 in coro                                           │
│                                                                              │
│   146 │   │   │   │                                                          │
│   147 │   │   │   │   with send_stream:                                      │
│   148 │   │   │   │   │   try:                                               │
│ ❱ 149 │   │   │   │   │   │   await self.app(scope, receive_or_disconnect, s │
│   150 │   │   │   │   │   except Exception as exc:                           │
│   151 │   │   │   │   │   │   app_exc = exc                                  │
│   152                                                                        │
│                                                                              │
│ ╭───────────────────────────────── locals ─────────────────────────────────╮ │
│ │     app_exc = UnavailableError('controlled second feedback write         │ │
│ │               failure')                                                  │ │
│ │       scope = {                                                          │ │
│ │               │   'type': 'http',                                        │ │
│ │               │   'asgi': {'version': '3.0'},                            │ │
│ │               │   'http_version': '1.1',                                 │ │
│ │               │   'method': 'POST',                                      │ │
│ │               │   'headers': [                                           │ │
│ │               │   │   (b'host', b'compat'),                              │ │
│ │               │   │   (b'accept', b'*/*'),                               │ │
│ │               │   │   (b'accept-encoding', b'gzip, deflate'),            │ │
│ │               │   │   (b'connection', b'keep-alive'),                    │ │
│ │               │   │   (b'user-agent', b'python-httpx/0.28.1'),           │ │
│ │               │   │   (b'content-length', b'190'),                       │ │
│ │               │   │   (b'content-type', b'application/json')             │ │
│ │               │   ],                                                     │ │
│ │               │   'scheme': 'http',                                      │ │
│ │               │   'path': '/v1/feedback',                                │ │
│ │               │   'raw_path': b'/v1/feedback',                           │ │
│ │               │   'query_string': b'',                                   │ │
│ │               │   'server': ('compat', None),                            │ │
│ │               │   ... +13                                                │ │
│ │               }                                                          │ │
│ │        self = <context_graph.api.middleware.RequestIDMiddleware object   │ │
│ │               at 0x1121ffd70>                                            │ │
│ │ send_stream = MemoryObjectSendStream(                                    │ │
│ │               │   _state=_MemoryObjectStreamState(                       │ │
│ │               │   │   max_buffer_size=0,                                 │ │
│ │               │   │   buffer=deque(),                                    │ │
│ │               │   │   open_send_channels=0,                              │ │
│ │               │   │   open_receive_channels=0,                           │ │
│ │               │   │   waiting_receivers=OrderedDict(),                   │ │
│ │               │   │   waiting_senders=OrderedDict()                      │ │
│ │               │   ),                                                     │ │
│ │               │   _closed=True                                           │ │
│ │               )                                                          │ │
│ ╰──────────────────────────────────────────────────────────────────────────╯ │
│                                                                              │
│ /private/tmp/engram-ontology-review-venv/lib/python3.12/site-packages/starle │
│ tte/middleware/exceptions.py:63 in __call__                                  │
│                                                                              │
│   60 │   │   else:                                                           │
│   61 │   │   │   conn = WebSocket(scope, receive, send)                      │
│   62 │   │                                                                   │
│ ❱ 63 │   │   await wrap_app_handling_exceptions(self.app, conn)(scope, recei │
│   64 │                                                                       │
│   65 │   async def http_exception(self, request: Request, exc: Exception) -> │
│   66 │   │   assert isinstance(exc, HTTPException)                           │
│                                                                              │
│ ╭───────────────────────────────── locals ─────────────────────────────────╮ │
│ │  conn = <starlette.requests.Request object at 0x112cb1670>               │ │
│ │ scope = {                                                                │ │
│ │         │   'type': 'http',                                              │ │
│ │         │   'asgi': {'version': '3.0'},                                  │ │
│ │         │   'http_version': '1.1',                                       │ │
│ │         │   'method': 'POST',                                            │ │
│ │         │   'headers': [                                                 │ │
│ │         │   │   (b'host', b'compat'),                                    │ │
│ │         │   │   (b'accept', b'*/*'),                                     │ │
│ │         │   │   (b'accept-encoding', b'gzip, deflate'),                  │ │
│ │         │   │   (b'connection', b'keep-alive'),                          │ │
│ │         │   │   (b'user-agent', b'python-httpx/0.28.1'),                 │ │
│ │         │   │   (b'content-length', b'190'),                             │ │
│ │         │   │   (b'content-type', b'application/json')                   │ │
│ │         │   ],                                                           │ │
│ │         │   'scheme': 'http',                                            │ │
│ │         │   'path': '/v1/feedback',                                      │ │
│ │         │   'raw_path': b'/v1/feedback',                                 │ │
│ │         │   'query_string': b'',                                         │ │
│ │         │   'server': ('compat', None),                                  │ │
│ │         │   ... +13                                                      │ │
│ │         }                                                                │ │
│ │  self = <starlette.middleware.exceptions.ExceptionMiddleware object at   │ │
│ │         0x112c35280>                                                     │ │
│ ╰──────────────────────────────────────────────────────────────────────────╯ │
│                                                                              │
│ /private/tmp/engram-ontology-review-venv/lib/python3.12/site-packages/starle │
│ tte/_exception_handler.py:53 in wrapped_app                                  │
│                                                                              │
│   50 │   │   │   │   handler = _lookup_exception_handler(exception_handlers, │
│   51 │   │   │                                                               │
│   52 │   │   │   if handler is None:                                         │
│ ❱ 53 │   │   │   │   raise exc                                               │
│   54 │   │   │                                                               │
│   55 │   │   │   if response_started:                                        │
│   56 │   │   │   │   raise RuntimeError("Caught handled exception, but respo │
│      started.") from exc                                                     │
│                                                                              │
│ ╭───────────────────────────────── locals ─────────────────────────────────╮ │
│ │                app = <fastapi.middleware.asyncexitstack.AsyncExitStackM… │ │
│ │                      object at 0x112c34ef0>                              │ │
│ │               conn = <starlette.requests.Request object at 0x112cb1670>  │ │
│ │ exception_handlers = {                                                   │ │
│ │                      │   <class 'starlette.exceptions.HTTPException'>:   │ │
│ │                      <function http_exception_handler at 0x10a222ac0>,   │ │
│ │                      │   <class                                          │ │
│ │                      'starlette.exceptions.WebSocketException'>: <bound  │ │
│ │                      method ExceptionMiddleware.websocket_exception of   │ │
│ │                      <starlette.middleware.exceptions.ExceptionMiddlewa… │ │
│ │                      object at 0x112c35280>>,                            │ │
│ │                      │   <class                                          │ │
│ │                      'fastapi.exceptions.RequestValidationError'>:       │ │
│ │                      <function request_validation_exception_handler at   │ │
│ │                      0x10a41df80>,                                       │ │
│ │                      │   <class                                          │ │
│ │                      'fastapi.exceptions.WebSocketRequestValidationErro… │ │
│ │                      <function                                           │ │
│ │                      websocket_request_validation_exception_handler at   │ │
│ │                      0x10a41e020>,                                       │ │
│ │                      │   <class                                          │ │
│ │                      'context_graph.domain.validation.ValidationError'>: │ │
│ │                      <function _validation_error_handler at 0x10a50eca0> │ │
│ │                      }                                                   │ │
│ │            handler = None                                                │ │
│ │   response_started = False                                               │ │
│ │              scope = {                                                   │ │
│ │                      │   'type': 'http',                                 │ │
│ │                      │   'asgi': {'version': '3.0'},                     │ │
│ │                      │   'http_version': '1.1',                          │ │
│ │                      │   'method': 'POST',                               │ │
│ │                      │   'headers': [                                    │ │
│ │                      │   │   (b'host', b'compat'),                       │ │
│ │                      │   │   (b'accept', b'*/*'),                        │ │
│ │                      │   │   (b'accept-encoding', b'gzip, deflate'),     │ │
│ │                      │   │   (b'connection', b'keep-alive'),             │ │
│ │                      │   │   (b'user-agent', b'python-httpx/0.28.1'),    │ │
│ │                      │   │   (b'content-length', b'190'),                │ │
│ │                      │   │   (b'content-type', b'application/json')      │ │
│ │                      │   ],                                              │ │
│ │                      │   'scheme': 'http',                               │ │
│ │                      │   'path': '/v1/feedback',                         │ │
│ │                      │   'raw_path': b'/v1/feedback',                    │ │
│ │                      │   'query_string': b'',                            │ │
│ │                      │   'server': ('compat', None),                     │ │
│ │                      │   ... +13                                         │ │
│ │                      }                                                   │ │
│ │    status_handlers = {}                                                  │ │
│ ╰──────────────────────────────────────────────────────────────────────────╯ │
│                                                                              │
│ /private/tmp/engram-ontology-review-venv/lib/python3.12/site-packages/starle │
│ tte/_exception_handler.py:42 in wrapped_app                                  │
│                                                                              │
│   39 │   │   │   await send(message)                                         │
│   40 │   │                                                                   │
│   41 │   │   try:                                                            │
│ ❱ 42 │   │   │   await app(scope, receive, sender)                           │
│   43 │   │   except Exception as exc:                                        │
│   44 │   │   │   handler = None                                              │
│   45                                                                         │
│                                                                              │
│ ╭───────────────────────────────── locals ─────────────────────────────────╮ │
│ │                app = <fastapi.middleware.asyncexitstack.AsyncExitStackM… │ │
│ │                      object at 0x112c34ef0>                              │ │
│ │               conn = <starlette.requests.Request object at 0x112cb1670>  │ │
│ │ exception_handlers = {                                                   │ │
│ │                      │   <class 'starlette.exceptions.HTTPException'>:   │ │
│ │                      <function http_exception_handler at 0x10a222ac0>,   │ │
│ │                      │   <class                                          │ │
│ │                      'starlette.exceptions.WebSocketException'>: <bound  │ │
│ │                      method ExceptionMiddleware.websocket_exception of   │ │
│ │                      <starlette.middleware.exceptions.ExceptionMiddlewa… │ │
│ │                      object at 0x112c35280>>,                            │ │
│ │                      │   <class                                          │ │
│ │                      'fastapi.exceptions.RequestValidationError'>:       │ │
│ │                      <function request_validation_exception_handler at   │ │
│ │                      0x10a41df80>,                                       │ │
│ │                      │   <class                                          │ │
│ │                      'fastapi.exceptions.WebSocketRequestValidationErro… │ │
│ │                      <function                                           │ │
│ │                      websocket_request_validation_exception_handler at   │ │
│ │                      0x10a41e020>,                                       │ │
│ │                      │   <class                                          │ │
│ │                      'context_graph.domain.validation.ValidationError'>: │ │
│ │                      <function _validation_error_handler at 0x10a50eca0> │ │
│ │                      }                                                   │ │
│ │            handler = None                                                │ │
│ │   response_started = False                                               │ │
│ │              scope = {                                                   │ │
│ │                      │   'type': 'http',                                 │ │
│ │                      │   'asgi': {'version': '3.0'},                     │ │
│ │                      │   'http_version': '1.1',                          │ │
│ │                      │   'method': 'POST',                               │ │
│ │                      │   'headers': [                                    │ │
│ │                      │   │   (b'host', b'compat'),                       │ │
│ │                      │   │   (b'accept', b'*/*'),                        │ │
│ │                      │   │   (b'accept-encoding', b'gzip, deflate'),     │ │
│ │                      │   │   (b'connection', b'keep-alive'),             │ │
│ │                      │   │   (b'user-agent', b'python-httpx/0.28.1'),    │ │
│ │                      │   │   (b'content-length', b'190'),                │ │
│ │                      │   │   (b'content-type', b'application/json')      │ │
│ │                      │   ],                                              │ │
│ │                      │   'scheme': 'http',                               │ │
│ │                      │   'path': '/v1/feedback',                         │ │
│ │                      │   'raw_path': b'/v1/feedback',                    │ │
│ │                      │   'query_string': b'',                            │ │
│ │                      │   'server': ('compat', None),                     │ │
│ │                      │   ... +13                                         │ │
│ │                      }                                                   │ │
│ │    status_handlers = {}                                                  │ │
│ ╰──────────────────────────────────────────────────────────────────────────╯ │
│                                                                              │
│ /private/tmp/engram-ontology-review-venv/lib/python3.12/site-packages/fastap │
│ i/middleware/asyncexitstack.py:18 in __call__                                │
│                                                                              │
│   15 │   async def __call__(self, scope: Scope, receive: Receive, send: Send │
│   16 │   │   async with AsyncExitStack() as stack:                           │
│   17 │   │   │   scope[self.context_name] = stack                            │
│ ❱ 18 │   │   │   await self.app(scope, receive, send)                        │
│   19                                                                         │
│                                                                              │
│ ╭───────────────────────────────── locals ─────────────────────────────────╮ │
│ │ scope = {                                                                │ │
│ │         │   'type': 'http',                                              │ │
│ │         │   'asgi': {'version': '3.0'},                                  │ │
│ │         │   'http_version': '1.1',                                       │ │
│ │         │   'method': 'POST',                                            │ │
│ │         │   'headers': [                                                 │ │
│ │         │   │   (b'host', b'compat'),                                    │ │
│ │         │   │   (b'accept', b'*/*'),                                     │ │
│ │         │   │   (b'accept-encoding', b'gzip, deflate'),                  │ │
│ │         │   │   (b'connection', b'keep-alive'),                          │ │
│ │         │   │   (b'user-agent', b'python-httpx/0.28.1'),                 │ │
│ │         │   │   (b'content-length', b'190'),                             │ │
│ │         │   │   (b'content-type', b'application/json')                   │ │
│ │         │   ],                                                           │ │
│ │         │   'scheme': 'http',                                            │ │
│ │         │   'path': '/v1/feedback',                                      │ │
│ │         │   'raw_path': b'/v1/feedback',                                 │ │
│ │         │   'query_string': b'',                                         │ │
│ │         │   'server': ('compat', None),                                  │ │
│ │         │   ... +13                                                      │ │
│ │         }                                                                │ │
│ │  self = <fastapi.middleware.asyncexitstack.AsyncExitStackMiddleware      │ │
│ │         object at 0x112c34ef0>                                           │ │
│ │ stack = <contextlib.AsyncExitStack object at 0x112cb0e90>                │ │
│ ╰──────────────────────────────────────────────────────────────────────────╯ │
│                                                                              │
│ /private/tmp/engram-ontology-review-venv/lib/python3.12/site-packages/starle │
│ tte/routing.py:676 in __call__                                               │
│                                                                              │
│   673 │   │   """                                                            │
│   674 │   │   The main entry point to the Router class.                      │
│   675 │   │   """                                                            │
│ ❱ 676 │   │   await self.middleware_stack(scope, receive, send)              │
│   677 │                                                                      │
│   678 │   async def app(self, scope: Scope, receive: Receive, send: Send) -> │
│   679 │   │   assert scope["type"] in ("http", "websocket", "lifespan")      │
│                                                                              │
│ ╭───────────────────────── locals ──────────────────────────╮                │
│ │ scope = {                                                 │                │
│ │         │   'type': 'http',                               │                │
│ │         │   'asgi': {'version': '3.0'},                   │                │
│ │         │   'http_version': '1.1',                        │                │
│ │         │   'method': 'POST',                             │                │
│ │         │   'headers': [                                  │                │
│ │         │   │   (b'host', b'compat'),                     │                │
│ │         │   │   (b'accept', b'*/*'),                      │                │
│ │         │   │   (b'accept-encoding', b'gzip, deflate'),   │                │
│ │         │   │   (b'connection', b'keep-alive'),           │                │
│ │         │   │   (b'user-agent', b'python-httpx/0.28.1'),  │                │
│ │         │   │   (b'content-length', b'190'),              │                │
│ │         │   │   (b'content-type', b'application/json')    │                │
│ │         │   ],                                            │                │
│ │         │   'scheme': 'http',                             │                │
│ │         │   'path': '/v1/feedback',                       │                │
│ │         │   'raw_path': b'/v1/feedback',                  │                │
│ │         │   'query_string': b'',                          │                │
│ │         │   'server': ('compat', None),                   │                │
│ │         │   ... +13                                       │                │
│ │         }                                                 │                │
│ │  self = <fastapi.routing.APIRouter object at 0x112168e90> │                │
│ ╰───────────────────────────────────────────────────────────╯                │
│                                                                              │
│ /private/tmp/engram-ontology-review-venv/lib/python3.12/site-packages/fastap │
│ i/routing.py:2786 in app                                                     │
│                                                                              │
│   2783 │   │   │   │   │   path=getattr(route, "path_format", None),         │
│   2784 │   │   │   │   │   mount=isinstance(route, routing.Mount),           │
│   2785 │   │   │   │   )                                                     │
│ ❱ 2786 │   │   │   │   await route.handle(scope, receive, send)              │
│   2787 │   │   │   │   return                                                │
│   2788 │   │   │   if match == Match.PARTIAL and partial is None:            │
│   2789 │   │   │   │   partial = (route, child_scope)                        │
│                                                                              │
│ ╭───────────────────────────────── locals ─────────────────────────────────╮ │
│ │ child_scope = {}                                                         │ │
│ │       match = <Match.FULL: 2>                                            │ │
│ │     partial = None                                                       │ │
│ │       route = _IncludedRouter(                                           │ │
│ │               │   original_router=<fastapi.routing.APIRouter object at   │ │
│ │               0x10a63e8d0>,                                              │ │
│ │               │   include_context=_RouterIncludeContext(                 │ │
│ │               │   │   included_router=<fastapi.routing.APIRouter object  │ │
│ │               at 0x10a63e8d0>,                                           │ │
│ │               │   │   prefix='/v1',                                      │ │
│ │               │   │   tags=[],                                           │ │
│ │               │   │   dependencies=[                                     │ │
│ │               │   │   │   Depends(                                       │ │
│ │               │   │   │   │   dependency=<function require_api_key at    │ │
│ │               0x10a5009a0>,                                              │ │
│ │               │   │   │   │   use_cache=True,                            │ │
│ │               │   │   │   │   scope=None                                 │ │
│ │               │   │   │   )                                              │ │
│ │               │   │   ],                                                 │ │
│ │               │   │   default_response_class=<class                      │ │
│ │               'fastapi.responses.ORJSONResponse'>,                       │ │
│ │               │   │   responses={},                                      │ │
│ │               │   │   callbacks=[],                                      │ │
│ │               │   │   deprecated=None,                                   │ │
│ │               │   │   include_in_schema=True,                            │ │
│ │               │   │                                                      │ │
│ │               generate_unique_id_function=<fastapi.datastructures.Defau… │ │
│ │               object at 0x10a265b50>,                                    │ │
│ │               │   │   strict_content_type=True,                          │ │
│ │               │   │                                                      │ │
│ │               dependency_overrides_provider=<fastapi.applications.FastA… │ │
│ │               object at 0x1096cfc80>                                     │ │
│ │               │   ),                                                     │ │
│ │               │   _effective_candidates=[                                │ │
│ │               │   │   _EffectiveRouteContext(                            │ │
│ │               │   │   │   original_route=APIRoute(path='/feedback',      │ │
│ │               name='submit_feedback', methods=['POST']),                 │ │
│ │               │   │   │   starlette_route=None,                          │ │
│ │               │   │   │   frontend_prefix='',                            │ │
│ │               │   │   │   path='/v1/feedback',                           │ │
│ │               │   │   │   endpoint=<function submit_feedback at          │ │
│ │               0x10aac0860>,                                              │ │
│ │               │   │   │   stream_item_type=None,                         │ │
│ │               │   │   │   response_model=None,                           │ │
│ │               │   │   │   summary=None,                                  │ │
│ │               │   │   │   response_description='Successful Response',    │ │
│ │               │   │   │   deprecated=None,                               │ │
│ │               │   │   │   operation_id=None,                             │ │
│ │               │   │   │   response_model_include=None,                   │ │
│ │               │   │   │   response_model_exclude=None,                   │ │
│ │               │   │   │   response_model_by_alias=True,                  │ │
│ │               │   │   │   response_model_exclude_unset=False,            │ │
│ │               │   │   │   response_model_exclude_defaults=False,         │ │
│ │               │   │   │   response_model_exclude_none=False,             │ │
│ │               │   │   │   include_in_schema=True,                        │ │
│ │               │   │   │   response_class=<class                          │ │
│ │               'fastapi.responses.ORJSONResponse'>,                       │ │
│ │               │   │   │                                                  │ │
│ │               dependency_overrides_provider=<fastapi.applications.FastA… │ │
│ │               object at 0x1096cfc80>,                                    │ │
│ │               │   │   │   callbacks=[],                                  │ │
│ │               │   │   │   openapi_extra=None,                            │ │
│ │               │   │   │                                                  │ │
│ │               generate_unique_id_function=<fastapi.datastructures.Defau… │ │
│ │               object at 0x10a11f470>,                                    │ │
│ │               │   │   │   strict_content_type=True,                      │ │
│ │               │   │   │   tags=['feedback'],                             │ │
│ │               │   │   │   responses={},                                  │ │
│ │               │   │   │   name='submit_feedback',                        │ │
│ │               │   │   │   path_regex=re.compile('^/v1/feedback$'),       │ │
│ │               │   │   │   path_format='/v1/feedback',                    │ │
│ │               │   │   │   param_convertors={},                           │ │
│ │               │   │   │   methods={'POST'},                              │ │
│ │               │   │   │   unique_id='submit_feedback_v1_feedback_post',  │ │
│ │               │   │   │   status_code=None,                              │ │
│ │               │   │   │   response_field=None,                           │ │
│ │               │   │   │   stream_item_field=None,                        │ │
│ │               │   │   │   dependencies=[                                 │ │
│ │               │   │   │   │   Depends(                                   │ │
│ │               │   │   │   │   │   dependency=<function require_api_key   │ │
│ │               at 0x10a5009a0>,                                           │ │
│ │               │   │   │   │   │   use_cache=True,                        │ │
│ │               │   │   │   │   │   scope=None                             │ │
│ │               │   │   │   │   )                                          │ │
│ │               │   │   │   ],                                             │ │
│ │               │   │   │   description='Submit retrieval feedback to      │ │
│ │               adjust node importance scores.\n\nBumps importance         │ │
│ │               on'+116,                                                   │ │
│ │               │   │   │   response_fields={},                            │ │
│ │               │   │   │   dependant=Dependant(                           │ │
│ │               │   │   │   │   path_params=[],                            │ │
│ │               │   │   │   │   query_params=[],                           │ │
│ │               │   │   │   │   header_params=[],                          │ │
│ │               │   │   │   │   cookie_params=[],                          │ │
│ │               │   │   │   │   body_params=[                              │ │
│ │               │   │   │   │   │   ModelField(                            │ │
│ │               │   │   │   │   │   │   field_info=Body(                   │ │
│ │               │   │   │   │   │   │   │   annotation=RetrievalFeedback,  │ │
│ │               │   │   │   │   │   │   │   required=True,                 │ │
│ │               │   │   │   │   │   │   │   alias='feedback',              │ │
│ │               │   │   │   │   │   │   │   json_schema_extra={}           │ │
│ │               │   │   │   │   │   │   ),                                 │ │
│ │               │   │   │   │   │   │   name='feedback',                   │ │
│ │               │   │   │   │   │   │   mode='validation',                 │ │
│ │               │   │   │   │   │   │   config=None                        │ │
│ │               │   │   │   │   │   )                                      │ │
│ │               │   │   │   │   ],                                         │ │
│ │               │   │   │   │   dependencies=[                             │ │
│ │               │   │   │   │   │   Dependant(                             │ │
│ │               │   │   │   │   │   │   path_params=[],                    │ │
│ │               │   │   │   │   │   │   query_params=[],                   │ │
│ │               │   │   │   │   │   │   header_params=[],                  │ │
│ │               │   │   │   │   │   │   cookie_params=[],                  │ │
│ │               │   │   │   │   │   │   body_params=[],                    │ │
│ │               │   │   │   │   │   │   dependencies=[],                   │ │
│ │               │   │   │   │   │   │   name=None,                         │ │
│ │               │   │   │   │   │   │   call=<function require_api_key at  │ │
│ │               0x10a5009a0>,                                              │ │
│ │               │   │   │   │   │   │   request_param_name='request',      │ │
│ │               │   │   │   │   │   │   websocket_param_name=None,         │ │
│ │               │   │   │   │   │   │   http_connection_param_name=None,   │ │
│ │               │   │   │   │   │   │   response_param_name=None,          │ │
│ │               │   │   │   │   │   │   background_tasks_param_name=None,  │ │
│ │               │   │   │   │   │   │   security_scopes_param_name=None,   │ │
│ │               │   │   │   │   │   │   own_oauth_scopes=[],               │ │
│ │               │   │   │   │   │   │   parent_oauth_scopes=None,          │ │
│ │               │   │   │   │   │   │   use_cache=True,                    │ │
│ │               │   │   │   │   │   │   path='/v1/feedback',               │ │
│ │               │   │   │   │   │   │   scope=None                         │ │
│ │               │   │   │   │   │   ),                                     │ │
│ │               │   │   │   │   │   Dependant(                             │ │
│ │               │   │   │   │   │   │   path_params=[],                    │ │
│ │               │   │   │   │   │   │   query_params=[],                   │ │
│ │               │   │   │   │   │   │   header_params=[],                  │ │
│ │               │   │   │   │   │   │   cookie_params=[],                  │ │
│ │               │   │   │   │   │   │   body_params=[],                    │ │
│ │               │   │   │   │   │   │   dependencies=[],                   │ │
│ │               │   │   │   │   │   │   name='event_store',                │ │
│ │               │   │   │   │   │   │   call=<function get_event_store at  │ │
│ │               0x10a50fe20>,                                              │ │
│ │               │   │   │   │   │   │   request_param_name='request',      │ │
│ │               │   │   │   │   │   │   websocket_param_name=None,         │ │
│ │               │   │   │   │   │   │   http_connection_param_name=None,   │ │
│ │               │   │   │   │   │   │   response_param_name=None,          │ │
│ │               │   │   │   │   │   │   background_tasks_param_name=None,  │ │
│ │               │   │   │   │   │   │   security_scopes_param_name=None,   │ │
│ │               │   │   │   │   │   │   own_oauth_scopes=[],               │ │
│ │               │   │   │   │   │   │   parent_oauth_scopes=[],            │ │
│ │               │   │   │   │   │   │   use_cache=True,                    │ │
│ │               │   │   │   │   │   │   path='/v1/feedback',               │ │
│ │               │   │   │   │   │   │   scope=None                         │ │
│ │               │   │   │   │   │   ),                                     │ │
│ │               │   │   │   │   │   Dependant(                             │ │
│ │               │   │   │   │   │   │   path_params=[],                    │ │
│ │               │   │   │   │   │   │   query_params=[],                   │ │
│ │               │   │   │   │   │   │   header_params=[],                  │ │
│ │               │   │   │   │   │   │   cookie_params=[],                  │ │
│ │               │   │   │   │   │   │   body_params=[],                    │ │
│ │               │   │   │   │   │   │   dependencies=[],                   │ │
│ │               │   │   │   │   │   │   name='graph_store',                │ │
│ │               │   │   │   │   │   │   call=<function get_graph_store at  │ │
│ │               0x10a500220>,                                              │ │
│ │               │   │   │   │   │   │   request_param_name='request',      │ │
│ │               │   │   │   │   │   │   websocket_param_name=None,         │ │
│ │               │   │   │   │   │   │   http_connection_param_name=None,   │ │
│ │               │   │   │   │   │   │   response_param_name=None,          │ │
│ │               │   │   │   │   │   │   background_tasks_param_name=None,  │ │
│ │               │   │   │   │   │   │   security_scopes_param_name=None,   │ │
│ │               │   │   │   │   │   │   own_oauth_scopes=[],               │ │
│ │               │   │   │   │   │   │   parent_oauth_scopes=[],            │ │
│ │               │   │   │   │   │   │   use_cache=True,                    │ │
│ │               │   │   │   │   │   │   path='/v1/feedback',               │ │
│ │               │   │   │   │   │   │   scope=None                         │ │
│ │               │   │   │   │   │   )                                      │ │
│ │               │   │   │   │   ],                                         │ │
│ │               │   │   │   │   name=None,                                 │ │
│ │               │   │   │   │   call=<function submit_feedback at          │ │
│ │               0x10aac0860>,                                              │ │
│ │               │   │   │   │   request_param_name=None,                   │ │
│ │               │   │   │   │   websocket_param_name=None,                 │ │
│ │               │   │   │   │   http_connection_param_name=None,           │ │
│ │               │   │   │   │   response_param_name=None,                  │ │
│ │               │   │   │   │   background_tasks_param_name=None,          │ │
│ │               │   │   │   │   security_scopes_param_name=None,           │ │
│ │               │   │   │   │   own_oauth_scopes=None,                     │ │
│ │               │   │   │   │   parent_oauth_scopes=None,                  │ │
│ │               │   │   │   │   use_cache=True,                            │ │
│ │               │   │   │   │   path='/v1/feedback',                       │ │
│ │               │   │   │   │   scope='function'                           │ │
│ │               │   │   │   ),                                             │ │
│ │               │   │   │   _embed_body_fields=False,                      │ │
│ │               │   │   │   body_field=ModelField(                         │ │
│ │               │   │   │   │   field_info=Body(                           │ │
│ │               │   │   │   │   │   annotation=RetrievalFeedback,          │ │
│ │               │   │   │   │   │   required=True,                         │ │
│ │               │   │   │   │   │   alias='feedback',                      │ │
│ │               │   │   │   │   │   json_schema_extra={}                   │ │
│ │               │   │   │   │   ),                                         │ │
│ │               │   │   │   │   name='feedback',                           │ │
│ │               │   │   │   │   mode='validation',                         │ │
│ │               │   │   │   │   config=None                                │ │
│ │               │   │   │   ),                                             │ │
│ │               │   │   │   is_sse_stream=False,                           │ │
│ │               │   │   │   is_json_stream=False                           │ │
│ │               │   │   )                                                  │ │
│ │               │   ],                                                     │ │
│ │               │   _effective_candidates_version=1,                       │ │
│ │               │   _effective_low_priority_routes=[],                     │ │
│ │               │   _effective_low_priority_routes_version=None            │ │
│ │               )                                                          │ │
│ │       scope = {                                                          │ │
│ │               │   'type': 'http',                                        │ │
│ │               │   'asgi': {'version': '3.0'},                            │ │
│ │               │   'http_version': '1.1',                                 │ │
│ │               │   'method': 'POST',                                      │ │
│ │               │   'headers': [                                           │ │
│ │               │   │   (b'host', b'compat'),                              │ │
│ │               │   │   (b'accept', b'*/*'),                               │ │
│ │               │   │   (b'accept-encoding', b'gzip, deflate'),            │ │
│ │               │   │   (b'connection', b'keep-alive'),                    │ │
│ │               │   │   (b'user-agent', b'python-httpx/0.28.1'),           │ │
│ │               │   │   (b'content-length', b'190'),                       │ │
│ │               │   │   (b'content-type', b'application/json')             │ │
│ │               │   ],                                                     │ │
│ │               │   'scheme': 'http',                                      │ │
│ │               │   'path': '/v1/feedback',                                │ │
│ │               │   'raw_path': b'/v1/feedback',                           │ │
│ │               │   'query_string': b'',                                   │ │
│ │               │   'server': ('compat', None),                            │ │
│ │               │   ... +13                                                │ │
│ │               }                                                          │ │
│ │        self = <fastapi.routing.APIRouter object at 0x112168e90>          │ │
│ ╰──────────────────────────────────────────────────────────────────────────╯ │
│                                                                              │
│ /private/tmp/engram-ontology-review-venv/lib/python3.12/site-packages/fastap │
│ i/routing.py:1817 in handle                                                  │
│                                                                              │
│   1814 │                                                                     │
│   1815 │   async def handle(self, scope: Scope, receive: Receive, send: Send │
│   1816 │   │   _get_fastapi_scope(scope)[_FASTAPI_INCLUDED_ROUTER_KEY] = sel │
│ ❱ 1817 │   │   await self.original_router.handle(scope, receive, send)       │
│   1818 │                                                                     │
│   1819 │   async def _handle_selected(                                       │
│   1820 │   │   self, scope: Scope, receive: Receive, send: Send              │
│                                                                              │
│ ╭───────────────────────────────── locals ─────────────────────────────────╮ │
│ │ scope = {                                                                │ │
│ │         │   'type': 'http',                                              │ │
│ │         │   'asgi': {'version': '3.0'},                                  │ │
│ │         │   'http_version': '1.1',                                       │ │
│ │         │   'method': 'POST',                                            │ │
│ │         │   'headers': [                                                 │ │
│ │         │   │   (b'host', b'compat'),                                    │ │
│ │         │   │   (b'accept', b'*/*'),                                     │ │
│ │         │   │   (b'accept-encoding', b'gzip, deflate'),                  │ │
│ │         │   │   (b'connection', b'keep-alive'),                          │ │
│ │         │   │   (b'user-agent', b'python-httpx/0.28.1'),                 │ │
│ │         │   │   (b'content-length', b'190'),                             │ │
│ │         │   │   (b'content-type', b'application/json')                   │ │
│ │         │   ],                                                           │ │
│ │         │   'scheme': 'http',                                            │ │
│ │         │   'path': '/v1/feedback',                                      │ │
│ │         │   'raw_path': b'/v1/feedback',                                 │ │
│ │         │   'query_string': b'',                                         │ │
│ │         │   'server': ('compat', None),                                  │ │
│ │         │   ... +13                                                      │ │
│ │         }                                                                │ │
│ │  self = _IncludedRouter(                                                 │ │
│ │         │   original_router=<fastapi.routing.APIRouter object at         │ │
│ │         0x10a63e8d0>,                                                    │ │
│ │         │   include_context=_RouterIncludeContext(                       │ │
│ │         │   │   included_router=<fastapi.routing.APIRouter object at     │ │
│ │         0x10a63e8d0>,                                                    │ │
│ │         │   │   prefix='/v1',                                            │ │
│ │         │   │   tags=[],                                                 │ │
│ │         │   │   dependencies=[                                           │ │
│ │         │   │   │   Depends(                                             │ │
│ │         │   │   │   │   dependency=<function require_api_key at          │ │
│ │         0x10a5009a0>,                                                    │ │
│ │         │   │   │   │   use_cache=True,                                  │ │
│ │         │   │   │   │   scope=None                                       │ │
│ │         │   │   │   )                                                    │ │
│ │         │   │   ],                                                       │ │
│ │         │   │   default_response_class=<class                            │ │
│ │         'fastapi.responses.ORJSONResponse'>,                             │ │
│ │         │   │   responses={},                                            │ │
│ │         │   │   callbacks=[],                                            │ │
│ │         │   │   deprecated=None,                                         │ │
│ │         │   │   include_in_schema=True,                                  │ │
│ │         │   │                                                            │ │
│ │         generate_unique_id_function=<fastapi.datastructures.DefaultPlac… │ │
│ │         object at 0x10a265b50>,                                          │ │
│ │         │   │   strict_content_type=True,                                │ │
│ │         │   │                                                            │ │
│ │         dependency_overrides_provider=<fastapi.applications.FastAPI      │ │
│ │         object at 0x1096cfc80>                                           │ │
│ │         │   ),                                                           │ │
│ │         │   _effective_candidates=[                                      │ │
│ │         │   │   _EffectiveRouteContext(                                  │ │
│ │         │   │   │   original_route=APIRoute(path='/feedback',            │ │
│ │         name='submit_feedback', methods=['POST']),                       │ │
│ │         │   │   │   starlette_route=None,                                │ │
│ │         │   │   │   frontend_prefix='',                                  │ │
│ │         │   │   │   path='/v1/feedback',                                 │ │
│ │         │   │   │   endpoint=<function submit_feedback at 0x10aac0860>,  │ │
│ │         │   │   │   stream_item_type=None,                               │ │
│ │         │   │   │   response_model=None,                                 │ │
│ │         │   │   │   summary=None,                                        │ │
│ │         │   │   │   response_description='Successful Response',          │ │
│ │         │   │   │   deprecated=None,                                     │ │
│ │         │   │   │   operation_id=None,                                   │ │
│ │         │   │   │   response_model_include=None,                         │ │
│ │         │   │   │   response_model_exclude=None,                         │ │
│ │         │   │   │   response_model_by_alias=True,                        │ │
│ │         │   │   │   response_model_exclude_unset=False,                  │ │
│ │         │   │   │   response_model_exclude_defaults=False,               │ │
│ │         │   │   │   response_model_exclude_none=False,                   │ │
│ │         │   │   │   include_in_schema=True,                              │ │
│ │         │   │   │   response_class=<class                                │ │
│ │         'fastapi.responses.ORJSONResponse'>,                             │ │
│ │         │   │   │                                                        │ │
│ │         dependency_overrides_provider=<fastapi.applications.FastAPI      │ │
│ │         object at 0x1096cfc80>,                                          │ │
│ │         │   │   │   callbacks=[],                                        │ │
│ │         │   │   │   openapi_extra=None,                                  │ │
│ │         │   │   │                                                        │ │
│ │         generate_unique_id_function=<fastapi.datastructures.DefaultPlac… │ │
│ │         object at 0x10a11f470>,                                          │ │
│ │         │   │   │   strict_content_type=True,                            │ │
│ │         │   │   │   tags=['feedback'],                                   │ │
│ │         │   │   │   responses={},                                        │ │
│ │         │   │   │   name='submit_feedback',                              │ │
│ │         │   │   │   path_regex=re.compile('^/v1/feedback$'),             │ │
│ │         │   │   │   path_format='/v1/feedback',                          │ │
│ │         │   │   │   param_convertors={},                                 │ │
│ │         │   │   │   methods={'POST'},                                    │ │
│ │         │   │   │   unique_id='submit_feedback_v1_feedback_post',        │ │
│ │         │   │   │   status_code=None,                                    │ │
│ │         │   │   │   response_field=None,                                 │ │
│ │         │   │   │   stream_item_field=None,                              │ │
│ │         │   │   │   dependencies=[                                       │ │
│ │         │   │   │   │   Depends(                                         │ │
│ │         │   │   │   │   │   dependency=<function require_api_key at      │ │
│ │         0x10a5009a0>,                                                    │ │
│ │         │   │   │   │   │   use_cache=True,                              │ │
│ │         │   │   │   │   │   scope=None                                   │ │
│ │         │   │   │   │   )                                                │ │
│ │         │   │   │   ],                                                   │ │
│ │         │   │   │   description='Submit retrieval feedback to adjust     │ │
│ │         node importance scores.\n\nBumps importance on'+116,             │ │
│ │         │   │   │   response_fields={},                                  │ │
│ │         │   │   │   dependant=Dependant(                                 │ │
│ │         │   │   │   │   path_params=[],                                  │ │
│ │         │   │   │   │   query_params=[],                                 │ │
│ │         │   │   │   │   header_params=[],                                │ │
│ │         │   │   │   │   cookie_params=[],                                │ │
│ │         │   │   │   │   body_params=[                                    │ │
│ │         │   │   │   │   │   ModelField(                                  │ │
│ │         │   │   │   │   │   │   field_info=Body(                         │ │
│ │         │   │   │   │   │   │   │   annotation=RetrievalFeedback,        │ │
│ │         │   │   │   │   │   │   │   required=True,                       │ │
│ │         │   │   │   │   │   │   │   alias='feedback',                    │ │
│ │         │   │   │   │   │   │   │   json_schema_extra={}                 │ │
│ │         │   │   │   │   │   │   ),                                       │ │
│ │         │   │   │   │   │   │   name='feedback',                         │ │
│ │         │   │   │   │   │   │   mode='validation',                       │ │
│ │         │   │   │   │   │   │   config=None                              │ │
│ │         │   │   │   │   │   )                                            │ │
│ │         │   │   │   │   ],                                               │ │
│ │         │   │   │   │   dependencies=[                                   │ │
│ │         │   │   │   │   │   Dependant(                                   │ │
│ │         │   │   │   │   │   │   path_params=[],                          │ │
│ │         │   │   │   │   │   │   query_params=[],                         │ │
│ │         │   │   │   │   │   │   header_params=[],                        │ │
│ │         │   │   │   │   │   │   cookie_params=[],                        │ │
│ │         │   │   │   │   │   │   body_params=[],                          │ │
│ │         │   │   │   │   │   │   dependencies=[],                         │ │
│ │         │   │   │   │   │   │   name=None,                               │ │
│ │         │   │   │   │   │   │   call=<function require_api_key at        │ │
│ │         0x10a5009a0>,                                                    │ │
│ │         │   │   │   │   │   │   request_param_name='request',            │ │
│ │         │   │   │   │   │   │   websocket_param_name=None,               │ │
│ │         │   │   │   │   │   │   http_connection_param_name=None,         │ │
│ │         │   │   │   │   │   │   response_param_name=None,                │ │
│ │         │   │   │   │   │   │   background_tasks_param_name=None,        │ │
│ │         │   │   │   │   │   │   security_scopes_param_name=None,         │ │
│ │         │   │   │   │   │   │   own_oauth_scopes=[],                     │ │
│ │         │   │   │   │   │   │   parent_oauth_scopes=None,                │ │
│ │         │   │   │   │   │   │   use_cache=True,                          │ │
│ │         │   │   │   │   │   │   path='/v1/feedback',                     │ │
│ │         │   │   │   │   │   │   scope=None                               │ │
│ │         │   │   │   │   │   ),                                           │ │
│ │         │   │   │   │   │   Dependant(                                   │ │
│ │         │   │   │   │   │   │   path_params=[],                          │ │
│ │         │   │   │   │   │   │   query_params=[],                         │ │
│ │         │   │   │   │   │   │   header_params=[],                        │ │
│ │         │   │   │   │   │   │   cookie_params=[],                        │ │
│ │         │   │   │   │   │   │   body_params=[],                          │ │
│ │         │   │   │   │   │   │   dependencies=[],                         │ │
│ │         │   │   │   │   │   │   name='event_store',                      │ │
│ │         │   │   │   │   │   │   call=<function get_event_store at        │ │
│ │         0x10a50fe20>,                                                    │ │
│ │         │   │   │   │   │   │   request_param_name='request',            │ │
│ │         │   │   │   │   │   │   websocket_param_name=None,               │ │
│ │         │   │   │   │   │   │   http_connection_param_name=None,         │ │
│ │         │   │   │   │   │   │   response_param_name=None,                │ │
│ │         │   │   │   │   │   │   background_tasks_param_name=None,        │ │
│ │         │   │   │   │   │   │   security_scopes_param_name=None,         │ │
│ │         │   │   │   │   │   │   own_oauth_scopes=[],                     │ │
│ │         │   │   │   │   │   │   parent_oauth_scopes=[],                  │ │
│ │         │   │   │   │   │   │   use_cache=True,                          │ │
│ │         │   │   │   │   │   │   path='/v1/feedback',                     │ │
│ │         │   │   │   │   │   │   scope=None                               │ │
│ │         │   │   │   │   │   ),                                           │ │
│ │         │   │   │   │   │   Dependant(                                   │ │
│ │         │   │   │   │   │   │   path_params=[],                          │ │
│ │         │   │   │   │   │   │   query_params=[],                         │ │
│ │         │   │   │   │   │   │   header_params=[],                        │ │
│ │         │   │   │   │   │   │   cookie_params=[],                        │ │
│ │         │   │   │   │   │   │   body_params=[],                          │ │
│ │         │   │   │   │   │   │   dependencies=[],                         │ │
│ │         │   │   │   │   │   │   name='graph_store',                      │ │
│ │         │   │   │   │   │   │   call=<function get_graph_store at        │ │
│ │         0x10a500220>,                                                    │ │
│ │         │   │   │   │   │   │   request_param_name='request',            │ │
│ │         │   │   │   │   │   │   websocket_param_name=None,               │ │
│ │         │   │   │   │   │   │   http_connection_param_name=None,         │ │
│ │         │   │   │   │   │   │   response_param_name=None,                │ │
│ │         │   │   │   │   │   │   background_tasks_param_name=None,        │ │
│ │         │   │   │   │   │   │   security_scopes_param_name=None,         │ │
│ │         │   │   │   │   │   │   own_oauth_scopes=[],                     │ │
│ │         │   │   │   │   │   │   parent_oauth_scopes=[],                  │ │
│ │         │   │   │   │   │   │   use_cache=True,                          │ │
│ │         │   │   │   │   │   │   path='/v1/feedback',                     │ │
│ │         │   │   │   │   │   │   scope=None                               │ │
│ │         │   │   │   │   │   )                                            │ │
│ │         │   │   │   │   ],                                               │ │
│ │         │   │   │   │   name=None,                                       │ │
│ │         │   │   │   │   call=<function submit_feedback at 0x10aac0860>,  │ │
│ │         │   │   │   │   request_param_name=None,                         │ │
│ │         │   │   │   │   websocket_param_name=None,                       │ │
│ │         │   │   │   │   http_connection_param_name=None,                 │ │
│ │         │   │   │   │   response_param_name=None,                        │ │
│ │         │   │   │   │   background_tasks_param_name=None,                │ │
│ │         │   │   │   │   security_scopes_param_name=None,                 │ │
│ │         │   │   │   │   own_oauth_scopes=None,                           │ │
│ │         │   │   │   │   parent_oauth_scopes=None,                        │ │
│ │         │   │   │   │   use_cache=True,                                  │ │
│ │         │   │   │   │   path='/v1/feedback',                             │ │
│ │         │   │   │   │   scope='function'                                 │ │
│ │         │   │   │   ),                                                   │ │
│ │         │   │   │   _embed_body_fields=False,                            │ │
│ │         │   │   │   body_field=ModelField(                               │ │
│ │         │   │   │   │   field_info=Body(                                 │ │
│ │         │   │   │   │   │   annotation=RetrievalFeedback,                │ │
│ │         │   │   │   │   │   required=True,                               │ │
│ │         │   │   │   │   │   alias='feedback',                            │ │
│ │         │   │   │   │   │   json_schema_extra={}                         │ │
│ │         │   │   │   │   ),                                               │ │
│ │         │   │   │   │   name='feedback',                                 │ │
│ │         │   │   │   │   mode='validation',                               │ │
│ │         │   │   │   │   config=None                                      │ │
│ │         │   │   │   ),                                                   │ │
│ │         │   │   │   is_sse_stream=False,                                 │ │
│ │         │   │   │   is_json_stream=False                                 │ │
│ │         │   │   )                                                        │ │
│ │         │   ],                                                           │ │
│ │         │   _effective_candidates_version=1,                             │ │
│ │         │   _effective_low_priority_routes=[],                           │ │
│ │         │   _effective_low_priority_routes_version=None                  │ │
│ │         )                                                                │ │
│ ╰──────────────────────────────────────────────────────────────────────────╯ │
│                                                                              │
│ /private/tmp/engram-ontology-review-venv/lib/python3.12/site-packages/fastap │
│ i/routing.py:2869 in handle                                                  │
│                                                                              │
│   2866 │   │   │   isinstance(included_router, _IncludedRouter)              │
│   2867 │   │   │   and included_router.original_router is self               │
│   2868 │   │   ):                                                            │
│ ❱ 2869 │   │   │   await included_router._handle_selected(scope, receive, se │
│   2870 │   │   │   return                                                    │
│   2871 │   │   await self.app(scope, receive, send)                          │
│   2872                                                                       │
│                                                                              │
│ ╭───────────────────────────────── locals ─────────────────────────────────╮ │
│ │ included_router = _IncludedRouter(                                       │ │
│ │                   │   original_router=<fastapi.routing.APIRouter object  │ │
│ │                   at 0x10a63e8d0>,                                       │ │
│ │                   │   include_context=_RouterIncludeContext(             │ │
│ │                   │   │   included_router=<fastapi.routing.APIRouter     │ │
│ │                   object at 0x10a63e8d0>,                                │ │
│ │                   │   │   prefix='/v1',                                  │ │
│ │                   │   │   tags=[],                                       │ │
│ │                   │   │   dependencies=[                                 │ │
│ │                   │   │   │   Depends(                                   │ │
│ │                   │   │   │   │   dependency=<function require_api_key   │ │
│ │                   at 0x10a5009a0>,                                       │ │
│ │                   │   │   │   │   use_cache=True,                        │ │
│ │                   │   │   │   │   scope=None                             │ │
│ │                   │   │   │   )                                          │ │
│ │                   │   │   ],                                             │ │
│ │                   │   │   default_response_class=<class                  │ │
│ │                   'fastapi.responses.ORJSONResponse'>,                   │ │
│ │                   │   │   responses={},                                  │ │
│ │                   │   │   callbacks=[],                                  │ │
│ │                   │   │   deprecated=None,                               │ │
│ │                   │   │   include_in_schema=True,                        │ │
│ │                   │   │                                                  │ │
│ │                   generate_unique_id_function=<fastapi.datastructures.D… │ │
│ │                   object at 0x10a265b50>,                                │ │
│ │                   │   │   strict_content_type=True,                      │ │
│ │                   │   │                                                  │ │
│ │                   dependency_overrides_provider=<fastapi.applications.F… │ │
│ │                   object at 0x1096cfc80>                                 │ │
│ │                   │   ),                                                 │ │
│ │                   │   _effective_candidates=[                            │ │
│ │                   │   │   _EffectiveRouteContext(                        │ │
│ │                   │   │   │   original_route=APIRoute(path='/feedback',  │ │
│ │                   name='submit_feedback', methods=['POST']),             │ │
│ │                   │   │   │   starlette_route=None,                      │ │
│ │                   │   │   │   frontend_prefix='',                        │ │
│ │                   │   │   │   path='/v1/feedback',                       │ │
│ │                   │   │   │   endpoint=<function submit_feedback at      │ │
│ │                   0x10aac0860>,                                          │ │
│ │                   │   │   │   stream_item_type=None,                     │ │
│ │                   │   │   │   response_model=None,                       │ │
│ │                   │   │   │   summary=None,                              │ │
│ │                   │   │   │   response_description='Successful           │ │
│ │                   Response',                                             │ │
│ │                   │   │   │   deprecated=None,                           │ │
│ │                   │   │   │   operation_id=None,                         │ │
│ │                   │   │   │   response_model_include=None,               │ │
│ │                   │   │   │   response_model_exclude=None,               │ │
│ │                   │   │   │   response_model_by_alias=True,              │ │
│ │                   │   │   │   response_model_exclude_unset=False,        │ │
│ │                   │   │   │   response_model_exclude_defaults=False,     │ │
│ │                   │   │   │   response_model_exclude_none=False,         │ │
│ │                   │   │   │   include_in_schema=True,                    │ │
│ │                   │   │   │   response_class=<class                      │ │
│ │                   'fastapi.responses.ORJSONResponse'>,                   │ │
│ │                   │   │   │                                              │ │
│ │                   dependency_overrides_provider=<fastapi.applications.F… │ │
│ │                   object at 0x1096cfc80>,                                │ │
│ │                   │   │   │   callbacks=[],                              │ │
│ │                   │   │   │   openapi_extra=None,                        │ │
│ │                   │   │   │                                              │ │
│ │                   generate_unique_id_function=<fastapi.datastructures.D… │ │
│ │                   object at 0x10a11f470>,                                │ │
│ │                   │   │   │   strict_content_type=True,                  │ │
│ │                   │   │   │   tags=['feedback'],                         │ │
│ │                   │   │   │   responses={},                              │ │
│ │                   │   │   │   name='submit_feedback',                    │ │
│ │                   │   │   │   path_regex=re.compile('^/v1/feedback$'),   │ │
│ │                   │   │   │   path_format='/v1/feedback',                │ │
│ │                   │   │   │   param_convertors={},                       │ │
│ │                   │   │   │   methods={'POST'},                          │ │
│ │                   │   │   │                                              │ │
│ │                   unique_id='submit_feedback_v1_feedback_post',          │ │
│ │                   │   │   │   status_code=None,                          │ │
│ │                   │   │   │   response_field=None,                       │ │
│ │                   │   │   │   stream_item_field=None,                    │ │
│ │                   │   │   │   dependencies=[                             │ │
│ │                   │   │   │   │   Depends(                               │ │
│ │                   │   │   │   │   │   dependency=<function               │ │
│ │                   require_api_key at 0x10a5009a0>,                       │ │
│ │                   │   │   │   │   │   use_cache=True,                    │ │
│ │                   │   │   │   │   │   scope=None                         │ │
│ │                   │   │   │   │   )                                      │ │
│ │                   │   │   │   ],                                         │ │
│ │                   │   │   │   description='Submit retrieval feedback to  │ │
│ │                   adjust node importance scores.\n\nBumps importance     │ │
│ │                   on'+116,                                               │ │
│ │                   │   │   │   response_fields={},                        │ │
│ │                   │   │   │   dependant=Dependant(                       │ │
│ │                   │   │   │   │   path_params=[],                        │ │
│ │                   │   │   │   │   query_params=[],                       │ │
│ │                   │   │   │   │   header_params=[],                      │ │
│ │                   │   │   │   │   cookie_params=[],                      │ │
│ │                   │   │   │   │   body_params=[                          │ │
│ │                   │   │   │   │   │   ModelField(                        │ │
│ │                   │   │   │   │   │   │   field_info=Body(               │ │
│ │                   │   │   │   │   │   │   │                              │ │
│ │                   annotation=RetrievalFeedback,                          │ │
│ │                   │   │   │   │   │   │   │   required=True,             │ │
│ │                   │   │   │   │   │   │   │   alias='feedback',          │ │
│ │                   │   │   │   │   │   │   │   json_schema_extra={}       │ │
│ │                   │   │   │   │   │   │   ),                             │ │
│ │                   │   │   │   │   │   │   name='feedback',               │ │
│ │                   │   │   │   │   │   │   mode='validation',             │ │
│ │                   │   │   │   │   │   │   config=None                    │ │
│ │                   │   │   │   │   │   )                                  │ │
│ │                   │   │   │   │   ],                                     │ │
│ │                   │   │   │   │   dependencies=[                         │ │
│ │                   │   │   │   │   │   Dependant(                         │ │
│ │                   │   │   │   │   │   │   path_params=[],                │ │
│ │                   │   │   │   │   │   │   query_params=[],               │ │
│ │                   │   │   │   │   │   │   header_params=[],              │ │
│ │                   │   │   │   │   │   │   cookie_params=[],              │ │
│ │                   │   │   │   │   │   │   body_params=[],                │ │
│ │                   │   │   │   │   │   │   dependencies=[],               │ │
│ │                   │   │   │   │   │   │   name=None,                     │ │
│ │                   │   │   │   │   │   │   call=<function require_api_key │ │
│ │                   at 0x10a5009a0>,                                       │ │
│ │                   │   │   │   │   │   │   request_param_name='request',  │ │
│ │                   │   │   │   │   │   │   websocket_param_name=None,     │ │
│ │                   │   │   │   │   │   │                                  │ │
│ │                   http_connection_param_name=None,                       │ │
│ │                   │   │   │   │   │   │   response_param_name=None,      │ │
│ │                   │   │   │   │   │   │                                  │ │
│ │                   background_tasks_param_name=None,                      │ │
│ │                   │   │   │   │   │   │                                  │ │
│ │                   security_scopes_param_name=None,                       │ │
│ │                   │   │   │   │   │   │   own_oauth_scopes=[],           │ │
│ │                   │   │   │   │   │   │   parent_oauth_scopes=None,      │ │
│ │                   │   │   │   │   │   │   use_cache=True,                │ │
│ │                   │   │   │   │   │   │   path='/v1/feedback',           │ │
│ │                   │   │   │   │   │   │   scope=None                     │ │
│ │                   │   │   │   │   │   ),                                 │ │
│ │                   │   │   │   │   │   Dependant(                         │ │
│ │                   │   │   │   │   │   │   path_params=[],                │ │
│ │                   │   │   │   │   │   │   query_params=[],               │ │
│ │                   │   │   │   │   │   │   header_params=[],              │ │
│ │                   │   │   │   │   │   │   cookie_params=[],              │ │
│ │                   │   │   │   │   │   │   body_params=[],                │ │
│ │                   │   │   │   │   │   │   dependencies=[],               │ │
│ │                   │   │   │   │   │   │   name='event_store',            │ │
│ │                   │   │   │   │   │   │   call=<function get_event_store │ │
│ │                   at 0x10a50fe20>,                                       │ │
│ │                   │   │   │   │   │   │   request_param_name='request',  │ │
│ │                   │   │   │   │   │   │   websocket_param_name=None,     │ │
│ │                   │   │   │   │   │   │                                  │ │
│ │                   http_connection_param_name=None,                       │ │
│ │                   │   │   │   │   │   │   response_param_name=None,      │ │
│ │                   │   │   │   │   │   │                                  │ │
│ │                   background_tasks_param_name=None,                      │ │
│ │                   │   │   │   │   │   │                                  │ │
│ │                   security_scopes_param_name=None,                       │ │
│ │                   │   │   │   │   │   │   own_oauth_scopes=[],           │ │
│ │                   │   │   │   │   │   │   parent_oauth_scopes=[],        │ │
│ │                   │   │   │   │   │   │   use_cache=True,                │ │
│ │                   │   │   │   │   │   │   path='/v1/feedback',           │ │
│ │                   │   │   │   │   │   │   scope=None                     │ │
│ │                   │   │   │   │   │   ),                                 │ │
│ │                   │   │   │   │   │   Dependant(                         │ │
│ │                   │   │   │   │   │   │   path_params=[],                │ │
│ │                   │   │   │   │   │   │   query_params=[],               │ │
│ │                   │   │   │   │   │   │   header_params=[],              │ │
│ │                   │   │   │   │   │   │   cookie_params=[],              │ │
│ │                   │   │   │   │   │   │   body_params=[],                │ │
│ │                   │   │   │   │   │   │   dependencies=[],               │ │
│ │                   │   │   │   │   │   │   name='graph_store',            │ │
│ │                   │   │   │   │   │   │   call=<function get_graph_store │ │
│ │                   at 0x10a500220>,                                       │ │
│ │                   │   │   │   │   │   │   request_param_name='request',  │ │
│ │                   │   │   │   │   │   │   websocket_param_name=None,     │ │
│ │                   │   │   │   │   │   │                                  │ │
│ │                   http_connection_param_name=None,                       │ │
│ │                   │   │   │   │   │   │   response_param_name=None,      │ │
│ │                   │   │   │   │   │   │                                  │ │
│ │                   background_tasks_param_name=None,                      │ │
│ │                   │   │   │   │   │   │                                  │ │
│ │                   security_scopes_param_name=None,                       │ │
│ │                   │   │   │   │   │   │   own_oauth_scopes=[],           │ │
│ │                   │   │   │   │   │   │   parent_oauth_scopes=[],        │ │
│ │                   │   │   │   │   │   │   use_cache=True,                │ │
│ │                   │   │   │   │   │   │   path='/v1/feedback',           │ │
│ │                   │   │   │   │   │   │   scope=None                     │ │
│ │                   │   │   │   │   │   )                                  │ │
│ │                   │   │   │   │   ],                                     │ │
│ │                   │   │   │   │   name=None,                             │ │
│ │                   │   │   │   │   call=<function submit_feedback at      │ │
│ │                   0x10aac0860>,                                          │ │
│ │                   │   │   │   │   request_param_name=None,               │ │
│ │                   │   │   │   │   websocket_param_name=None,             │ │
│ │                   │   │   │   │   http_connection_param_name=None,       │ │
│ │                   │   │   │   │   response_param_name=None,              │ │
│ │                   │   │   │   │   background_tasks_param_name=None,      │ │
│ │                   │   │   │   │   security_scopes_param_name=None,       │ │
│ │                   │   │   │   │   own_oauth_scopes=None,                 │ │
│ │                   │   │   │   │   parent_oauth_scopes=None,              │ │
│ │                   │   │   │   │   use_cache=True,                        │ │
│ │                   │   │   │   │   path='/v1/feedback',                   │ │
│ │                   │   │   │   │   scope='function'                       │ │
│ │                   │   │   │   ),                                         │ │
│ │                   │   │   │   _embed_body_fields=False,                  │ │
│ │                   │   │   │   body_field=ModelField(                     │ │
│ │                   │   │   │   │   field_info=Body(                       │ │
│ │                   │   │   │   │   │   annotation=RetrievalFeedback,      │ │
│ │                   │   │   │   │   │   required=True,                     │ │
│ │                   │   │   │   │   │   alias='feedback',                  │ │
│ │                   │   │   │   │   │   json_schema_extra={}               │ │
│ │                   │   │   │   │   ),                                     │ │
│ │                   │   │   │   │   name='feedback',                       │ │
│ │                   │   │   │   │   mode='validation',                     │ │
│ │                   │   │   │   │   config=None                            │ │
│ │                   │   │   │   ),                                         │ │
│ │                   │   │   │   is_sse_stream=False,                       │ │
│ │                   │   │   │   is_json_stream=False                       │ │
│ │                   │   │   )                                              │ │
│ │                   │   ],                                                 │ │
│ │                   │   _effective_candidates_version=1,                   │ │
│ │                   │   _effective_low_priority_routes=[],                 │ │
│ │                   │   _effective_low_priority_routes_version=None        │ │
│ │                   )                                                      │ │
│ │           scope = {                                                      │ │
│ │                   │   'type': 'http',                                    │ │
│ │                   │   'asgi': {'version': '3.0'},                        │ │
│ │                   │   'http_version': '1.1',                             │ │
│ │                   │   'method': 'POST',                                  │ │
│ │                   │   'headers': [                                       │ │
│ │                   │   │   (b'host', b'compat'),                          │ │
│ │                   │   │   (b'accept', b'*/*'),                           │ │
│ │                   │   │   (b'accept-encoding', b'gzip, deflate'),        │ │
│ │                   │   │   (b'connection', b'keep-alive'),                │ │
│ │                   │   │   (b'user-agent', b'python-httpx/0.28.1'),       │ │
│ │                   │   │   (b'content-length', b'190'),                   │ │
│ │                   │   │   (b'content-type', b'application/json')         │ │
│ │                   │   ],                                                 │ │
│ │                   │   'scheme': 'http',                                  │ │
│ │                   │   'path': '/v1/feedback',                            │ │
│ │                   │   'raw_path': b'/v1/feedback',                       │ │
│ │                   │   'query_string': b'',                               │ │
│ │                   │   'server': ('compat', None),                        │ │
│ │                   │   ... +13                                            │ │
│ │                   }                                                      │ │
│ │            self = <fastapi.routing.APIRouter object at 0x10a63e8d0>      │ │
│ ╰──────────────────────────────────────────────────────────────────────────╯ │
│                                                                              │
│ /private/tmp/engram-ontology-review-venv/lib/python3.12/site-packages/fastap │
│ i/routing.py:1843 in _handle_selected                                        │
│                                                                              │
│   1840 │   │   │   original_route = effective_context.original_route         │
│   1841 │   │   │   if isinstance(original_route, APIRoute):                  │
│   1842 │   │   │   │   scope["route"] = original_route                       │
│ ❱ 1843 │   │   │   │   await original_route.handle(scope, receive, send)     │
│   1844 │   │   │   │   return                                                │
│   1845 │   │   await route.handle(scope, receive, send)                      │
│   1846                                                                       │
│                                                                              │
│ ╭───────────────────────────────── locals ─────────────────────────────────╮ │
│ │       child_scope = {                                                    │ │
│ │                     │   'endpoint': <function submit_feedback at         │ │
│ │                     0x10aac0860>,                                        │ │
│ │                     │   'path_params': {},                               │ │
│ │                     │   'route': APIRoute(path='/feedback',              │ │
│ │                     name='submit_feedback', methods=['POST'])            │ │
│ │                     }                                                    │ │
│ │ effective_context = _EffectiveRouteContext(                              │ │
│ │                     │   original_route=APIRoute(path='/feedback',        │ │
│ │                     name='submit_feedback', methods=['POST']),           │ │
│ │                     │   starlette_route=None,                            │ │
│ │                     │   frontend_prefix='',                              │ │
│ │                     │   path='/v1/feedback',                             │ │
│ │                     │   endpoint=<function submit_feedback at            │ │
│ │                     0x10aac0860>,                                        │ │
│ │                     │   stream_item_type=None,                           │ │
│ │                     │   response_model=None,                             │ │
│ │                     │   summary=None,                                    │ │
│ │                     │   response_description='Successful Response',      │ │
│ │                     │   deprecated=None,                                 │ │
│ │                     │   operation_id=None,                               │ │
│ │                     │   response_model_include=None,                     │ │
│ │                     │   response_model_exclude=None,                     │ │
│ │                     │   response_model_by_alias=True,                    │ │
│ │                     │   response_model_exclude_unset=False,              │ │
│ │                     │   response_model_exclude_defaults=False,           │ │
│ │                     │   response_model_exclude_none=False,               │ │
│ │                     │   include_in_schema=True,                          │ │
│ │                     │   response_class=<class                            │ │
│ │                     'fastapi.responses.ORJSONResponse'>,                 │ │
│ │                     │                                                    │ │
│ │                     dependency_overrides_provider=<fastapi.applications… │ │
│ │                     object at 0x1096cfc80>,                              │ │
│ │                     │   callbacks=[],                                    │ │
│ │                     │   openapi_extra=None,                              │ │
│ │                     │                                                    │ │
│ │                     generate_unique_id_function=<fastapi.datastructures… │ │
│ │                     object at 0x10a11f470>,                              │ │
│ │                     │   strict_content_type=True,                        │ │
│ │                     │   tags=['feedback'],                               │ │
│ │                     │   responses={},                                    │ │
│ │                     │   name='submit_feedback',                          │ │
│ │                     │   path_regex=re.compile('^/v1/feedback$'),         │ │
│ │                     │   path_format='/v1/feedback',                      │ │
│ │                     │   param_convertors={},                             │ │
│ │                     │   methods={'POST'},                                │ │
│ │                     │   unique_id='submit_feedback_v1_feedback_post',    │ │
│ │                     │   status_code=None,                                │ │
│ │                     │   response_field=None,                             │ │
│ │                     │   stream_item_field=None,                          │ │
│ │                     │   dependencies=[                                   │ │
│ │                     │   │   Depends(                                     │ │
│ │                     │   │   │   dependency=<function require_api_key at  │ │
│ │                     0x10a5009a0>,                                        │ │
│ │                     │   │   │   use_cache=True,                          │ │
│ │                     │   │   │   scope=None                               │ │
│ │                     │   │   )                                            │ │
│ │                     │   ],                                               │ │
│ │                     │   description='Submit retrieval feedback to adjust │ │
│ │                     node importance scores.\n\nBumps importance on'+116, │ │
│ │                     │   response_fields={},                              │ │
│ │                     │   dependant=Dependant(                             │ │
│ │                     │   │   path_params=[],                              │ │
│ │                     │   │   query_params=[],                             │ │
│ │                     │   │   header_params=[],                            │ │
│ │                     │   │   cookie_params=[],                            │ │
│ │                     │   │   body_params=[                                │ │
│ │                     │   │   │   ModelField(                              │ │
│ │                     │   │   │   │   field_info=Body(                     │ │
│ │                     │   │   │   │   │   annotation=RetrievalFeedback,    │ │
│ │                     │   │   │   │   │   required=True,                   │ │
│ │                     │   │   │   │   │   alias='feedback',                │ │
│ │                     │   │   │   │   │   json_schema_extra={}             │ │
│ │                     │   │   │   │   ),                                   │ │
│ │                     │   │   │   │   name='feedback',                     │ │
│ │                     │   │   │   │   mode='validation',                   │ │
│ │                     │   │   │   │   config=None                          │ │
│ │                     │   │   │   )                                        │ │
│ │                     │   │   ],                                           │ │
│ │                     │   │   dependencies=[                               │ │
│ │                     │   │   │   Dependant(                               │ │
│ │                     │   │   │   │   path_params=[],                      │ │
│ │                     │   │   │   │   query_params=[],                     │ │
│ │                     │   │   │   │   header_params=[],                    │ │
│ │                     │   │   │   │   cookie_params=[],                    │ │
│ │                     │   │   │   │   body_params=[],                      │ │
│ │                     │   │   │   │   dependencies=[],                     │ │
│ │                     │   │   │   │   name=None,                           │ │
│ │                     │   │   │   │   call=<function require_api_key at    │ │
│ │                     0x10a5009a0>,                                        │ │
│ │                     │   │   │   │   request_param_name='request',        │ │
│ │                     │   │   │   │   websocket_param_name=None,           │ │
│ │                     │   │   │   │   http_connection_param_name=None,     │ │
│ │                     │   │   │   │   response_param_name=None,            │ │
│ │                     │   │   │   │   background_tasks_param_name=None,    │ │
│ │                     │   │   │   │   security_scopes_param_name=None,     │ │
│ │                     │   │   │   │   own_oauth_scopes=[],                 │ │
│ │                     │   │   │   │   parent_oauth_scopes=None,            │ │
│ │                     │   │   │   │   use_cache=True,                      │ │
│ │                     │   │   │   │   path='/v1/feedback',                 │ │
│ │                     │   │   │   │   scope=None                           │ │
│ │                     │   │   │   ),                                       │ │
│ │                     │   │   │   Dependant(                               │ │
│ │                     │   │   │   │   path_params=[],                      │ │
│ │                     │   │   │   │   query_params=[],                     │ │
│ │                     │   │   │   │   header_params=[],                    │ │
│ │                     │   │   │   │   cookie_params=[],                    │ │
│ │                     │   │   │   │   body_params=[],                      │ │
│ │                     │   │   │   │   dependencies=[],                     │ │
│ │                     │   │   │   │   name='event_store',                  │ │
│ │                     │   │   │   │   call=<function get_event_store at    │ │
│ │                     0x10a50fe20>,                                        │ │
│ │                     │   │   │   │   request_param_name='request',        │ │
│ │                     │   │   │   │   websocket_param_name=None,           │ │
│ │                     │   │   │   │   http_connection_param_name=None,     │ │
│ │                     │   │   │   │   response_param_name=None,            │ │
│ │                     │   │   │   │   background_tasks_param_name=None,    │ │
│ │                     │   │   │   │   security_scopes_param_name=None,     │ │
│ │                     │   │   │   │   own_oauth_scopes=[],                 │ │
│ │                     │   │   │   │   parent_oauth_scopes=[],              │ │
│ │                     │   │   │   │   use_cache=True,                      │ │
│ │                     │   │   │   │   path='/v1/feedback',                 │ │
│ │                     │   │   │   │   scope=None                           │ │
│ │                     │   │   │   ),                                       │ │
│ │                     │   │   │   Dependant(                               │ │
│ │                     │   │   │   │   path_params=[],                      │ │
│ │                     │   │   │   │   query_params=[],                     │ │
│ │                     │   │   │   │   header_params=[],                    │ │
│ │                     │   │   │   │   cookie_params=[],                    │ │
│ │                     │   │   │   │   body_params=[],                      │ │
│ │                     │   │   │   │   dependencies=[],                     │ │
│ │                     │   │   │   │   name='graph_store',                  │ │
│ │                     │   │   │   │   call=<function get_graph_store at    │ │
│ │                     0x10a500220>,                                        │ │
│ │                     │   │   │   │   request_param_name='request',        │ │
│ │                     │   │   │   │   websocket_param_name=None,           │ │
│ │                     │   │   │   │   http_connection_param_name=None,     │ │
│ │                     │   │   │   │   response_param_name=None,            │ │
│ │                     │   │   │   │   background_tasks_param_name=None,    │ │
│ │                     │   │   │   │   security_scopes_param_name=None,     │ │
│ │                     │   │   │   │   own_oauth_scopes=[],                 │ │
│ │                     │   │   │   │   parent_oauth_scopes=[],              │ │
│ │                     │   │   │   │   use_cache=True,                      │ │
│ │                     │   │   │   │   path='/v1/feedback',                 │ │
│ │                     │   │   │   │   scope=None                           │ │
│ │                     │   │   │   )                                        │ │
│ │                     │   │   ],                                           │ │
│ │                     │   │   name=None,                                   │ │
│ │                     │   │   call=<function submit_feedback at            │ │
│ │                     0x10aac0860>,                                        │ │
│ │                     │   │   request_param_name=None,                     │ │
│ │                     │   │   websocket_param_name=None,                   │ │
│ │                     │   │   http_connection_param_name=None,             │ │
│ │                     │   │   response_param_name=None,                    │ │
│ │                     │   │   background_tasks_param_name=None,            │ │
│ │                     │   │   security_scopes_param_name=None,             │ │
│ │                     │   │   own_oauth_scopes=None,                       │ │
│ │                     │   │   parent_oauth_scopes=None,                    │ │
│ │                     │   │   use_cache=True,                              │ │
│ │                     │   │   path='/v1/feedback',                         │ │
│ │                     │   │   scope='function'                             │ │
│ │                     │   ),                                               │ │
│ │                     │   _embed_body_fields=False,                        │ │
│ │                     │   body_field=ModelField(                           │ │
│ │                     │   │   field_info=Body(                             │ │
│ │                     │   │   │   annotation=RetrievalFeedback,            │ │
│ │                     │   │   │   required=True,                           │ │
│ │                     │   │   │   alias='feedback',                        │ │
│ │                     │   │   │   json_schema_extra={}                     │ │
│ │                     │   │   ),                                           │ │
│ │                     │   │   name='feedback',                             │ │
│ │                     │   │   mode='validation',                           │ │
│ │                     │   │   config=None                                  │ │
│ │                     │   ),                                               │ │
│ │                     │   is_sse_stream=False,                             │ │
│ │                     │   is_json_stream=False                             │ │
│ │                     )                                                    │ │
│ │             match = <Match.FULL: 2>                                      │ │
│ │    original_route = APIRoute(path='/feedback', name='submit_feedback',   │ │
│ │                     methods=['POST'])                                    │ │
│ │             route = APIRoute(path='/feedback', name='submit_feedback',   │ │
│ │                     methods=['POST'])                                    │ │
│ │             scope = {                                                    │ │
│ │                     │   'type': 'http',                                  │ │
│ │                     │   'asgi': {'version': '3.0'},                      │ │
│ │                     │   'http_version': '1.1',                           │ │
│ │                     │   'method': 'POST',                                │ │
│ │                     │   'headers': [                                     │ │
│ │                     │   │   (b'host', b'compat'),                        │ │
│ │                     │   │   (b'accept', b'*/*'),                         │ │
│ │                     │   │   (b'accept-encoding', b'gzip, deflate'),      │ │
│ │                     │   │   (b'connection', b'keep-alive'),              │ │
│ │                     │   │   (b'user-agent', b'python-httpx/0.28.1'),     │ │
│ │                     │   │   (b'content-length', b'190'),                 │ │
│ │                     │   │   (b'content-type', b'application/json')       │ │
│ │                     │   ],                                               │ │
│ │                     │   'scheme': 'http',                                │ │
│ │                     │   'path': '/v1/feedback',                          │ │
│ │                     │   'raw_path': b'/v1/feedback',                     │ │
│ │                     │   'query_string': b'',                             │ │
│ │                     │   'server': ('compat', None),                      │ │
│ │                     │   ... +13                                          │ │
│ │                     }                                                    │ │
│ │              self = _IncludedRouter(                                     │ │
│ │                     │   original_router=<fastapi.routing.APIRouter       │ │
│ │                     object at 0x10a63e8d0>,                              │ │
│ │                     │   include_context=_RouterIncludeContext(           │ │
│ │                     │   │   included_router=<fastapi.routing.APIRouter   │ │
│ │                     object at 0x10a63e8d0>,                              │ │
│ │                     │   │   prefix='/v1',                                │ │
│ │                     │   │   tags=[],                                     │ │
│ │                     │   │   dependencies=[                               │ │
│ │                     │   │   │   Depends(                                 │ │
│ │                     │   │   │   │   dependency=<function require_api_key │ │
│ │                     at 0x10a5009a0>,                                     │ │
│ │                     │   │   │   │   use_cache=True,                      │ │
│ │                     │   │   │   │   scope=None                           │ │
│ │                     │   │   │   )                                        │ │
│ │                     │   │   ],                                           │ │
│ │                     │   │   default_response_class=<class                │ │
│ │                     'fastapi.responses.ORJSONResponse'>,                 │ │
│ │                     │   │   responses={},                                │ │
│ │                     │   │   callbacks=[],                                │ │
│ │                     │   │   deprecated=None,                             │ │
│ │                     │   │   include_in_schema=True,                      │ │
│ │                     │   │                                                │ │
│ │                     generate_unique_id_function=<fastapi.datastructures… │ │
│ │                     object at 0x10a265b50>,                              │ │
│ │                     │   │   strict_content_type=True,                    │ │
│ │                     │   │                                                │ │
│ │                     dependency_overrides_provider=<fastapi.applications… │ │
│ │                     object at 0x1096cfc80>                               │ │
│ │                     │   ),                                               │ │
│ │                     │   _effective_candidates=[                          │ │
│ │                     │   │   _EffectiveRouteContext(                      │ │
│ │                     │   │   │                                            │ │
│ │                     original_route=APIRoute(path='/feedback',            │ │
│ │                     name='submit_feedback', methods=['POST']),           │ │
│ │                     │   │   │   starlette_route=None,                    │ │
│ │                     │   │   │   frontend_prefix='',                      │ │
│ │                     │   │   │   path='/v1/feedback',                     │ │
│ │                     │   │   │   endpoint=<function submit_feedback at    │ │
│ │                     0x10aac0860>,                                        │ │
│ │                     │   │   │   stream_item_type=None,                   │ │
│ │                     │   │   │   response_model=None,                     │ │
│ │                     │   │   │   summary=None,                            │ │
│ │                     │   │   │   response_description='Successful         │ │
│ │                     Response',                                           │ │
│ │                     │   │   │   deprecated=None,                         │ │
│ │                     │   │   │   operation_id=None,                       │ │
│ │                     │   │   │   response_model_include=None,             │ │
│ │                     │   │   │   response_model_exclude=None,             │ │
│ │                     │   │   │   response_model_by_alias=True,            │ │
│ │                     │   │   │   response_model_exclude_unset=False,      │ │
│ │                     │   │   │   response_model_exclude_defaults=False,   │ │
│ │                     │   │   │   response_model_exclude_none=False,       │ │
│ │                     │   │   │   include_in_schema=True,                  │ │
│ │                     │   │   │   response_class=<class                    │ │
│ │                     'fastapi.responses.ORJSONResponse'>,                 │ │
│ │                     │   │   │                                            │ │
│ │                     dependency_overrides_provider=<fastapi.applications… │ │
│ │                     object at 0x1096cfc80>,                              │ │
│ │                     │   │   │   callbacks=[],                            │ │
│ │                     │   │   │   openapi_extra=None,                      │ │
│ │                     │   │   │                                            │ │
│ │                     generate_unique_id_function=<fastapi.datastructures… │ │
│ │                     object at 0x10a11f470>,                              │ │
│ │                     │   │   │   strict_content_type=True,                │ │
│ │                     │   │   │   tags=['feedback'],                       │ │
│ │                     │   │   │   responses={},                            │ │
│ │                     │   │   │   name='submit_feedback',                  │ │
│ │                     │   │   │   path_regex=re.compile('^/v1/feedback$'), │ │
│ │                     │   │   │   path_format='/v1/feedback',              │ │
│ │                     │   │   │   param_convertors={},                     │ │
│ │                     │   │   │   methods={'POST'},                        │ │
│ │                     │   │   │                                            │ │
│ │                     unique_id='submit_feedback_v1_feedback_post',        │ │
│ │                     │   │   │   status_code=None,                        │ │
│ │                     │   │   │   response_field=None,                     │ │
│ │                     │   │   │   stream_item_field=None,                  │ │
│ │                     │   │   │   dependencies=[                           │ │
│ │                     │   │   │   │   Depends(                             │ │
│ │                     │   │   │   │   │   dependency=<function             │ │
│ │                     require_api_key at 0x10a5009a0>,                     │ │
│ │                     │   │   │   │   │   use_cache=True,                  │ │
│ │                     │   │   │   │   │   scope=None                       │ │
│ │                     │   │   │   │   )                                    │ │
│ │                     │   │   │   ],                                       │ │
│ │                     │   │   │   description='Submit retrieval feedback   │ │
│ │                     to adjust node importance scores.\n\nBumps           │ │
│ │                     importance on'+116,                                  │ │
│ │                     │   │   │   response_fields={},                      │ │
│ │                     │   │   │   dependant=Dependant(                     │ │
│ │                     │   │   │   │   path_params=[],                      │ │
│ │                     │   │   │   │   query_params=[],                     │ │
│ │                     │   │   │   │   header_params=[],                    │ │
│ │                     │   │   │   │   cookie_params=[],                    │ │
│ │                     │   │   │   │   body_params=[                        │ │
│ │                     │   │   │   │   │   ModelField(                      │ │
│ │                     │   │   │   │   │   │   field_info=Body(             │ │
│ │                     │   │   │   │   │   │   │                            │ │
│ │                     annotation=RetrievalFeedback,                        │ │
│ │                     │   │   │   │   │   │   │   required=True,           │ │
│ │                     │   │   │   │   │   │   │   alias='feedback',        │ │
│ │                     │   │   │   │   │   │   │   json_schema_extra={}     │ │
│ │                     │   │   │   │   │   │   ),                           │ │
│ │                     │   │   │   │   │   │   name='feedback',             │ │
│ │                     │   │   │   │   │   │   mode='validation',           │ │
│ │                     │   │   │   │   │   │   config=None                  │ │
│ │                     │   │   │   │   │   )                                │ │
│ │                     │   │   │   │   ],                                   │ │
│ │                     │   │   │   │   dependencies=[                       │ │
│ │                     │   │   │   │   │   Dependant(                       │ │
│ │                     │   │   │   │   │   │   path_params=[],              │ │
│ │                     │   │   │   │   │   │   query_params=[],             │ │
│ │                     │   │   │   │   │   │   header_params=[],            │ │
│ │                     │   │   │   │   │   │   cookie_params=[],            │ │
│ │                     │   │   │   │   │   │   body_params=[],              │ │
│ │                     │   │   │   │   │   │   dependencies=[],             │ │
│ │                     │   │   │   │   │   │   name=None,                   │ │
│ │                     │   │   │   │   │   │   call=<function               │ │
│ │                     require_api_key at 0x10a5009a0>,                     │ │
│ │                     │   │   │   │   │   │                                │ │
│ │                     request_param_name='request',                        │ │
│ │                     │   │   │   │   │   │   websocket_param_name=None,   │ │
│ │                     │   │   │   │   │   │                                │ │
│ │                     http_connection_param_name=None,                     │ │
│ │                     │   │   │   │   │   │   response_param_name=None,    │ │
│ │                     │   │   │   │   │   │                                │ │
│ │                     background_tasks_param_name=None,                    │ │
│ │                     │   │   │   │   │   │                                │ │
│ │                     security_scopes_param_name=None,                     │ │
│ │                     │   │   │   │   │   │   own_oauth_scopes=[],         │ │
│ │                     │   │   │   │   │   │   parent_oauth_scopes=None,    │ │
│ │                     │   │   │   │   │   │   use_cache=True,              │ │
│ │                     │   │   │   │   │   │   path='/v1/feedback',         │ │
│ │                     │   │   │   │   │   │   scope=None                   │ │
│ │                     │   │   │   │   │   ),                               │ │
│ │                     │   │   │   │   │   Dependant(                       │ │
│ │                     │   │   │   │   │   │   path_params=[],              │ │
│ │                     │   │   │   │   │   │   query_params=[],             │ │
│ │                     │   │   │   │   │   │   header_params=[],            │ │
│ │                     │   │   │   │   │   │   cookie_params=[],            │ │
│ │                     │   │   │   │   │   │   body_params=[],              │ │
│ │                     │   │   │   │   │   │   dependencies=[],             │ │
│ │                     │   │   │   │   │   │   name='event_store',          │ │
│ │                     │   │   │   │   │   │   call=<function               │ │
│ │                     get_event_store at 0x10a50fe20>,                     │ │
│ │                     │   │   │   │   │   │                                │ │
│ │                     request_param_name='request',                        │ │
│ │                     │   │   │   │   │   │   websocket_param_name=None,   │ │
│ │                     │   │   │   │   │   │                                │ │
│ │                     http_connection_param_name=None,                     │ │
│ │                     │   │   │   │   │   │   response_param_name=None,    │ │
│ │                     │   │   │   │   │   │                                │ │
│ │                     background_tasks_param_name=None,                    │ │
│ │                     │   │   │   │   │   │                                │ │
│ │                     security_scopes_param_name=None,                     │ │
│ │                     │   │   │   │   │   │   own_oauth_scopes=[],         │ │
│ │                     │   │   │   │   │   │   parent_oauth_scopes=[],      │ │
│ │                     │   │   │   │   │   │   use_cache=True,              │ │
│ │                     │   │   │   │   │   │   path='/v1/feedback',         │ │
│ │                     │   │   │   │   │   │   scope=None                   │ │
│ │                     │   │   │   │   │   ),                               │ │
│ │                     │   │   │   │   │   Dependant(                       │ │
│ │                     │   │   │   │   │   │   path_params=[],              │ │
│ │                     │   │   │   │   │   │   query_params=[],             │ │
│ │                     │   │   │   │   │   │   header_params=[],            │ │
│ │                     │   │   │   │   │   │   cookie_params=[],            │ │
│ │                     │   │   │   │   │   │   body_params=[],              │ │
│ │                     │   │   │   │   │   │   dependencies=[],             │ │
│ │                     │   │   │   │   │   │   name='graph_store',          │ │
│ │                     │   │   │   │   │   │   call=<function               │ │
│ │                     get_graph_store at 0x10a500220>,                     │ │
│ │                     │   │   │   │   │   │                                │ │
│ │                     request_param_name='request',                        │ │
│ │                     │   │   │   │   │   │   websocket_param_name=None,   │ │
│ │                     │   │   │   │   │   │                                │ │
│ │                     http_connection_param_name=None,                     │ │
│ │                     │   │   │   │   │   │   response_param_name=None,    │ │
│ │                     │   │   │   │   │   │                                │ │
│ │                     background_tasks_param_name=None,                    │ │
│ │                     │   │   │   │   │   │                                │ │
│ │                     security_scopes_param_name=None,                     │ │
│ │                     │   │   │   │   │   │   own_oauth_scopes=[],         │ │
│ │                     │   │   │   │   │   │   parent_oauth_scopes=[],      │ │
│ │                     │   │   │   │   │   │   use_cache=True,              │ │
│ │                     │   │   │   │   │   │   path='/v1/feedback',         │ │
│ │                     │   │   │   │   │   │   scope=None                   │ │
│ │                     │   │   │   │   │   )                                │ │
│ │                     │   │   │   │   ],                                   │ │
│ │                     │   │   │   │   name=None,                           │ │
│ │                     │   │   │   │   call=<function submit_feedback at    │ │
│ │                     0x10aac0860>,                                        │ │
│ │                     │   │   │   │   request_param_name=None,             │ │
│ │                     │   │   │   │   websocket_param_name=None,           │ │
│ │                     │   │   │   │   http_connection_param_name=None,     │ │
│ │                     │   │   │   │   response_param_name=None,            │ │
│ │                     │   │   │   │   background_tasks_param_name=None,    │ │
│ │                     │   │   │   │   security_scopes_param_name=None,     │ │
│ │                     │   │   │   │   own_oauth_scopes=None,               │ │
│ │                     │   │   │   │   parent_oauth_scopes=None,            │ │
│ │                     │   │   │   │   use_cache=True,                      │ │
│ │                     │   │   │   │   path='/v1/feedback',                 │ │
│ │                     │   │   │   │   scope='function'                     │ │
│ │                     │   │   │   ),                                       │ │
│ │                     │   │   │   _embed_body_fields=False,                │ │
│ │                     │   │   │   body_field=ModelField(                   │ │
│ │                     │   │   │   │   field_info=Body(                     │ │
│ │                     │   │   │   │   │   annotation=RetrievalFeedback,    │ │
│ │                     │   │   │   │   │   required=True,                   │ │
│ │                     │   │   │   │   │   alias='feedback',                │ │
│ │                     │   │   │   │   │   json_schema_extra={}             │ │
│ │                     │   │   │   │   ),                                   │ │
│ │                     │   │   │   │   name='feedback',                     │ │
│ │                     │   │   │   │   mode='validation',                   │ │
│ │                     │   │   │   │   config=None                          │ │
│ │                     │   │   │   ),                                       │ │
│ │                     │   │   │   is_sse_stream=False,                     │ │
│ │                     │   │   │   is_json_stream=False                     │ │
│ │                     │   │   )                                            │ │
│ │                     │   ],                                               │ │
│ │                     │   _effective_candidates_version=1,                 │ │
│ │                     │   _effective_low_priority_routes=[],               │ │
│ │                     │   _effective_low_priority_routes_version=None      │ │
│ │                     )                                                    │ │
│ ╰──────────────────────────────────────────────────────────────────────────╯ │
│                                                                              │
│ /private/tmp/engram-ontology-review-venv/lib/python3.12/site-packages/fastap │
│ i/routing.py:1308 in handle                                                  │
│                                                                              │
│   1305 │   │   │   │   await response(scope, receive, send)                  │
│   1306 │   │   │   │   return                                                │
│   1307 │   │   │   assert effective_context.app is not None                  │
│ ❱ 1308 │   │   │   await effective_context.app(scope, receive, send)         │
│   1309 │   │   │   return                                                    │
│   1310 │   │   await super().handle(scope, receive, send)                    │
│   1311                                                                       │
│                                                                              │
│ ╭───────────────────────────────── locals ─────────────────────────────────╮ │
│ │ effective_context = _EffectiveRouteContext(                              │ │
│ │                     │   original_route=APIRoute(path='/feedback',        │ │
│ │                     name='submit_feedback', methods=['POST']),           │ │
│ │                     │   starlette_route=None,                            │ │
│ │                     │   frontend_prefix='',                              │ │
│ │                     │   path='/v1/feedback',                             │ │
│ │                     │   endpoint=<function submit_feedback at            │ │
│ │                     0x10aac0860>,                                        │ │
│ │                     │   stream_item_type=None,                           │ │
│ │                     │   response_model=None,                             │ │
│ │                     │   summary=None,                                    │ │
│ │                     │   response_description='Successful Response',      │ │
│ │                     │   deprecated=None,                                 │ │
│ │                     │   operation_id=None,                               │ │
│ │                     │   response_model_include=None,                     │ │
│ │                     │   response_model_exclude=None,                     │ │
│ │                     │   response_model_by_alias=True,                    │ │
│ │                     │   response_model_exclude_unset=False,              │ │
│ │                     │   response_model_exclude_defaults=False,           │ │
│ │                     │   response_model_exclude_none=False,               │ │
│ │                     │   include_in_schema=True,                          │ │
│ │                     │   response_class=<class                            │ │
│ │                     'fastapi.responses.ORJSONResponse'>,                 │ │
│ │                     │                                                    │ │
│ │                     dependency_overrides_provider=<fastapi.applications… │ │
│ │                     object at 0x1096cfc80>,                              │ │
│ │                     │   callbacks=[],                                    │ │
│ │                     │   openapi_extra=None,                              │ │
│ │                     │                                                    │ │
│ │                     generate_unique_id_function=<fastapi.datastructures… │ │
│ │                     object at 0x10a11f470>,                              │ │
│ │                     │   strict_content_type=True,                        │ │
│ │                     │   tags=['feedback'],                               │ │
│ │                     │   responses={},                                    │ │
│ │                     │   name='submit_feedback',                          │ │
│ │                     │   path_regex=re.compile('^/v1/feedback$'),         │ │
│ │                     │   path_format='/v1/feedback',                      │ │
│ │                     │   param_convertors={},                             │ │
│ │                     │   methods={'POST'},                                │ │
│ │                     │   unique_id='submit_feedback_v1_feedback_post',    │ │
│ │                     │   status_code=None,                                │ │
│ │                     │   response_field=None,                             │ │
│ │                     │   stream_item_field=None,                          │ │
│ │                     │   dependencies=[                                   │ │
│ │                     │   │   Depends(                                     │ │
│ │                     │   │   │   dependency=<function require_api_key at  │ │
│ │                     0x10a5009a0>,                                        │ │
│ │                     │   │   │   use_cache=True,                          │ │
│ │                     │   │   │   scope=None                               │ │
│ │                     │   │   )                                            │ │
│ │                     │   ],                                               │ │
│ │                     │   description='Submit retrieval feedback to adjust │ │
│ │                     node importance scores.\n\nBumps importance on'+116, │ │
│ │                     │   response_fields={},                              │ │
│ │                     │   dependant=Dependant(                             │ │
│ │                     │   │   path_params=[],                              │ │
│ │                     │   │   query_params=[],                             │ │
│ │                     │   │   header_params=[],                            │ │
│ │                     │   │   cookie_params=[],                            │ │
│ │                     │   │   body_params=[                                │ │
│ │                     │   │   │   ModelField(                              │ │
│ │                     │   │   │   │   field_info=Body(                     │ │
│ │                     │   │   │   │   │   annotation=RetrievalFeedback,    │ │
│ │                     │   │   │   │   │   required=True,                   │ │
│ │                     │   │   │   │   │   alias='feedback',                │ │
│ │                     │   │   │   │   │   json_schema_extra={}             │ │
│ │                     │   │   │   │   ),                                   │ │
│ │                     │   │   │   │   name='feedback',                     │ │
│ │                     │   │   │   │   mode='validation',                   │ │
│ │                     │   │   │   │   config=None                          │ │
│ │                     │   │   │   )                                        │ │
│ │                     │   │   ],                                           │ │
│ │                     │   │   dependencies=[                               │ │
│ │                     │   │   │   Dependant(                               │ │
│ │                     │   │   │   │   path_params=[],                      │ │
│ │                     │   │   │   │   query_params=[],                     │ │
│ │                     │   │   │   │   header_params=[],                    │ │
│ │                     │   │   │   │   cookie_params=[],                    │ │
│ │                     │   │   │   │   body_params=[],                      │ │
│ │                     │   │   │   │   dependencies=[],                     │ │
│ │                     │   │   │   │   name=None,                           │ │
│ │                     │   │   │   │   call=<function require_api_key at    │ │
│ │                     0x10a5009a0>,                                        │ │
│ │                     │   │   │   │   request_param_name='request',        │ │
│ │                     │   │   │   │   websocket_param_name=None,           │ │
│ │                     │   │   │   │   http_connection_param_name=None,     │ │
│ │                     │   │   │   │   response_param_name=None,            │ │
│ │                     │   │   │   │   background_tasks_param_name=None,    │ │
│ │                     │   │   │   │   security_scopes_param_name=None,     │ │
│ │                     │   │   │   │   own_oauth_scopes=[],                 │ │
│ │                     │   │   │   │   parent_oauth_scopes=None,            │ │
│ │                     │   │   │   │   use_cache=True,                      │ │
│ │                     │   │   │   │   path='/v1/feedback',                 │ │
│ │                     │   │   │   │   scope=None                           │ │
│ │                     │   │   │   ),                                       │ │
│ │                     │   │   │   Dependant(                               │ │
│ │                     │   │   │   │   path_params=[],                      │ │
│ │                     │   │   │   │   query_params=[],                     │ │
│ │                     │   │   │   │   header_params=[],                    │ │
│ │                     │   │   │   │   cookie_params=[],                    │ │
│ │                     │   │   │   │   body_params=[],                      │ │
│ │                     │   │   │   │   dependencies=[],                     │ │
│ │                     │   │   │   │   name='event_store',                  │ │
│ │                     │   │   │   │   call=<function get_event_store at    │ │
│ │                     0x10a50fe20>,                                        │ │
│ │                     │   │   │   │   request_param_name='request',        │ │
│ │                     │   │   │   │   websocket_param_name=None,           │ │
│ │                     │   │   │   │   http_connection_param_name=None,     │ │
│ │                     │   │   │   │   response_param_name=None,            │ │
│ │                     │   │   │   │   background_tasks_param_name=None,    │ │
│ │                     │   │   │   │   security_scopes_param_name=None,     │ │
│ │                     │   │   │   │   own_oauth_scopes=[],                 │ │
│ │                     │   │   │   │   parent_oauth_scopes=[],              │ │
│ │                     │   │   │   │   use_cache=True,                      │ │
│ │                     │   │   │   │   path='/v1/feedback',                 │ │
│ │                     │   │   │   │   scope=None                           │ │
│ │                     │   │   │   ),                                       │ │
│ │                     │   │   │   Dependant(                               │ │
│ │                     │   │   │   │   path_params=[],                      │ │
│ │                     │   │   │   │   query_params=[],                     │ │
│ │                     │   │   │   │   header_params=[],                    │ │
│ │                     │   │   │   │   cookie_params=[],                    │ │
│ │                     │   │   │   │   body_params=[],                      │ │
│ │                     │   │   │   │   dependencies=[],                     │ │
│ │                     │   │   │   │   name='graph_store',                  │ │
│ │                     │   │   │   │   call=<function get_graph_store at    │ │
│ │                     0x10a500220>,                                        │ │
│ │                     │   │   │   │   request_param_name='request',        │ │
│ │                     │   │   │   │   websocket_param_name=None,           │ │
│ │                     │   │   │   │   http_connection_param_name=None,     │ │
│ │                     │   │   │   │   response_param_name=None,            │ │
│ │                     │   │   │   │   background_tasks_param_name=None,    │ │
│ │                     │   │   │   │   security_scopes_param_name=None,     │ │
│ │                     │   │   │   │   own_oauth_scopes=[],                 │ │
│ │                     │   │   │   │   parent_oauth_scopes=[],              │ │
│ │                     │   │   │   │   use_cache=True,                      │ │
│ │                     │   │   │   │   path='/v1/feedback',                 │ │
│ │                     │   │   │   │   scope=None                           │ │
│ │                     │   │   │   )                                        │ │
│ │                     │   │   ],                                           │ │
│ │                     │   │   name=None,                                   │ │
│ │                     │   │   call=<function submit_feedback at            │ │
│ │                     0x10aac0860>,                                        │ │
│ │                     │   │   request_param_name=None,                     │ │
│ │                     │   │   websocket_param_name=None,                   │ │
│ │                     │   │   http_connection_param_name=None,             │ │
│ │                     │   │   response_param_name=None,                    │ │
│ │                     │   │   background_tasks_param_name=None,            │ │
│ │                     │   │   security_scopes_param_name=None,             │ │
│ │                     │   │   own_oauth_scopes=None,                       │ │
│ │                     │   │   parent_oauth_scopes=None,                    │ │
│ │                     │   │   use_cache=True,                              │ │
│ │                     │   │   path='/v1/feedback',                         │ │
│ │                     │   │   scope='function'                             │ │
│ │                     │   ),                                               │ │
│ │                     │   _embed_body_fields=False,                        │ │
│ │                     │   body_field=ModelField(                           │ │
│ │                     │   │   field_info=Body(                             │ │
│ │                     │   │   │   annotation=RetrievalFeedback,            │ │
│ │                     │   │   │   required=True,                           │ │
│ │                     │   │   │   alias='feedback',                        │ │
│ │                     │   │   │   json_schema_extra={}                     │ │
│ │                     │   │   ),                                           │ │
│ │                     │   │   name='feedback',                             │ │
│ │                     │   │   mode='validation',                           │ │
│ │                     │   │   config=None                                  │ │
│ │                     │   ),                                               │ │
│ │                     │   is_sse_stream=False,                             │ │
│ │                     │   is_json_stream=False                             │ │
│ │                     )                                                    │ │
│ │           methods = {'POST'}                                             │ │
│ │             scope = {                                                    │ │
│ │                     │   'type': 'http',                                  │ │
│ │                     │   'asgi': {'version': '3.0'},                      │ │
│ │                     │   'http_version': '1.1',                           │ │
│ │                     │   'method': 'POST',                                │ │
│ │                     │   'headers': [                                     │ │
│ │                     │   │   (b'host', b'compat'),                        │ │
│ │                     │   │   (b'accept', b'*/*'),                         │ │
│ │                     │   │   (b'accept-encoding', b'gzip, deflate'),      │ │
│ │                     │   │   (b'connection', b'keep-alive'),              │ │
│ │                     │   │   (b'user-agent', b'python-httpx/0.28.1'),     │ │
│ │                     │   │   (b'content-length', b'190'),                 │ │
│ │                     │   │   (b'content-type', b'application/json')       │ │
│ │                     │   ],                                               │ │
│ │                     │   'scheme': 'http',                                │ │
│ │                     │   'path': '/v1/feedback',                          │ │
│ │                     │   'raw_path': b'/v1/feedback',                     │ │
│ │                     │   'query_string': b'',                             │ │
│ │                     │   'server': ('compat', None),                      │ │
│ │                     │   ... +13                                          │ │
│ │                     }                                                    │ │
│ │              self = APIRoute(path='/feedback', name='submit_feedback',   │ │
│ │                     methods=['POST'])                                    │ │
│ ╰──────────────────────────────────────────────────────────────────────────╯ │
│                                                                              │
│ /private/tmp/engram-ontology-review-venv/lib/python3.12/site-packages/fastap │
│ i/routing.py:165 in app                                                      │
│                                                                              │
│    162 │   │   │   │   )                                                     │
│    163 │   │                                                                 │
│    164 │   │   # Same as in Starlette                                        │
│ ❱  165 │   │   await wrap_app_handling_exceptions(app, request)(scope, recei │
│    166 │                                                                     │
│    167 │   return app                                                        │
│    168                                                                       │
│                                                                              │
│ ╭─────────────────────────── locals ───────────────────────────╮             │
│ │ request = <starlette.requests.Request object at 0x112ca0680> │             │
│ │   scope = {                                                  │             │
│ │           │   'type': 'http',                                │             │
│ │           │   'asgi': {'version': '3.0'},                    │             │
│ │           │   'http_version': '1.1',                         │             │
│ │           │   'method': 'POST',                              │             │
│ │           │   'headers': [                                   │             │
│ │           │   │   (b'host', b'compat'),                      │             │
│ │           │   │   (b'accept', b'*/*'),                       │             │
│ │           │   │   (b'accept-encoding', b'gzip, deflate'),    │             │
│ │           │   │   (b'connection', b'keep-alive'),            │             │
│ │           │   │   (b'user-agent', b'python-httpx/0.28.1'),   │             │
│ │           │   │   (b'content-length', b'190'),               │             │
│ │           │   │   (b'content-type', b'application/json')     │             │
│ │           │   ],                                             │             │
│ │           │   'scheme': 'http',                              │             │
│ │           │   'path': '/v1/feedback',                        │             │
│ │           │   'raw_path': b'/v1/feedback',                   │             │
│ │           │   'query_string': b'',                           │             │
│ │           │   'server': ('compat', None),                    │             │
│ │           │   ... +13                                        │             │
│ │           }                                                  │             │
│ ╰──────────────────────────────────────────────────────────────╯             │
│                                                                              │
│ /private/tmp/engram-ontology-review-venv/lib/python3.12/site-packages/starle │
│ tte/_exception_handler.py:53 in wrapped_app                                  │
│                                                                              │
│   50 │   │   │   │   handler = _lookup_exception_handler(exception_handlers, │
│   51 │   │   │                                                               │
│   52 │   │   │   if handler is None:                                         │
│ ❱ 53 │   │   │   │   raise exc                                               │
│   54 │   │   │                                                               │
│   55 │   │   │   if response_started:                                        │
│   56 │   │   │   │   raise RuntimeError("Caught handled exception, but respo │
│      started.") from exc                                                     │
│                                                                              │
│ ╭───────────────────────────────── locals ─────────────────────────────────╮ │
│ │               conn = <starlette.requests.Request object at 0x112ca0680>  │ │
│ │ exception_handlers = {                                                   │ │
│ │                      │   <class 'starlette.exceptions.HTTPException'>:   │ │
│ │                      <function http_exception_handler at 0x10a222ac0>,   │ │
│ │                      │   <class                                          │ │
│ │                      'starlette.exceptions.WebSocketException'>: <bound  │ │
│ │                      method ExceptionMiddleware.websocket_exception of   │ │
│ │                      <starlette.middleware.exceptions.ExceptionMiddlewa… │ │
│ │                      object at 0x112c35280>>,                            │ │
│ │                      │   <class                                          │ │
│ │                      'fastapi.exceptions.RequestValidationError'>:       │ │
│ │                      <function request_validation_exception_handler at   │ │
│ │                      0x10a41df80>,                                       │ │
│ │                      │   <class                                          │ │
│ │                      'fastapi.exceptions.WebSocketRequestValidationErro… │ │
│ │                      <function                                           │ │
│ │                      websocket_request_validation_exception_handler at   │ │
│ │                      0x10a41e020>,                                       │ │
│ │                      │   <class                                          │ │
│ │                      'context_graph.domain.validation.ValidationError'>: │ │
│ │                      <function _validation_error_handler at 0x10a50eca0> │ │
│ │                      }                                                   │ │
│ │            handler = None                                                │ │
│ │   response_started = False                                               │ │
│ │              scope = {                                                   │ │
│ │                      │   'type': 'http',                                 │ │
│ │                      │   'asgi': {'version': '3.0'},                     │ │
│ │                      │   'http_version': '1.1',                          │ │
│ │                      │   'method': 'POST',                               │ │
│ │                      │   'headers': [                                    │ │
│ │                      │   │   (b'host', b'compat'),                       │ │
│ │                      │   │   (b'accept', b'*/*'),                        │ │
│ │                      │   │   (b'accept-encoding', b'gzip, deflate'),     │ │
│ │                      │   │   (b'connection', b'keep-alive'),             │ │
│ │                      │   │   (b'user-agent', b'python-httpx/0.28.1'),    │ │
│ │                      │   │   (b'content-length', b'190'),                │ │
│ │                      │   │   (b'content-type', b'application/json')      │ │
│ │                      │   ],                                              │ │
│ │                      │   'scheme': 'http',                               │ │
│ │                      │   'path': '/v1/feedback',                         │ │
│ │                      │   'raw_path': b'/v1/feedback',                    │ │
│ │                      │   'query_string': b'',                            │ │
│ │                      │   'server': ('compat', None),                     │ │
│ │                      │   ... +13                                         │ │
│ │                      }                                                   │ │
│ │    status_handlers = {}                                                  │ │
│ ╰──────────────────────────────────────────────────────────────────────────╯ │
│                                                                              │
│ /private/tmp/engram-ontology-review-venv/lib/python3.12/site-packages/starle │
│ tte/_exception_handler.py:42 in wrapped_app                                  │
│                                                                              │
│   39 │   │   │   await send(message)                                         │
│   40 │   │                                                                   │
│   41 │   │   try:                                                            │
│ ❱ 42 │   │   │   await app(scope, receive, sender)                           │
│   43 │   │   except Exception as exc:                                        │
│   44 │   │   │   handler = None                                              │
│   45                                                                         │
│                                                                              │
│ ╭───────────────────────────────── locals ─────────────────────────────────╮ │
│ │               conn = <starlette.requests.Request object at 0x112ca0680>  │ │
│ │ exception_handlers = {                                                   │ │
│ │                      │   <class 'starlette.exceptions.HTTPException'>:   │ │
│ │                      <function http_exception_handler at 0x10a222ac0>,   │ │
│ │                      │   <class                                          │ │
│ │                      'starlette.exceptions.WebSocketException'>: <bound  │ │
│ │                      method ExceptionMiddleware.websocket_exception of   │ │
│ │                      <starlette.middleware.exceptions.ExceptionMiddlewa… │ │
│ │                      object at 0x112c35280>>,                            │ │
│ │                      │   <class                                          │ │
│ │                      'fastapi.exceptions.RequestValidationError'>:       │ │
│ │                      <function request_validation_exception_handler at   │ │
│ │                      0x10a41df80>,                                       │ │
│ │                      │   <class                                          │ │
│ │                      'fastapi.exceptions.WebSocketRequestValidationErro… │ │
│ │                      <function                                           │ │
│ │                      websocket_request_validation_exception_handler at   │ │
│ │                      0x10a41e020>,                                       │ │
│ │                      │   <class                                          │ │
│ │                      'context_graph.domain.validation.ValidationError'>: │ │
│ │                      <function _validation_error_handler at 0x10a50eca0> │ │
│ │                      }                                                   │ │
│ │            handler = None                                                │ │
│ │   response_started = False                                               │ │
│ │              scope = {                                                   │ │
│ │                      │   'type': 'http',                                 │ │
│ │                      │   'asgi': {'version': '3.0'},                     │ │
│ │                      │   'http_version': '1.1',                          │ │
│ │                      │   'method': 'POST',                               │ │
│ │                      │   'headers': [                                    │ │
│ │                      │   │   (b'host', b'compat'),                       │ │
│ │                      │   │   (b'accept', b'*/*'),                        │ │
│ │                      │   │   (b'accept-encoding', b'gzip, deflate'),     │ │
│ │                      │   │   (b'connection', b'keep-alive'),             │ │
│ │                      │   │   (b'user-agent', b'python-httpx/0.28.1'),    │ │
│ │                      │   │   (b'content-length', b'190'),                │ │
│ │                      │   │   (b'content-type', b'application/json')      │ │
│ │                      │   ],                                              │ │
│ │                      │   'scheme': 'http',                               │ │
│ │                      │   'path': '/v1/feedback',                         │ │
│ │                      │   'raw_path': b'/v1/feedback',                    │ │
│ │                      │   'query_string': b'',                            │ │
│ │                      │   'server': ('compat', None),                     │ │
│ │                      │   ... +13                                         │ │
│ │                      }                                                   │ │
│ │    status_handlers = {}                                                  │ │
│ ╰──────────────────────────────────────────────────────────────────────────╯ │
│                                                                              │
│ /private/tmp/engram-ontology-review-venv/lib/python3.12/site-packages/fastap │
│ i/routing.py:151 in app                                                      │
│                                                                              │
│    148 │   │   │   │   scope["fastapi_inner_astack"] = request_stack         │
│    149 │   │   │   │   async with AsyncExitStack() as function_stack:        │
│    150 │   │   │   │   │   scope["fastapi_function_astack"] = function_stack │
│ ❱  151 │   │   │   │   │   response = await f(request)                       │
│    152 │   │   │   │   await response(scope, receive, send)                  │
│    153 │   │   │   │   # Continues customization                             │
│    154 │   │   │   │   response_awaited = True                               │
│                                                                              │
│ ╭─────────────────────────────── locals ────────────────────────────────╮    │
│ │   function_stack = <contextlib.AsyncExitStack object at 0x112ca3530>  │    │
│ │          request = <starlette.requests.Request object at 0x112ca0680> │    │
│ │    request_stack = <contextlib.AsyncExitStack object at 0x112ca1550>  │    │
│ │ response_awaited = False                                              │    │
│ │            scope = {                                                  │    │
│ │                    │   'type': 'http',                                │    │
│ │                    │   'asgi': {'version': '3.0'},                    │    │
│ │                    │   'http_version': '1.1',                         │    │
│ │                    │   'method': 'POST',                              │    │
│ │                    │   'headers': [                                   │    │
│ │                    │   │   (b'host', b'compat'),                      │    │
│ │                    │   │   (b'accept', b'*/*'),                       │    │
│ │                    │   │   (b'accept-encoding', b'gzip, deflate'),    │    │
│ │                    │   │   (b'connection', b'keep-alive'),            │    │
│ │                    │   │   (b'user-agent', b'python-httpx/0.28.1'),   │    │
│ │                    │   │   (b'content-length', b'190'),               │    │
│ │                    │   │   (b'content-type', b'application/json')     │    │
│ │                    │   ],                                             │    │
│ │                    │   'scheme': 'http',                              │    │
│ │                    │   'path': '/v1/feedback',                        │    │
│ │                    │   'raw_path': b'/v1/feedback',                   │    │
│ │                    │   'query_string': b'',                           │    │
│ │                    │   'server': ('compat', None),                    │    │
│ │                    │   ... +13                                        │    │
│ │                    }                                                  │    │
│ ╰───────────────────────────────────────────────────────────────────────╯    │
│                                                                              │
│ /private/tmp/engram-ontology-review-venv/lib/python3.12/site-packages/fastap │
│ i/routing.py:727 in app                                                      │
│                                                                              │
│    724 │   │   │   │   response = actual_response_class(content=gen, **respo │
│    725 │   │   │   │   response.headers.raw.extend(solved_result.response.he │
│    726 │   │   │   else:                                                     │
│ ❱  727 │   │   │   │   raw_response = await run_endpoint_function(           │
│    728 │   │   │   │   │   dependant=dependant,                              │
│    729 │   │   │   │   │   values=solved_result.values,                      │
│    730 │   │   │   │   │   is_coroutine=is_coroutine,                        │
│                                                                              │
│ ╭───────────────────────────────── locals ─────────────────────────────────╮ │
│ │      actual_strict_content_type = True                                   │ │
│ │                async_exit_stack = <contextlib.AsyncExitStack object at   │ │
│ │                                   0x112ca1550>                           │ │
│ │                            body = {                                      │ │
│ │                                   │   'query_id':                        │ │
│ │                                   'resume-partial-feedback',             │ │
│ │                                   │   'session_id': 'tied-context',      │ │
│ │                                   │   'helpful_node_ids': [              │ │
│ │                                   │   │                                  │ │
│ │                                   '5e8cedc3-fdb5-4429-8c19-823c5a917672… │ │
│ │                                   │   │                                  │ │
│ │                                   '1c55f3dd-47a0-4b32-9c79-8cb05e6c1f2b' │ │
│ │                                   │   ],                                 │ │
│ │                                   │   'irrelevant_node_ids': []          │ │
│ │                                   }                                      │ │
│ │                      body_bytes = b'{"query_id":"resume-partial-feedbac… │ │
│ │                      body_field = ModelField(                            │ │
│ │                                   │   field_info=Body(                   │ │
│ │                                   │   │   annotation=RetrievalFeedback,  │ │
│ │                                   │   │   required=True,                 │ │
│ │                                   │   │   alias='feedback',              │ │
│ │                                   │   │   json_schema_extra={}           │ │
│ │                                   │   ),                                 │ │
│ │                                   │   name='feedback',                   │ │
│ │                                   │   mode='validation',                 │ │
│ │                                   │   config=None                        │ │
│ │                                   )                                      │ │
│ │              content_type_value = 'application/json'                     │ │
│ │                       dependant = Dependant(                             │ │
│ │                                   │   path_params=[],                    │ │
│ │                                   │   query_params=[],                   │ │
│ │                                   │   header_params=[],                  │ │
│ │                                   │   cookie_params=[],                  │ │
│ │                                   │   body_params=[                      │ │
│ │                                   │   │   ModelField(                    │ │
│ │                                   │   │   │   field_info=Body(           │ │
│ │                                   │   │   │   │                          │ │
│ │                                   annotation=RetrievalFeedback,          │ │
│ │                                   │   │   │   │   required=True,         │ │
│ │                                   │   │   │   │   alias='feedback',      │ │
│ │                                   │   │   │   │   json_schema_extra={}   │ │
│ │                                   │   │   │   ),                         │ │
│ │                                   │   │   │   name='feedback',           │ │
│ │                                   │   │   │   mode='validation',         │ │
│ │                                   │   │   │   config=None                │ │
│ │                                   │   │   )                              │ │
│ │                                   │   ],                                 │ │
│ │                                   │   dependencies=[                     │ │
│ │                                   │   │   Dependant(                     │ │
│ │                                   │   │   │   path_params=[],            │ │
│ │                                   │   │   │   query_params=[],           │ │
│ │                                   │   │   │   header_params=[],          │ │
│ │                                   │   │   │   cookie_params=[],          │ │
│ │                                   │   │   │   body_params=[],            │ │
│ │                                   │   │   │   dependencies=[],           │ │
│ │                                   │   │   │   name=None,                 │ │
│ │                                   │   │   │   call=<function             │ │
│ │                                   require_api_key at 0x10a5009a0>,       │ │
│ │                                   │   │   │                              │ │
│ │                                   request_param_name='request',          │ │
│ │                                   │   │   │   websocket_param_name=None, │ │
│ │                                   │   │   │                              │ │
│ │                                   http_connection_param_name=None,       │ │
│ │                                   │   │   │   response_param_name=None,  │ │
│ │                                   │   │   │                              │ │
│ │                                   background_tasks_param_name=None,      │ │
│ │                                   │   │   │                              │ │
│ │                                   security_scopes_param_name=None,       │ │
│ │                                   │   │   │   own_oauth_scopes=[],       │ │
│ │                                   │   │   │   parent_oauth_scopes=None,  │ │
│ │                                   │   │   │   use_cache=True,            │ │
│ │                                   │   │   │   path='/v1/feedback',       │ │
│ │                                   │   │   │   scope=None                 │ │
│ │                                   │   │   ),                             │ │
│ │                                   │   │   Dependant(                     │ │
│ │                                   │   │   │   path_params=[],            │ │
│ │                                   │   │   │   query_params=[],           │ │
│ │                                   │   │   │   header_params=[],          │ │
│ │                                   │   │   │   cookie_params=[],          │ │
│ │                                   │   │   │   body_params=[],            │ │
│ │                                   │   │   │   dependencies=[],           │ │
│ │                                   │   │   │   name='event_store',        │ │
│ │                                   │   │   │   call=<function             │ │
│ │                                   get_event_store at 0x10a50fe20>,       │ │
│ │                                   │   │   │                              │ │
│ │                                   request_param_name='request',          │ │
│ │                                   │   │   │   websocket_param_name=None, │ │
│ │                                   │   │   │                              │ │
│ │                                   http_connection_param_name=None,       │ │
│ │                                   │   │   │   response_param_name=None,  │ │
│ │                                   │   │   │                              │ │
│ │                                   background_tasks_param_name=None,      │ │
│ │                                   │   │   │                              │ │
│ │                                   security_scopes_param_name=None,       │ │
│ │                                   │   │   │   own_oauth_scopes=[],       │ │
│ │                                   │   │   │   parent_oauth_scopes=[],    │ │
│ │                                   │   │   │   use_cache=True,            │ │
│ │                                   │   │   │   path='/v1/feedback',       │ │
│ │                                   │   │   │   scope=None                 │ │
│ │                                   │   │   ),                             │ │
│ │                                   │   │   Dependant(                     │ │
│ │                                   │   │   │   path_params=[],            │ │
│ │                                   │   │   │   query_params=[],           │ │
│ │                                   │   │   │   header_params=[],          │ │
│ │                                   │   │   │   cookie_params=[],          │ │
│ │                                   │   │   │   body_params=[],            │ │
│ │                                   │   │   │   dependencies=[],           │ │
│ │                                   │   │   │   name='graph_store',        │ │
│ │                                   │   │   │   call=<function             │ │
│ │                                   get_graph_store at 0x10a500220>,       │ │
│ │                                   │   │   │                              │ │
│ │                                   request_param_name='request',          │ │
│ │                                   │   │   │   websocket_param_name=None, │ │
│ │                                   │   │   │                              │ │
│ │                                   http_connection_param_name=None,       │ │
│ │                                   │   │   │   response_param_name=None,  │ │
│ │                                   │   │   │                              │ │
│ │                                   background_tasks_param_name=None,      │ │
│ │                                   │   │   │                              │ │
│ │                                   security_scopes_param_name=None,       │ │
│ │                                   │   │   │   own_oauth_scopes=[],       │ │
│ │                                   │   │   │   parent_oauth_scopes=[],    │ │
│ │                                   │   │   │   use_cache=True,            │ │
│ │                                   │   │   │   path='/v1/feedback',       │ │
│ │                                   │   │   │   scope=None                 │ │
│ │                                   │   │   )                              │ │
│ │                                   │   ],                                 │ │
│ │                                   │   name=None,                         │ │
│ │                                   │   call=<function submit_feedback at  │ │
│ │                                   0x10aac0860>,                          │ │
│ │                                   │   request_param_name=None,           │ │
│ │                                   │   websocket_param_name=None,         │ │
│ │                                   │   http_connection_param_name=None,   │ │
│ │                                   │   response_param_name=None,          │ │
│ │                                   │   background_tasks_param_name=None,  │ │
│ │                                   │   security_scopes_param_name=None,   │ │
│ │                                   │   own_oauth_scopes=None,             │ │
│ │                                   │   parent_oauth_scopes=None,          │ │
│ │                                   │   use_cache=True,                    │ │
│ │                                   │   path='/v1/feedback',               │ │
│ │                                   │   scope='function'                   │ │
│ │                                   )                                      │ │
│ │   dependency_overrides_provider = <fastapi.applications.FastAPI object   │ │
│ │                                   at 0x1096cfc80>                        │ │
│ │               embed_body_fields = False                                  │ │
│ │                    endpoint_ctx = {                                      │ │
│ │                                   │   'file':                            │ │
│ │                                   '/Users/arunmenon/projects/Engram/src… │ │
│ │                                   │   'line': 39,                        │ │
│ │                                   │   'function': 'submit_feedback',     │ │
│ │                                   │   'path': 'POST /v1/feedback'        │ │
│ │                                   }                                      │ │
│ │                          errors = []                                     │ │
│ │                      file_stack = <contextlib.AsyncExitStack object at   │ │
│ │                                   0x112cb0e90>                           │ │
│ │                    is_body_form = False                                  │ │
│ │                    is_coroutine = True                                   │ │
│ │                  is_json_stream = False                                  │ │
│ │                   is_sse_stream = False                                  │ │
│ │                       json_body = {                                      │ │
│ │                                   │   'query_id':                        │ │
│ │                                   'resume-partial-feedback',             │ │
│ │                                   │   'session_id': 'tied-context',      │ │
│ │                                   │   'helpful_node_ids': [              │ │
│ │                                   │   │                                  │ │
│ │                                   '5e8cedc3-fdb5-4429-8c19-823c5a917672… │ │
│ │                                   │   │                                  │ │
│ │                                   '1c55f3dd-47a0-4b32-9c79-8cb05e6c1f2b' │ │
│ │                                   │   ],                                 │ │
│ │                                   │   'irrelevant_node_ids': []          │ │
│ │                                   }                                      │ │
│ │                         message = <email.message.Message object at       │ │
│ │                                   0x112cd9a60>                           │ │
│ │                      mount_path = ''                                     │ │
│ │                         request = <starlette.requests.Request object at  │ │
│ │                                   0x112ca0680>                           │ │
│ │                        response = None                                   │ │
│ │                  response_field = None                                   │ │
│ │         response_model_by_alias = True                                   │ │
│ │          response_model_exclude = None                                   │ │
│ │ response_model_exclude_defaults = False                                  │ │
│ │     response_model_exclude_none = False                                  │ │
│ │    response_model_exclude_unset = False                                  │ │
│ │          response_model_include = None                                   │ │
│ │                   solved_result = SolvedDependency(                      │ │
│ │                                   │   values={                           │ │
│ │                                   │   │   'event_store':                 │ │
│ │                                   <context_graph.adapters.spanner.log.S… │ │
│ │                                   object at 0x112c417c0>,                │ │
│ │                                   │   │   'graph_store':                 │ │
│ │                                   <context_graph.adapters.spanner.graph… │ │
│ │                                   object at 0x112c41370>,                │ │
│ │                                   │   │   'feedback': RetrievalFeedback( │ │
│ │                                   │   │   │                              │ │
│ │                                   query_id='resume-partial-feedback',    │ │
│ │                                   │   │   │   session_id='tied-context', │ │
│ │                                   │   │   │   helpful_node_ids=[         │ │
│ │                                   │   │   │   │                          │ │
│ │                                   '5e8cedc3-fdb5-4429-8c19-823c5a917672… │ │
│ │                                   │   │   │   │                          │ │
│ │                                   '1c55f3dd-47a0-4b32-9c79-8cb05e6c1f2b' │ │
│ │                                   │   │   │   ],                         │ │
│ │                                   │   │   │   irrelevant_node_ids=[],    │ │
│ │                                   │   │   │                              │ │
│ │                                   timestamp=datetime.datetime(2026, 10,  │ │
│ │                                   6, 13, 42, 41, 682299,                 │ │
│ │                                   tzinfo=datetime.timezone.utc)          │ │
│ │                                   │   │   )                              │ │
│ │                                   │   },                                 │ │
│ │                                   │   errors=[],                         │ │
│ │                                   │   background_tasks=None,             │ │
│ │                                   │                                      │ │
│ │                                   response=<starlette.responses.Response │ │
│ │                                   object at 0x112cdba10>,                │ │
│ │                                   │   dependency_cache={                 │ │
│ │                                   │   │   (<function require_api_key at  │ │
│ │                                   0x10a5009a0>, (), ''): None,           │ │
│ │                                   │   │   (<function get_event_store at  │ │
│ │                                   0x10a50fe20>, (), ''):                 │ │
│ │                                   <context_graph.adapters.spanner.log.S… │ │
│ │                                   object at 0x112c417c0>,                │ │
│ │                                   │   │   (<function get_graph_store at  │ │
│ │                                   0x10a500220>, (), ''):                 │ │
│ │                                   <context_graph.adapters.spanner.graph… │ │
│ │                                   object at 0x112c41370>                 │ │
│ │                                   │   }                                  │ │
│ │                                   )                                      │ │
│ │                     status_code = None                                   │ │
│ │               stream_item_field = None                                   │ │
│ │                         subtype = 'json'                                 │ │
│ │                  telemetry_data = TelemetryData(                         │ │
│ │                                   │                                      │ │
│ │                                   request=<starlette.requests.Request    │ │
│ │                                   object at 0x112ca0680>,                │ │
│ │                                   │   websocket=None,                    │ │
│ │                                   │   body={                             │ │
│ │                                   │   │   'query_id':                    │ │
│ │                                   'resume-partial-feedback',             │ │
│ │                                   │   │   'session_id': 'tied-context',  │ │
│ │                                   │   │   'helpful_node_ids': [          │ │
│ │                                   │   │   │                              │ │
│ │                                   '5e8cedc3-fdb5-4429-8c19-823c5a917672… │ │
│ │                                   │   │   │                              │ │
│ │                                   '1c55f3dd-47a0-4b32-9c79-8cb05e6c1f2b' │ │
│ │                                   │   │   ],                             │ │
│ │                                   │   │   'irrelevant_node_ids': []      │ │
│ │                                   │   },                                 │ │
│ │                                   │   values={                           │ │
│ │                                   │   │   'event_store':                 │ │
│ │                                   <context_graph.adapters.spanner.log.S… │ │
│ │                                   object at 0x112c417c0>,                │ │
│ │                                   │   │   'graph_store':                 │ │
│ │                                   <context_graph.adapters.spanner.graph… │ │
│ │                                   object at 0x112c41370>,                │ │
│ │                                   │   │   'feedback': RetrievalFeedback( │ │
│ │                                   │   │   │                              │ │
│ │                                   query_id='resume-partial-feedback',    │ │
│ │                                   │   │   │   session_id='tied-context', │ │
│ │                                   │   │   │   helpful_node_ids=[         │ │
│ │                                   │   │   │   │                          │ │
│ │                                   '5e8cedc3-fdb5-4429-8c19-823c5a917672… │ │
│ │                                   │   │   │   │                          │ │
│ │                                   '1c55f3dd-47a0-4b32-9c79-8cb05e6c1f2b' │ │
│ │                                   │   │   │   ],                         │ │
│ │                                   │   │   │   irrelevant_node_ids=[],    │ │
│ │                                   │   │   │                              │ │
│ │                                   timestamp=datetime.datetime(2026, 10,  │ │
│ │                                   6, 13, 42, 41, 682299,                 │ │
│ │                                   tzinfo=datetime.timezone.utc)          │ │
│ │                                   │   │   )                              │ │
│ │                                   │   },                                 │ │
│ │                                   │   errors=[]                          │ │
│ │                                   )                                      │ │
│ ╰──────────────────────────────────────────────────────────────────────────╯ │
│                                                                              │
│ /private/tmp/engram-ontology-review-venv/lib/python3.12/site-packages/fastap │
│ i/routing.py:360 in run_endpoint_function                                    │
│                                                                              │
│    357 │                                                                     │
│    358 │   if is_coroutine:                                                  │
│    359 │   │   with _operation(name="endpoint", function=dependant.call):    │
│ ❱  360 │   │   │   return await dependant.call(**values)                     │
│    361 │   else:                                                             │
│    362 │   │   return await run_in_threadpool(                               │
│    363 │   │   │   _run_sync_endpoint, function=dependant.call, arguments=va │
│                                                                              │
│ ╭───────────────────────────────── locals ─────────────────────────────────╮ │
│ │    dependant = Dependant(                                                │ │
│ │                │   path_params=[],                                       │ │
│ │                │   query_params=[],                                      │ │
│ │                │   header_params=[],                                     │ │
│ │                │   cookie_params=[],                                     │ │
│ │                │   body_params=[                                         │ │
│ │                │   │   ModelField(                                       │ │
│ │                │   │   │   field_info=Body(                              │ │
│ │                │   │   │   │   annotation=RetrievalFeedback,             │ │
│ │                │   │   │   │   required=True,                            │ │
│ │                │   │   │   │   alias='feedback',                         │ │
│ │                │   │   │   │   json_schema_extra={}                      │ │
│ │                │   │   │   ),                                            │ │
│ │                │   │   │   name='feedback',                              │ │
│ │                │   │   │   mode='validation',                            │ │
│ │                │   │   │   config=None                                   │ │
│ │                │   │   )                                                 │ │
│ │                │   ],                                                    │ │
│ │                │   dependencies=[                                        │ │
│ │                │   │   Dependant(                                        │ │
│ │                │   │   │   path_params=[],                               │ │
│ │                │   │   │   query_params=[],                              │ │
│ │                │   │   │   header_params=[],                             │ │
│ │                │   │   │   cookie_params=[],                             │ │
│ │                │   │   │   body_params=[],                               │ │
│ │                │   │   │   dependencies=[],                              │ │
│ │                │   │   │   name=None,                                    │ │
│ │                │   │   │   call=<function require_api_key at             │ │
│ │                0x10a5009a0>,                                             │ │
│ │                │   │   │   request_param_name='request',                 │ │
│ │                │   │   │   websocket_param_name=None,                    │ │
│ │                │   │   │   http_connection_param_name=None,              │ │
│ │                │   │   │   response_param_name=None,                     │ │
│ │                │   │   │   background_tasks_param_name=None,             │ │
│ │                │   │   │   security_scopes_param_name=None,              │ │
│ │                │   │   │   own_oauth_scopes=[],                          │ │
│ │                │   │   │   parent_oauth_scopes=None,                     │ │
│ │                │   │   │   use_cache=True,                               │ │
│ │                │   │   │   path='/v1/feedback',                          │ │
│ │                │   │   │   scope=None                                    │ │
│ │                │   │   ),                                                │ │
│ │                │   │   Dependant(                                        │ │
│ │                │   │   │   path_params=[],                               │ │
│ │                │   │   │   query_params=[],                              │ │
│ │                │   │   │   header_params=[],                             │ │
│ │                │   │   │   cookie_params=[],                             │ │
│ │                │   │   │   body_params=[],                               │ │
│ │                │   │   │   dependencies=[],                              │ │
│ │                │   │   │   name='event_store',                           │ │
│ │                │   │   │   call=<function get_event_store at             │ │
│ │                0x10a50fe20>,                                             │ │
│ │                │   │   │   request_param_name='request',                 │ │
│ │                │   │   │   websocket_param_name=None,                    │ │
│ │                │   │   │   http_connection_param_name=None,              │ │
│ │                │   │   │   response_param_name=None,                     │ │
│ │                │   │   │   background_tasks_param_name=None,             │ │
│ │                │   │   │   security_scopes_param_name=None,              │ │
│ │                │   │   │   own_oauth_scopes=[],                          │ │
│ │                │   │   │   parent_oauth_scopes=[],                       │ │
│ │                │   │   │   use_cache=True,                               │ │
│ │                │   │   │   path='/v1/feedback',                          │ │
│ │                │   │   │   scope=None                                    │ │
│ │                │   │   ),                                                │ │
│ │                │   │   Dependant(                                        │ │
│ │                │   │   │   path_params=[],                               │ │
│ │                │   │   │   query_params=[],                              │ │
│ │                │   │   │   header_params=[],                             │ │
│ │                │   │   │   cookie_params=[],                             │ │
│ │                │   │   │   body_params=[],                               │ │
│ │                │   │   │   dependencies=[],                              │ │
│ │                │   │   │   name='graph_store',                           │ │
│ │                │   │   │   call=<function get_graph_store at             │ │
│ │                0x10a500220>,                                             │ │
│ │                │   │   │   request_param_name='request',                 │ │
│ │                │   │   │   websocket_param_name=None,                    │ │
│ │                │   │   │   http_connection_param_name=None,              │ │
│ │                │   │   │   response_param_name=None,                     │ │
│ │                │   │   │   background_tasks_param_name=None,             │ │
│ │                │   │   │   security_scopes_param_name=None,              │ │
│ │                │   │   │   own_oauth_scopes=[],                          │ │
│ │                │   │   │   parent_oauth_scopes=[],                       │ │
│ │                │   │   │   use_cache=True,                               │ │
│ │                │   │   │   path='/v1/feedback',                          │ │
│ │                │   │   │   scope=None                                    │ │
│ │                │   │   )                                                 │ │
│ │                │   ],                                                    │ │
│ │                │   name=None,                                            │ │
│ │                │   call=<function submit_feedback at 0x10aac0860>,       │ │
│ │                │   request_param_name=None,                              │ │
│ │                │   websocket_param_name=None,                            │ │
│ │                │   http_connection_param_name=None,                      │ │
│ │                │   response_param_name=None,                             │ │
│ │                │   background_tasks_param_name=None,                     │ │
│ │                │   security_scopes_param_name=None,                      │ │
│ │                │   own_oauth_scopes=None,                                │ │
│ │                │   parent_oauth_scopes=None,                             │ │
│ │                │   use_cache=True,                                       │ │
│ │                │   path='/v1/feedback',                                  │ │
│ │                │   scope='function'                                      │ │
│ │                )                                                         │ │
│ │ is_coroutine = True                                                      │ │
│ │       values = {                                                         │ │
│ │                │   'event_store':                                        │ │
│ │                <context_graph.adapters.spanner.log.SpannerEventLog       │ │
│ │                object at 0x112c417c0>,                                   │ │
│ │                │   'graph_store':                                        │ │
│ │                <context_graph.adapters.spanner.graph.SpannerGraphStore   │ │
│ │                object at 0x112c41370>,                                   │ │
│ │                │   'feedback': RetrievalFeedback(                        │ │
│ │                │   │   query_id='resume-partial-feedback',               │ │
│ │                │   │   session_id='tied-context',                        │ │
│ │                │   │   helpful_node_ids=[                                │ │
│ │                │   │   │   '5e8cedc3-fdb5-4429-8c19-823c5a917672',       │ │
│ │                │   │   │   '1c55f3dd-47a0-4b32-9c79-8cb05e6c1f2b'        │ │
│ │                │   │   ],                                                │ │
│ │                │   │   irrelevant_node_ids=[],                           │ │
│ │                │   │   timestamp=datetime.datetime(2026, 10, 6, 13, 42,  │ │
│ │                41, 682299, tzinfo=datetime.timezone.utc)                 │ │
│ │                │   )                                                     │ │
│ │                }                                                         │ │
│ ╰──────────────────────────────────────────────────────────────────────────╯ │
│                                                                              │
│ /Users/arunmenon/projects/Engram/src/context_graph/api/routes/feedback.py:81 │
│ in submit_feedback                                                           │
│                                                                              │
│    78 │   decremented = 0                                                    │
│    79 │                                                                      │
│    80 │   for node_id in feedback.helpful_node_ids:                          │
│ ❱  81 │   │   adjusted = await graph_store.adjust_node_importance(           │
│    82 │   │   │   node_id=node_id,                                           │
│    83 │   │   │   delta=HELPFUL_IMPORTANCE_BUMP,                             │
│    84 │   │   │   min_value=MIN_IMPORTANCE,                                  │
│                                                                              │
│ ╭───────────────────────────────── locals ─────────────────────────────────╮ │
│ │         adjusted = True                                                  │ │
│ │           bumped = 1                                                     │ │
│ │      decremented = 0                                                     │ │
│ │      event_store = <context_graph.adapters.spanner.log.SpannerEventLog   │ │
│ │                    object at 0x112c417c0>                                │ │
│ │         feedback = RetrievalFeedback(                                    │ │
│ │                    │   query_id='resume-partial-feedback',               │ │
│ │                    │   session_id='tied-context',                        │ │
│ │                    │   helpful_node_ids=[                                │ │
│ │                    │   │   '5e8cedc3-fdb5-4429-8c19-823c5a917672',       │ │
│ │                    │   │   '1c55f3dd-47a0-4b32-9c79-8cb05e6c1f2b'        │ │
│ │                    │   ],                                                │ │
│ │                    │   irrelevant_node_ids=[],                           │ │
│ │                    │   timestamp=datetime.datetime(2026, 10, 6, 13, 42,  │ │
│ │                    41, 682299, tzinfo=datetime.timezone.utc)             │ │
│ │                    )                                                     │ │
│ │   feedback_event = Event(                                                │ │
│ │                    │                                                     │ │
│ │                    event_id=UUID('bbddb12f-2f59-43f2-9190-3c51568db8a3'… │ │
│ │                    │   event_type='system.feedback',                     │ │
│ │                    │   occurred_at=datetime.datetime(2026, 10, 6, 13,    │ │
│ │                    42, 41, 682348, tzinfo=TzInfo(0)),                    │ │
│ │                    │   session_id='tied-context',                        │ │
│ │                    │   agent_id='system',                                │ │
│ │                    │   trace_id='resume-partial-feedback',               │ │
│ │                    │   payload_ref='feedback:resume-partial-feedback',   │ │
│ │                    │   global_position=None,                             │ │
│ │                    │   tool_name=None,                                   │ │
│ │                    │   parent_event_id=None,                             │ │
│ │                    │   ended_at=None,                                    │ │
│ │                    │   status=None,                                      │ │
│ │                    │   schema_version=1,                                 │ │
│ │                    │   importance_hint=None                              │ │
│ │                    )                                                     │ │
│ │ feedback_payload = {                                                     │ │
│ │                    │   'query_id': 'resume-partial-feedback',            │ │
│ │                    │   'helpful_node_ids': [                             │ │
│ │                    │   │   '5e8cedc3-fdb5-4429-8c19-823c5a917672',       │ │
│ │                    │   │   '1c55f3dd-47a0-4b32-9c79-8cb05e6c1f2b'        │ │
│ │                    │   ],                                                │ │
│ │                    │   'irrelevant_node_ids': []                         │ │
│ │                    }                                                     │ │
│ │  global_position = '2026-10-06T13:42:41.823791000Z/000000/bbddb12f-2f59… │ │
│ │      graph_store = <context_graph.adapters.spanner.graph.SpannerGraphSt… │ │
│ │                    object at 0x112c41370>                                │ │
│ │          node_id = '1c55f3dd-47a0-4b32-9c79-8cb05e6c1f2b'                │ │
│ │              UTC = datetime.timezone.utc                                 │ │
│ ╰──────────────────────────────────────────────────────────────────────────╯ │
│                                                                              │
│ /Users/arunmenon/projects/Engram/scripts/engram_spanner_compat_remaining.py: │
│ 577 in injected                                                              │
│                                                                              │
│   574 │   │   │   │   calls += 1                                             │
│   575 │   │   │   │   if calls == 2:                                         │
│   576 │   │   │   │   │   from context_graph.ports.errors import Unavailable │
│ ❱ 577 │   │   │   │   │   raise UnavailableError("controlled second feedback │
│   578 │   │   │   │   return await original(**kwargs)                        │
│   579 │   │   │   graph.adjust_node_importance = injected                    │
│   580 │   │   │   payload = {"query_id": "resume-partial-feedback", "session │
│       "tied-context",                                                        │
│                                                                              │
│ ╭───────────────────────────────── locals ─────────────────────────────────╮ │
│ │    calls = 2                                                             │ │
│ │   kwargs = {                                                             │ │
│ │            │   'node_id': '1c55f3dd-47a0-4b32-9c79-8cb05e6c1f2b',        │ │
│ │            │   'delta': 1,                                               │ │
│ │            │   'min_value': 1,                                           │ │
│ │            │   'max_value': 10                                           │ │
│ │            }                                                             │ │
│ │ original = <bound method GraphOperations.adjust_node_importance of       │ │
│ │            <context_graph.adapters.spanner.graph.SpannerGraphStore       │ │
│ │            object at 0x112c41370>>                                       │ │
│ ╰──────────────────────────────────────────────────────────────────────────╯ │
╰──────────────────────────────────────────────────────────────────────────────╯
UnavailableError: controlled second feedback write failure

/private/tmp/engram-ontology-review-venv/lib/python3.12/site-packages/starlette/middleware/errors.py:176: FastAPIDeprecationWarning: ORJSONResponse is deprecated, FastAPI now serializes data directly to JSON bytes via Pydantic when a return type or response model is set, which is faster and doesn't need a custom response class. Read more in the FastAPI docs: https://fastapi.tiangolo.com/advanced/custom-response/#orjson-or-response-model and https://fastapi.tiangolo.com/tutorial/response-model/
  response = await self.handler(request, exc)  # type: ignore[assignment, arg-type]
2026-10-06 19:12:45 [info     ] feedback_submitted             bumped=2 decremented=0 global_position=2026-10-06T13:42:44.945119000Z/000000/c580b2de-47f9-4a1c-b749-61dbff844617 helpful=2 irrelevant=0 query_id=resume-partial-feedback request_id=226d2908-9e40-42b5-b8b0-b4d528dac02b session_id=tied-context
/private/tmp/engram-ontology-review-venv/lib/python3.12/site-packages/fastapi/routing.py:360: FastAPIDeprecationWarning: ORJSONResponse is deprecated, FastAPI now serializes data directly to JSON bytes via Pydantic when a return type or response model is set, which is faster and doesn't need a custom response class. Read more in the FastAPI docs: https://fastapi.tiangolo.com/advanced/custom-response/#orjson-or-response-model and https://fastapi.tiangolo.com/tutorial/response-model/
  return await dependant.call(**values)
{"name": "feedback_ledger_success_graph_partial_failure_retry_semantics", "scenarios": ["FB-02"], "verdict": "passed", "observation": {"fault": "synthetic second importance adjustment", "first_status": 500, "retry_status": 201, "ledger_audit_delta": 2, "before": [{"access_count": 1, "agent_id": "compat-resume", "event_id": "5e8cedc3-fdb5-4429-8c19-823c5a917672", "event_type": "observation.input", "global_position": "2026-10-06T13:42:28.114655000Z/000000/5e8cedc3-fdb5-4429-8c19-823c5a917672", "keywords": [], "last_accessed_at": "2026-10-06T13:42:35.214437+00:00", "occurred_at": "2026-10-06T13:42:27.888378+00:00", "session_id": "tied-context", "trace_id": "tied-context"}, {"access_count": 1, "agent_id": "compat-resume", "event_id": "1c55f3dd-47a0-4b32-9c79-8cb05e6c1f2b", "event_type": "observation.input", "global_position": "2026-10-06T13:42:28.114655000Z/000001/1c55f3dd-47a0-4b32-9c79-8cb05e6c1f2b", "keywords": [], "last_accessed_at": "2026-10-06T13:42:34.688537+00:00", "occurred_at": "2026-10-06T13:42:27.888378+00:00", "session_id": "tied-context", "trace_id": "tied-context"}], "after_failure": [{"access_count": 1, "agent_id": "compat-resume", "event_id": "5e8cedc3-fdb5-4429-8c19-823c5a917672", "event_type": "observation.input", "global_position": "2026-10-06T13:42:28.114655000Z/000000/5e8cedc3-fdb5-4429-8c19-823c5a917672", "importance_score": 6, "keywords": [], "last_accessed_at": "2026-10-06T13:42:35.214437+00:00", "occurred_at": "2026-10-06T13:42:27.888378+00:00", "session_id": "tied-context", "trace_id": "tied-context"}, {"access_count": 1, "agent_id": "compat-resume", "event_id": "1c55f3dd-47a0-4b32-9c79-8cb05e6c1f2b", "event_type": "observation.input", "global_position": "2026-10-06T13:42:28.114655000Z/000001/1c55f3dd-47a0-4b32-9c79-8cb05e6c1f2b", "keywords": [], "last_accessed_at": "2026-10-06T13:42:34.688537+00:00", "occurred_at": "2026-10-06T13:42:27.888378+00:00", "session_id": "tied-context", "trace_id": "tied-context"}], "after_retry": [{"access_count": 1, "agent_id": "compat-resume", "event_id": "5e8cedc3-fdb5-4429-8c19-823c5a917672", "event_type": "observation.input", "global_position": "2026-10-06T13:42:28.114655000Z/000000/5e8cedc3-fdb5-4429-8c19-823c5a917672", "importance_score": 7, "keywords": [], "last_accessed_at": "2026-10-06T13:42:35.214437+00:00", "occurred_at": "2026-10-06T13:42:27.888378+00:00", "session_id": "tied-context", "trace_id": "tied-context"}, {"access_count": 1, "agent_id": "compat-resume", "event_id": "1c55f3dd-47a0-4b32-9c79-8cb05e6c1f2b", "event_type": "observation.input", "global_position": "2026-10-06T13:42:28.114655000Z/000001/1c55f3dd-47a0-4b32-9c79-8cb05e6c1f2b", "importance_score": 6, "keywords": [], "last_accessed_at": "2026-10-06T13:42:34.688537+00:00", "occurred_at": "2026-10-06T13:42:27.888378+00:00", "session_id": "tied-context", "trace_id": "tied-context"}], "semantics": "partial graph update survives500; retry is a new audit and repeats updates"}, "seconds": 4.19}
2026-10-06 19:12:45 [info     ] app_stopped
