2026-10-06 16:55:22 [info     ] embedding_service_initialized  model=all-MiniLM-L6-v2
2026-10-06 16:55:22 [info     ] llm_client_initialized
2026-10-06 16:55:22 [warning  ] ontology_setting_not_implemented setting='pdlc: Request.embed_fields (no embeddings for pack types)'
2026-10-06 16:55:22 [warning  ] ontology_setting_not_implemented setting='pdlc: Spec.embed_fields (no embeddings for pack types)'
2026-10-06 16:55:22 [warning  ] ontology_setting_not_implemented setting='pdlc: Requirement.embed_fields (no embeddings for pack types)'
2026-10-06 16:55:22 [warning  ] ontology_setting_not_implemented setting='pdlc: Decision.embed_fields (no embeddings for pack types)'
2026-10-06 16:55:22 [warning  ] ontology_setting_not_implemented setting='pdlc: Constraint.embed_fields (no embeddings for pack types)'
2026-10-06 16:55:22 [warning  ] ontology_setting_not_implemented setting='pdlc: DesignElement.embed_fields (no embeddings for pack types)'
2026-10-06 16:55:22 [warning  ] ontology_setting_not_implemented setting='pdlc: Change.embed_fields (no embeddings for pack types)'
2026-10-06 16:55:22 [warning  ] ontology_setting_not_implemented setting='pdlc: Incident.embed_fields (no embeddings for pack types)'
2026-10-06 16:55:22 [warning  ] ontology_setting_not_implemented setting='pdlc: Lesson.embed_fields (no embeddings for pack types)'
2026-10-06 16:55:22 [warning  ] ontology_setting_not_implemented setting='pdlc: link_policy completeness_reports, read_time_threshold, scoring_question, write_time_threshold'
2026-10-06 16:55:22 [warning  ] ontology_setting_not_implemented setting='pdlc: extraction.derived_proposals'
2026-10-06 16:55:22 [warning  ] ontology_setting_not_implemented setting='pdlc: lifecycle.decay'
2026-10-06 16:55:22 [warning  ] ontology_setting_not_implemented setting='pdlc: lifecycle.terminal_states_reduce_importance'
2026-10-06 16:55:22 [warning  ] ontology_setting_not_implemented setting='pdlc: mappings (vocabulary only)'
2026-10-06 16:55:22 [info     ] app_started                    neo4j_uri=bolt://localhost:7687 ontology_packs=['core@1.1.0', 'memory@1.0.0', 'user@1.0.0', 'pdlc@1.7.0'] ontology_version=sha256:3a7c761cd2848649 redis_host=localhost
2026-10-06 16:55:22 [info     ] webhook_ingested               delivery_id=delivery-0 event_types=['pdlc.change.created'] request_id=b1ee2be2-09ad-422b-b1cd-5be2c746e915 source=github
/private/tmp/engram-ontology-review-venv/lib/python3.12/site-packages/fastapi/routing.py:360: FastAPIDeprecationWarning: ORJSONResponse is deprecated, FastAPI now serializes data directly to JSON bytes via Pydantic when a return type or response model is set, which is faster and doesn't need a custom response class. Read more in the FastAPI docs: https://fastapi.tiangolo.com/advanced/custom-response/#orjson-or-response-model and https://fastapi.tiangolo.com/tutorial/response-model/
  return await dependant.call(**values)
2026-10-06 16:55:22 [info     ] webhook_ingested               delivery_id=delivery-1 event_types=['pdlc.testcaserun.finished'] request_id=9e51e86e-4b3c-46d9-ba6d-925d91b07c8e source=github
2026-10-06 16:55:22 [info     ] webhook_ingested               delivery_id=delivery-2 event_types=['pdlc.change.reviewed'] request_id=84d875ce-719e-40de-b7c8-5d4346157c57 source=github
2026-10-06 16:55:23 [info     ] webhook_ingested               delivery_id=delivery-3 event_types=['pdlc.change.merged'] request_id=74af5a98-f49d-42cb-a7ba-f3f140f46593 source=github
2026-10-06 16:55:23 [info     ] webhook_ingested               delivery_id=delivery-4 event_types=['pdlc.ticket.created'] request_id=26c3220b-1829-4998-8be9-e6997db6b519 source=jira
2026-10-06 16:55:23 [info     ] webhook_ingested               delivery_id=delivery-5 event_types=['pdlc.release.published'] request_id=6176c627-00ec-4b64-bdf5-3a9205c75caf source=github
2026-10-06 16:55:23 [info     ] webhook_ingested               delivery_id=delivery-6 event_types=['pdlc.service.deployed'] request_id=a0669fa0-7018-48c1-866d-de62b9ed0705 source=github
2026-10-06 16:55:23 [info     ] webhook_ingested               delivery_id=delivery-7 event_types=['pdlc.ticket.closed'] request_id=7b0b3a94-de94-4220-907e-1edf578b7353 source=jira
/private/tmp/engram-ontology-review-venv/lib/python3.12/site-packages/starlette/_exception_handler.py:59: FastAPIDeprecationWarning: ORJSONResponse is deprecated, FastAPI now serializes data directly to JSON bytes via Pydantic when a return type or response model is set, which is faster and doesn't need a custom response class. Read more in the FastAPI docs: https://fastapi.tiangolo.com/advanced/custom-response/#orjson-or-response-model and https://fastapi.tiangolo.com/tutorial/response-model/
  response = await handler(conn, exc)  # type: ignore[arg-type]
2026-10-06 16:55:24 [info     ] consumer_started               consumer=projection-1 group=graph-projection stream=Events
2026-10-06 16:55:24 [info     ] pending_drain_completed        group=graph-projection
2026-10-06 16:55:24 [debug    ] event_projected                edge_count=0 entry_id=2026-10-06T11:25:22.595727000Z/000000/626140ea-7de7-5ee9-8e91-6e925ba934c6 event_id=626140ea-7de7-5ee9-8e91-6e925ba934c6 session_id=pdlc:acme/payments
2026-10-06 16:55:25 [debug    ] pack_plans_applied             edges=1 events=1 nodes=1 states=1
2026-10-06 16:55:25 [debug    ] event_projected                edge_count=1 entry_id=2026-10-06T11:25:22.773199000Z/000000/11737721-efde-577a-a759-0cffa38d45d3 event_id=11737721-efde-577a-a759-0cffa38d45d3 session_id=pdlc:acme/payments
2026-10-06 16:55:26 [debug    ] pack_plans_applied             edges=4 events=1 nodes=6 states=0
2026-10-06 16:55:26 [debug    ] event_projected                edge_count=1 entry_id=2026-10-06T11:25:22.903439000Z/000000/65b7646c-016c-5708-9223-566d9ee6ea66 event_id=65b7646c-016c-5708-9223-566d9ee6ea66 session_id=pdlc:acme/payments
2026-10-06 16:55:27 [debug    ] pack_plans_applied             edges=2 events=1 nodes=3 states=1
2026-10-06 16:55:27 [debug    ] event_projected                edge_count=1 entry_id=2026-10-06T11:25:23.025407000Z/000000/7e1b7cc4-9d84-52f6-82fb-857770db49ab event_id=7e1b7cc4-9d84-52f6-82fb-857770db49ab session_id=pdlc:acme/payments
2026-10-06 16:55:29 [debug    ] pack_plans_applied             edges=2 events=1 nodes=7 states=1
2026-10-06 16:55:29 [debug    ] event_projected                edge_count=0 entry_id=2026-10-06T11:25:23.244031000Z/000000/450a7a46-2f84-5cfc-b0db-a0c939e8ea7c event_id=450a7a46-2f84-5cfc-b0db-a0c939e8ea7c session_id=pdlc:jira:PAY
2026-10-06 16:55:30 [debug    ] pack_plans_applied             edges=2 events=1 nodes=3 states=1
2026-10-06 16:55:30 [debug    ] event_projected                edge_count=1 entry_id=2026-10-06T11:25:23.388463000Z/000000/cbb029ae-5d84-5d23-8b7a-486dcb9a294b event_id=cbb029ae-5d84-5d23-8b7a-486dcb9a294b session_id=pdlc:acme/payments
2026-10-06 16:55:30 [debug    ] pack_plans_applied             edges=3 events=1 nodes=4 states=0
2026-10-06 16:55:31 [debug    ] event_projected                edge_count=1 entry_id=2026-10-06T11:25:23.513183000Z/000000/04aa5cc9-2bdf-540d-a2b1-73dfd65f5a67 event_id=04aa5cc9-2bdf-540d-a2b1-73dfd65f5a67 session_id=pdlc:acme/payments
2026-10-06 16:55:32 [debug    ] pack_plans_applied             edges=4 events=1 nodes=6 states=1
2026-10-06 16:55:32 [debug    ] event_projected                edge_count=1 entry_id=2026-10-06T11:25:23.628847000Z/000000/92e4ccb4-1fab-54a3-ab67-b0d9ceb3d44c event_id=92e4ccb4-1fab-54a3-ab67-b0d9ceb3d44c session_id=pdlc:jira:PAY
2026-10-06 16:55:33 [debug    ] pack_plans_applied             edges=1 events=1 nodes=1 states=1
2026-10-06 16:55:33 [info     ] consumer_stopped               consumer=projection-1 group=graph-projection
2026-10-06 16:55:35 [info     ] ontology_change                eval_required=['pdlc'] kind=initial pack_changes={} reasons=['the graph records no ontology version'] replay_event_types=[] version_problems=[]
/Users/arunmenon/projects/Engram/src/context_graph/api/routes/artifacts.py:59: FastAPIDeprecationWarning: ORJSONResponse is deprecated, FastAPI now serializes data directly to JSON bytes via Pydantic when a return type or response model is set, which is faster and doesn't need a custom response class. Read more in the FastAPI docs: https://fastapi.tiangolo.com/advanced/custom-response/#orjson-or-response-model and https://fastapi.tiangolo.com/tutorial/response-model/
  return _invalid(f"intent must be one of {sorted(retriever.intents)}")
2026-10-06 16:55:52 [info     ] event_ingested                 event_id=d2220402-063c-4846-b471-d9a09c26e104 event_type=observation.input global_position=2026-10-06T11:25:52.659679000Z/000000/d2220402-063c-4846-b471-d9a09c26e104 request_id=bb047c0a-58ea-4b0b-b033-703324507d9e status=created
2026-10-06 16:55:53 [debug    ] pack_plans_applied             edges=2 events=1 nodes=1 states=0
2026-10-06 16:55:53 [info     ] pack_extraction_applied        edges_written=2 event_id=d2220402-063c-4846-b471-d9a09c26e104 links=1 nodes=1 pack=pdlc rejected=[]
2026-10-06 16:55:53 [info     ] app_stopped
{"name": "PDLC_signed_webhook_full_fixture_evaluation", "scenarios": ["APP-02", "ART-01", "ONT-01", "PEXT-01", "PEXT-02"], "verdict": "passed", "observation": {"signed_deliveries": 8, "evaluation": [{"pack": "pdlc", "passed": true, "mean_f1": 1.0, "min_f1": 0.95, "problem": null, "questions": [{"id": "deployed-where", "f1": 1.0, "found": ["Deployment:production|def456|2026-10-02T09:00:00+00:00"], "expected": ["Deployment:production|def456|2026-10-02T09:00:00+00:00"]}, {"id": "implemented-by", "f1": 1.0, "found": ["Change:acme/payments|7"], "expected": ["Change:acme/payments|7"]}, {"id": "pr-implements", "f1": 1.0, "found": ["WorkItem:jira|PAY-341"], "expected": ["WorkItem:jira|PAY-341"]}, {"id": "release-contents", "f1": 1.0, "found": ["Change:acme/payments|7", "Change:acme/payments|8"], "expected": ["Change:acme/payments|7", "Change:acme/payments|8"]}, {"id": "runs-against-pr", "f1": 1.0, "found": ["TestRun:555"], "expected": ["TestRun:555"]}, {"id": "untested-tickets", "f1": 1.0, "found": ["WorkItem:jira|PAY-300", "WorkItem:jira|PAY-341"], "expected": ["WorkItem:jira|PAY-300", "WorkItem:jira|PAY-341"]}, {"id": "untested-under-epic", "f1": 1.0, "found": ["WorkItem:jira|PAY-341"], "expected": ["WorkItem:jira|PAY-341"]}, {"id": "unreviewed-prs", "f1": 1.0, "found": ["Change:acme/payments|8"], "expected": ["Change:acme/payments|8"]}, {"id": "changes-without-ticket", "f1": 1.0, "found": ["Change:acme/payments|8"], "expected": ["Change:acme/payments|8"]}, {"id": "merged-untested", "f1": 1.0, "found": ["Change:acme/payments|7"], "expected": ["Change:acme/payments|7"]}, {"id": "before-editing-pr", "f1": 1.0, "found": ["TestRun:555"], "expected": ["TestRun:555"]}]}], "artifact_questions_and_pack_extraction": "passed"}, "seconds": 44.66}
2026-10-06 16:56:18 [debug    ] event_projected                edge_count=0 entry_id=2026-10-06T11:25:22.595727000Z/000000/626140ea-7de7-5ee9-8e91-6e925ba934c6 event_id=626140ea-7de7-5ee9-8e91-6e925ba934c6 session_id=pdlc:acme/payments
2026-10-06 16:56:18 [debug    ] pack_plans_applied             edges=1 events=1 nodes=1 states=1
2026-10-06 16:56:19 [debug    ] event_projected                edge_count=1 entry_id=2026-10-06T11:25:22.773199000Z/000000/11737721-efde-577a-a759-0cffa38d45d3 event_id=11737721-efde-577a-a759-0cffa38d45d3 session_id=pdlc:acme/payments
2026-10-06 16:56:19 [debug    ] pack_plans_applied             edges=4 events=1 nodes=6 states=0
2026-10-06 16:56:19 [debug    ] event_projected                edge_count=1 entry_id=2026-10-06T11:25:22.903439000Z/000000/65b7646c-016c-5708-9223-566d9ee6ea66 event_id=65b7646c-016c-5708-9223-566d9ee6ea66 session_id=pdlc:acme/payments
2026-10-06 16:56:20 [debug    ] pack_plans_applied             edges=2 events=1 nodes=3 states=1
2026-10-06 16:56:20 [debug    ] event_projected                edge_count=1 entry_id=2026-10-06T11:25:23.025407000Z/000000/7e1b7cc4-9d84-52f6-82fb-857770db49ab event_id=7e1b7cc4-9d84-52f6-82fb-857770db49ab session_id=pdlc:acme/payments
2026-10-06 16:56:21 [debug    ] pack_plans_applied             edges=2 events=1 nodes=7 states=1
2026-10-06 16:56:21 [debug    ] event_projected                edge_count=0 entry_id=2026-10-06T11:25:23.244031000Z/000000/450a7a46-2f84-5cfc-b0db-a0c939e8ea7c event_id=450a7a46-2f84-5cfc-b0db-a0c939e8ea7c session_id=pdlc:jira:PAY
2026-10-06 16:56:22 [debug    ] pack_plans_applied             edges=2 events=1 nodes=3 states=1
2026-10-06 16:56:22 [debug    ] event_projected                edge_count=1 entry_id=2026-10-06T11:25:23.388463000Z/000000/cbb029ae-5d84-5d23-8b7a-486dcb9a294b event_id=cbb029ae-5d84-5d23-8b7a-486dcb9a294b session_id=pdlc:acme/payments
2026-10-06 16:56:23 [debug    ] pack_plans_applied             edges=3 events=1 nodes=4 states=0
2026-10-06 16:56:23 [debug    ] event_projected                edge_count=1 entry_id=2026-10-06T11:25:23.513183000Z/000000/04aa5cc9-2bdf-540d-a2b1-73dfd65f5a67 event_id=04aa5cc9-2bdf-540d-a2b1-73dfd65f5a67 session_id=pdlc:acme/payments
2026-10-06 16:56:24 [debug    ] pack_plans_applied             edges=4 events=1 nodes=6 states=1
2026-10-06 16:56:24 [debug    ] event_projected                edge_count=1 entry_id=2026-10-06T11:25:23.628847000Z/000000/92e4ccb4-1fab-54a3-ab67-b0d9ceb3d44c event_id=92e4ccb4-1fab-54a3-ab67-b0d9ceb3d44c session_id=pdlc:jira:PAY
2026-10-06 16:56:25 [debug    ] pack_plans_applied             edges=1 events=1 nodes=1 states=1
2026-10-06 16:56:25 [debug    ] event_projected                edge_count=0 entry_id=2026-10-06T11:25:52.659679000Z/000000/d2220402-063c-4846-b471-d9a09c26e104 event_id=d2220402-063c-4846-b471-d9a09c26e104 session_id=design-review
2026-10-06 16:56:25 [info     ] ontology_rebuild_projected     dead_lettered=0 events=9
{
  "version": "sha256:3a7c761cd2848649",
  "passed": true,
  "events": 9,
  "missing_documents": 0,
  "dead_lettered": [],
  "gate_skipped": false,
  "gate": [
    {
      "pack": "pdlc",
      "passed": true,
      "mean_f1": 1.0,
      "min_f1": 0.95,
      "problem": null,
      "questions": [
        {
          "id": "deployed-where",
          "f1": 1.0,
          "found": [
            "Deployment:production|def456|2026-10-02T09:00:00+00:00"
          ],
          "expected": [
            "Deployment:production|def456|2026-10-02T09:00:00+00:00"
          ]
        },
        {
          "id": "implemented-by",
          "f1": 1.0,
          "found": [
            "Change:acme/payments|7"
          ],
          "expected": [
            "Change:acme/payments|7"
          ]
        },
        {
          "id": "pr-implements",
          "f1": 1.0,
          "found": [
            "WorkItem:jira|PAY-341"
          ],
          "expected": [
            "WorkItem:jira|PAY-341"
          ]
        },
        {
          "id": "release-contents",
          "f1": 1.0,
          "found": [
            "Change:acme/payments|7",
            "Change:acme/payments|8"
          ],
          "expected": [
            "Change:acme/payments|7",
            "Change:acme/payments|8"
          ]
        },
        {
          "id": "runs-against-pr",
          "f1": 1.0,
          "found": [
            "TestRun:555"
          ],
          "expected": [
            "TestRun:555"
          ]
        },
        {
          "id": "untested-tickets",
          "f1": 1.0,
          "found": [
            "WorkItem:jira|PAY-300",
            "WorkItem:jira|PAY-341"
          ],
          "expected": [
            "WorkItem:jira|PAY-300",
            "WorkItem:jira|PAY-341"
          ]
        },
        {
          "id": "untested-under-epic",
          "f1": 1.0,
          "found": [
            "WorkItem:jira|PAY-341"
          ],
          "expected": [
            "WorkItem:jira|PAY-341"
          ]
        },
        {
          "id": "unreviewed-prs",
          "f1": 1.0,
          "found": [
            "Change:acme/payments|8"
          ],
          "expected": [
            "Change:acme/payments|8"
          ]
        },
        {
          "id": "changes-without-ticket",
          "f1": 1.0,
          "found": [
            "Change:acme/payments|8"
          ],
          "expected": [
            "Change:acme/payments|8"
          ]
        },
        {
          "id": "merged-untested",
          "f1": 1.0,
          "found": [
            "Change:acme/payments|7"
          ],
          "expected": [
            "Change:acme/payments|7"
          ]
        },
        {
          "id": "before-editing-pr",
          "f1": 1.0,
          "found": [
            "TestRun:555"
          ],
          "expected": [
            "TestRun:555"
          ]
        }
      ]
    }
  ]
}
{"name": "PDLC_real_target_rebuild_evaluation", "scenarios": ["ONT-03", "APP-02", "ART-01"], "verdict": "passed", "observation": {"target": "engram-compat-target", "exit_code": 0, "evaluation": [{"pack": "pdlc", "passed": true, "mean_f1": 1.0, "min_f1": 0.95, "problem": null, "questions": [{"id": "deployed-where", "f1": 1.0, "found": ["Deployment:production|def456|2026-10-02T09:00:00+00:00"], "expected": ["Deployment:production|def456|2026-10-02T09:00:00+00:00"]}, {"id": "implemented-by", "f1": 1.0, "found": ["Change:acme/payments|7"], "expected": ["Change:acme/payments|7"]}, {"id": "pr-implements", "f1": 1.0, "found": ["WorkItem:jira|PAY-341"], "expected": ["WorkItem:jira|PAY-341"]}, {"id": "release-contents", "f1": 1.0, "found": ["Change:acme/payments|7", "Change:acme/payments|8"], "expected": ["Change:acme/payments|7", "Change:acme/payments|8"]}, {"id": "runs-against-pr", "f1": 1.0, "found": ["TestRun:555"], "expected": ["TestRun:555"]}, {"id": "untested-tickets", "f1": 1.0, "found": ["WorkItem:jira|PAY-300", "WorkItem:jira|PAY-341"], "expected": ["WorkItem:jira|PAY-300", "WorkItem:jira|PAY-341"]}, {"id": "untested-under-epic", "f1": 1.0, "found": ["WorkItem:jira|PAY-341"], "expected": ["WorkItem:jira|PAY-341"]}, {"id": "unreviewed-prs", "f1": 1.0, "found": ["Change:acme/payments|8"], "expected": ["Change:acme/payments|8"]}, {"id": "changes-without-ticket", "f1": 1.0, "found": ["Change:acme/payments|8"], "expected": ["Change:acme/payments|8"]}, {"id": "merged-untested", "f1": 1.0, "found": ["Change:acme/payments|7"], "expected": ["Change:acme/payments|7"]}, {"id": "before-editing-pr", "f1": 1.0, "found": ["TestRun:555"], "expected": ["TestRun:555"]}]}]}, "seconds": 44.85}
2026-10-06 16:56:58 [info     ] embedding_service_initialized  model=all-MiniLM-L6-v2
2026-10-06 16:56:58 [info     ] llm_client_initialized
2026-10-06 16:56:59 [info     ] app_started                    neo4j_uri=bolt://localhost:7687 ontology_packs=['core@1.1.0', 'memory@1.0.0', 'user@1.0.0', 'pdlc@1.7.0'] ontology_version=sha256:3a7c761cd2848649 redis_host=localhost
2026-10-06 16:56:59 [info     ] webhook_ingested               delivery_id=opendal-pr-7869 event_types=['pdlc.change.merged'] request_id=7c09df3d-1826-46b4-abb6-5b03a3d3f145 source=github
/private/tmp/engram-ontology-review-venv/lib/python3.12/site-packages/fastapi/routing.py:360: FastAPIDeprecationWarning: ORJSONResponse is deprecated, FastAPI now serializes data directly to JSON bytes via Pydantic when a return type or response model is set, which is faster and doesn't need a custom response class. Read more in the FastAPI docs: https://fastapi.tiangolo.com/advanced/custom-response/#orjson-or-response-model and https://fastapi.tiangolo.com/tutorial/response-model/
  return await dependant.call(**values)
2026-10-06 16:56:59 [info     ] webhook_ingested               delivery_id=opendal-pr-7872 event_types=['pdlc.change.merged'] request_id=401d8376-6d0e-4123-9d29-50b4115efe46 source=github
2026-10-06 16:56:59 [info     ] webhook_ingested               delivery_id=opendal-pr-7878 event_types=['pdlc.change.merged'] request_id=e44cd75e-983a-45d2-a6e2-79afb9ab9175 source=github
2026-10-06 16:57:00 [info     ] webhook_ingested               delivery_id=opendal-pr-7879 event_types=['pdlc.change.merged'] request_id=1fc9fd74-959d-4af0-9ec2-9a33659935fe source=github
2026-10-06 16:57:00 [info     ] webhook_ingested               delivery_id=opendal-pr-7880 event_types=['pdlc.change.merged'] request_id=81f4372a-feeb-43ea-84a8-ccb6c1f948b5 source=github
2026-10-06 16:57:00 [info     ] webhook_ingested               delivery_id=opendal-pr-7386 event_types=['pdlc.change.merged'] request_id=7eaff46c-3a49-4b14-b544-db4adb6bfbd6 source=github
2026-10-06 16:57:00 [info     ] webhook_ingested               delivery_id=opendal-pr-7876 event_types=['pdlc.change.merged'] request_id=7a32fee5-1fc9-4c03-b1c9-fccb1c5bdd54 source=github
2026-10-06 16:57:00 [info     ] webhook_ingested               delivery_id=opendal-pr-7886 event_types=['pdlc.change.merged'] request_id=3344c127-dc01-4bdd-a2cb-3487b525478d source=github
2026-10-06 16:57:00 [info     ] webhook_ingested               delivery_id=opendal-pr-7891 event_types=['pdlc.change.merged'] request_id=a97b402e-d3fb-4a44-85a7-a59fcefa77a1 source=github
2026-10-06 16:57:00 [info     ] webhook_ingested               delivery_id=opendal-pr-7895 event_types=['pdlc.change.merged'] request_id=c581255f-6f1d-4349-817e-edf8a89e94d0 source=github
2026-10-06 16:57:01 [info     ] webhook_ingested               delivery_id=opendal-pr-7892 event_types=['pdlc.change.merged'] request_id=fc6268e6-453d-4339-a788-231d97a6e226 source=github
2026-10-06 16:57:01 [info     ] webhook_ingested               delivery_id=opendal-pr-7893 event_types=['pdlc.change.merged'] request_id=c4f7dcb7-396a-43a7-afb8-089882df72fb source=github
2026-10-06 16:57:01 [info     ] webhook_ingested               delivery_id=opendal-pr-7901 event_types=['pdlc.change.merged'] request_id=a32a47aa-5950-4f22-804c-3df177a8dbb1 source=github
2026-10-06 16:57:01 [info     ] webhook_ingested               delivery_id=opendal-pr-7902 event_types=['pdlc.change.merged'] request_id=821677cb-ab7e-453e-86ce-caad98e33cfc source=github
2026-10-06 16:57:01 [info     ] webhook_ingested               delivery_id=opendal-pr-7900 event_types=['pdlc.change.merged'] request_id=fd1e4e7e-7d3b-4e9d-b337-2b1974bcea68 source=github
2026-10-06 16:57:01 [info     ] webhook_ingested               delivery_id=opendal-pr-7856 event_types=['pdlc.change.merged'] request_id=8f7c70da-1051-40a3-af14-88f199886794 source=github
2026-10-06 16:57:01 [info     ] webhook_ingested               delivery_id=opendal-pr-7903 event_types=['pdlc.change.merged'] request_id=3385f53f-5bde-4e1f-b45e-5494c9feea71 source=github
2026-10-06 16:57:02 [info     ] webhook_ingested               delivery_id=opendal-pr-7908 event_types=['pdlc.change.merged'] request_id=239ae8b9-0c07-485b-b589-17f369fb3c7f source=github
2026-10-06 16:57:02 [info     ] webhook_ingested               delivery_id=opendal-pr-7907 event_types=['pdlc.change.merged'] request_id=d6ff692a-6fb7-4c7e-a1a6-b3d3345e383e source=github
2026-10-06 16:57:02 [info     ] webhook_ingested               delivery_id=opendal-pr-7884 event_types=['pdlc.change.merged'] request_id=6e7c4a3a-5dc4-43fa-8ac7-b47006fd7733 source=github
2026-10-06 16:57:02 [info     ] webhook_ingested               delivery_id=opendal-pr-7914 event_types=['pdlc.change.merged'] request_id=885b1e96-4c37-4cb0-8329-09f667787246 source=github
2026-10-06 16:57:02 [info     ] webhook_ingested               delivery_id=opendal-pr-7732 event_types=['pdlc.change.merged'] request_id=34d21292-1683-47ec-a642-83c5ea857e8f source=github
2026-10-06 16:57:02 [info     ] webhook_ingested               delivery_id=opendal-pr-7910 event_types=['pdlc.change.merged'] request_id=cbd42582-eea4-47a6-913f-100911a2a9e5 source=github
2026-10-06 16:57:02 [info     ] webhook_ingested               delivery_id=opendal-pr-7911 event_types=['pdlc.change.merged'] request_id=8961c495-ed0c-4b04-9f7e-adbe4a01543b source=github
2026-10-06 16:57:03 [info     ] webhook_ingested               delivery_id=opendal-pr-7917 event_types=['pdlc.change.merged'] request_id=265135ba-bb32-47a4-b0b6-226b8a55d757 source=github
2026-10-06 16:57:03 [info     ] webhook_ingested               delivery_id=opendal-pr-7906 event_types=['pdlc.change.merged'] request_id=0ac81a3f-2f87-414c-9db0-9e39fce63920 source=github
2026-10-06 16:57:03 [info     ] webhook_ingested               delivery_id=opendal-pr-7924 event_types=['pdlc.change.merged'] request_id=ccc565b2-cc9f-49fe-822b-6ad9eb89340e source=github
2026-10-06 16:57:03 [info     ] webhook_ingested               delivery_id=opendal-pr-7925 event_types=['pdlc.change.merged'] request_id=2dd875d6-5a39-4dd4-98e9-dbe9340da291 source=github
2026-10-06 16:57:03 [info     ] webhook_ingested               delivery_id=opendal-pr-7915 event_types=['pdlc.change.merged'] request_id=db035262-b837-4c8d-b609-f4b30382aad1 source=github
2026-10-06 16:57:03 [info     ] webhook_ingested               delivery_id=opendal-pr-7874 event_types=['pdlc.change.merged'] request_id=e2bf3921-23ef-4943-8d99-5dd158ba8927 source=github
2026-10-06 16:57:03 [info     ] webhook_ingested               delivery_id=opendal-pr-7929 event_types=['pdlc.change.merged'] request_id=53fa0a95-623d-4e2b-af91-a8403fc47213 source=github
2026-10-06 16:57:03 [info     ] webhook_ingested               delivery_id=opendal-pr-7930 event_types=['pdlc.change.merged'] request_id=73253f8a-4de6-4fef-8f2e-9e8771393715 source=github
2026-10-06 16:57:04 [info     ] webhook_ingested               delivery_id=opendal-pr-7931 event_types=['pdlc.change.merged'] request_id=31433763-a512-4c5d-931b-6004bd234a56 source=github
2026-10-06 16:57:04 [info     ] webhook_ingested               delivery_id=opendal-pr-7934 event_types=['pdlc.change.merged'] request_id=2044e9dd-8f81-449d-bfe7-3f197f61139f source=github
2026-10-06 16:57:04 [info     ] webhook_ingested               delivery_id=opendal-pr-7935 event_types=['pdlc.change.merged'] request_id=7c778848-9276-4add-b257-953aa2bc0330 source=github
2026-10-06 16:57:04 [info     ] webhook_ingested               delivery_id=opendal-pr-7936 event_types=['pdlc.change.merged'] request_id=793288e8-2d81-4afc-9b6c-0f94c5d70e02 source=github
2026-10-06 16:57:04 [info     ] webhook_ingested               delivery_id=opendal-pr-7932 event_types=['pdlc.change.merged'] request_id=5b9b2f18-15d1-46b7-91e2-486ab63bb377 source=github
2026-10-06 16:57:04 [info     ] webhook_ingested               delivery_id=opendal-pr-7937 event_types=['pdlc.change.merged'] request_id=76f62d7a-f59a-452e-9431-073a172eb2d1 source=github
2026-10-06 16:57:05 [info     ] webhook_ingested               delivery_id=opendal-pr-7927 event_types=['pdlc.change.merged'] request_id=13d1314d-9453-4c13-9e53-b35d63605d2a source=github
2026-10-06 16:57:05 [info     ] webhook_ingested               delivery_id=opendal-pr-7941 event_types=['pdlc.change.merged'] request_id=8950f3ce-65fc-41bc-98a0-dfcb224ee9f1 source=github
2026-10-06 16:57:05 [info     ] webhook_ingested               delivery_id=opendal-pr-7940 event_types=['pdlc.change.merged'] request_id=07e7c2a9-32e5-4522-893f-a870906caaeb source=github
2026-10-06 16:57:05 [info     ] webhook_ingested               delivery_id=opendal-pr-7943 event_types=['pdlc.change.merged'] request_id=10d7281f-3a5f-4026-a7e3-2a3ac9b8f557 source=github
2026-10-06 16:57:05 [info     ] webhook_ingested               delivery_id=opendal-pr-7946 event_types=['pdlc.change.merged'] request_id=d4188511-0d4a-4f31-b317-cccdc06274bb source=github
2026-10-06 16:57:05 [info     ] webhook_ingested               delivery_id=opendal-pr-7933 event_types=['pdlc.change.merged'] request_id=4ee393be-ae77-44cc-be68-4994c08ca213 source=github
2026-10-06 16:57:05 [info     ] webhook_ingested               delivery_id=opendal-pr-7950 event_types=['pdlc.change.merged'] request_id=0fe1746a-54ad-4160-ba07-089bd99f5542 source=github
2026-10-06 16:57:06 [info     ] webhook_ingested               delivery_id=opendal-pr-7951 event_types=['pdlc.change.merged'] request_id=ca4f39c9-fb76-4b8d-a5d1-45d487cc22c7 source=github
2026-10-06 16:57:06 [info     ] webhook_ingested               delivery_id=opendal-pr-7953 event_types=['pdlc.change.merged'] request_id=cecb3366-deae-457c-a4f3-d023136b5f2a source=github
2026-10-06 16:57:06 [info     ] webhook_ingested               delivery_id=opendal-pr-7958 event_types=['pdlc.change.merged'] request_id=51322e0d-dcb1-4a53-b16a-fd2c52647a24 source=github
2026-10-06 16:57:06 [info     ] webhook_ingested               delivery_id=opendal-pr-7947 event_types=['pdlc.change.merged'] request_id=ab99b9c1-765b-4f2e-b046-2230171a8024 source=github
2026-10-06 16:57:06 [info     ] webhook_ingested               delivery_id=opendal-pr-7961 event_types=['pdlc.change.merged'] request_id=6679e069-ff24-404c-af6a-dbd830cb703f source=github
2026-10-06 16:57:06 [info     ] webhook_ingested               delivery_id=opendal-pr-7882 event_types=['pdlc.change.merged'] request_id=732e88f1-2121-4da7-935f-f8e0e1034039 source=github
2026-10-06 16:57:06 [info     ] webhook_ingested               delivery_id=opendal-pr-7960 event_types=['pdlc.change.merged'] request_id=c531981c-5922-401c-b3fc-fcceb25dd0fb source=github
2026-10-06 16:57:06 [info     ] webhook_ingested               delivery_id=opendal-pr-7956 event_types=['pdlc.change.merged'] request_id=314b1c00-474b-446e-ac34-902d61674c80 source=github
2026-10-06 16:57:07 [info     ] webhook_ingested               delivery_id=opendal-pr-7959 event_types=['pdlc.change.merged'] request_id=aaa5cef1-90ae-4b8c-ae87-23c15e6571b9 source=github
2026-10-06 16:57:07 [info     ] webhook_ingested               delivery_id=opendal-pr-7955 event_types=['pdlc.change.merged'] request_id=2726ff22-d75e-45fc-ba26-840564858d83 source=github
2026-10-06 16:57:07 [info     ] webhook_ingested               delivery_id=opendal-pr-7963 event_types=['pdlc.change.merged'] request_id=3d1094c0-fe36-44f3-96db-553cbc7ef7d0 source=github
2026-10-06 16:57:07 [info     ] webhook_ingested               delivery_id=opendal-pr-7964 event_types=['pdlc.change.merged'] request_id=8a653bc1-ea4f-4fec-bbc0-9e097a8ca049 source=github
2026-10-06 16:57:07 [info     ] webhook_ingested               delivery_id=opendal-pr-7965 event_types=['pdlc.change.merged'] request_id=e9d2d592-7c0b-4804-8b4e-10330bf55e78 source=github
2026-10-06 16:57:07 [info     ] webhook_ingested               delivery_id=opendal-pr-7970 event_types=['pdlc.change.merged'] request_id=00fa0493-fe5b-49e9-bcfb-8bb5edac4ddf source=github
2026-10-06 16:57:08 [info     ] webhook_ingested               delivery_id=opendal-pr-7969 event_types=['pdlc.change.merged'] request_id=90f2112e-c710-4430-8abf-8da96ae6fe52 source=github
2026-10-06 16:57:08 [info     ] webhook_ingested               delivery_id=opendal-pr-7962 event_types=['pdlc.change.merged'] request_id=ceb9315a-c67f-46db-a2cb-ecd7b63fd8dd source=github
2026-10-06 16:57:08 [info     ] webhook_ingested               delivery_id=opendal-pr-7971 event_types=['pdlc.change.merged'] request_id=88e00128-4891-4e80-86e4-1db6e7d16aff source=github
2026-10-06 16:57:08 [info     ] webhook_ingested               delivery_id=opendal-pr-7972 event_types=['pdlc.change.merged'] request_id=2455a1dd-2116-453e-bd5a-4eaad55cb2f6 source=github
2026-10-06 16:57:08 [info     ] webhook_ingested               delivery_id=opendal-pr-7974 event_types=['pdlc.change.merged'] request_id=1943d76a-481f-486d-9f21-4817cdfd7e9b source=github
2026-10-06 16:57:08 [info     ] webhook_ingested               delivery_id=opendal-release-v0.58.1 event_types=['pdlc.release.published'] request_id=0bedd44d-cac0-4971-957c-f9eb80f34062 source=github
2026-10-06 16:57:08 [info     ] webhook_ingested               delivery_id=opendal-pr-7978 event_types=['pdlc.change.merged'] request_id=4242677b-6108-4084-8eea-952775c4f2d2 source=github
2026-10-06 16:57:09 [info     ] webhook_ingested               delivery_id=opendal-pr-7981 event_types=['pdlc.change.merged'] request_id=5f4a22f7-a35d-49e7-98d0-33cef58664af source=github
2026-10-06 16:57:09 [info     ] webhook_ingested               delivery_id=opendal-pr-7984 event_types=['pdlc.change.merged'] request_id=742acc81-65e3-48af-bfad-e5cd06499aed source=github
2026-10-06 16:57:09 [info     ] webhook_ingested               delivery_id=opendal-pr-7986 event_types=['pdlc.change.merged'] request_id=c6e366bc-bba4-4dbb-b4b9-cef50214f434 source=github
2026-10-06 16:57:09 [info     ] webhook_ingested               delivery_id=opendal-pr-7982 event_types=['pdlc.change.merged'] request_id=90a9e4b6-c964-4b17-87cf-01a203e98234 source=github
2026-10-06 16:57:09 [info     ] webhook_ingested               delivery_id=opendal-pr-7988 event_types=['pdlc.change.merged'] request_id=f69f2e4f-651b-4c90-87f3-fe7bc54dc9a6 source=github
2026-10-06 16:57:09 [info     ] webhook_ingested               delivery_id=opendal-pr-7993 event_types=['pdlc.change.merged'] request_id=b463307f-2520-4b76-ab3f-b2f86b295a55 source=github
2026-10-06 16:57:09 [info     ] webhook_ingested               delivery_id=opendal-pr-7995 event_types=['pdlc.change.merged'] request_id=2aa225fc-91a4-422d-a3c6-f3ee82c1e463 source=github
2026-10-06 16:57:10 [info     ] webhook_ingested               delivery_id=opendal-pr-7994 event_types=['pdlc.change.merged'] request_id=ef1f8dab-6b82-49d0-bcc2-5f72d6e8fe03 source=github
2026-10-06 16:57:10 [info     ] webhook_ingested               delivery_id=opendal-pr-7992 event_types=['pdlc.change.merged'] request_id=e2701a4c-f9f4-4094-977e-31999f2aafcd source=github
2026-10-06 16:57:10 [info     ] webhook_ingested               delivery_id=opendal-pr-7989 event_types=['pdlc.change.merged'] request_id=43ab2b4e-92a0-4c06-b860-aeb8005d0607 source=github
2026-10-06 16:57:10 [info     ] webhook_ingested               delivery_id=opendal-pr-7996 event_types=['pdlc.change.merged'] request_id=a54e1281-a4ff-45c7-bd67-c609b303391e source=github
2026-10-06 16:57:10 [info     ] webhook_ingested               delivery_id=opendal-pr-7997 event_types=['pdlc.change.merged'] request_id=44e36cb9-6585-4b9d-8178-f6744fa092b3 source=github
2026-10-06 16:57:10 [info     ] webhook_ingested               delivery_id=opendal-pr-7948 event_types=['pdlc.change.merged'] request_id=44b697cf-b03b-4383-9ecc-157f13131ea0 source=github
2026-10-06 16:57:10 [info     ] webhook_ingested               delivery_id=opendal-pr-7998 event_types=['pdlc.change.merged'] request_id=a9aca95f-8f08-4c38-bd49-29297db40259 source=github
2026-10-06 16:57:11 [info     ] webhook_ingested               delivery_id=opendal-pr-8002 event_types=['pdlc.change.merged'] request_id=ce3e8627-5210-4e1c-a8d6-f4c52b9b6859 source=github
2026-10-06 16:57:11 [info     ] webhook_ingested               delivery_id=opendal-pr-8004 event_types=['pdlc.change.merged'] request_id=fb8de35a-370e-442d-9b7b-b6c6b97aadbc source=github
2026-10-06 16:57:11 [info     ] webhook_ingested               delivery_id=opendal-pr-8015 event_types=['pdlc.change.merged'] request_id=32867b45-fc89-425b-853b-d9fdbc7a3a4a source=github
2026-10-06 16:57:11 [info     ] webhook_ingested               delivery_id=opendal-pr-8016 event_types=['pdlc.change.merged'] request_id=1764b9fb-41c3-4eac-aba0-2c0d8c360290 source=github
2026-10-06 16:57:11 [info     ] webhook_ingested               delivery_id=opendal-pr-8006 event_types=['pdlc.change.merged'] request_id=15126ed2-27ba-491d-b4a3-61ca3aa76c64 source=github
2026-10-06 16:57:11 [info     ] webhook_ingested               delivery_id=opendal-pr-8018 event_types=['pdlc.change.merged'] request_id=1e9daa1d-7d7f-4a41-9675-524cafb45d0f source=github
2026-10-06 16:57:11 [info     ] webhook_ingested               delivery_id=opendal-pr-8019 event_types=['pdlc.change.merged'] request_id=17aa4d5b-42bf-4071-bf9c-2e5d3c1e9695 source=github
2026-10-06 16:57:12 [info     ] webhook_ingested               delivery_id=opendal-pr-8012 event_types=['pdlc.change.merged'] request_id=eecb9c0e-05cf-4f3f-a17d-6f0cdbdefb5a source=github
2026-10-06 16:57:12 [info     ] webhook_ingested               delivery_id=opendal-pr-7983 event_types=['pdlc.change.merged'] request_id=fedcdd54-a321-4add-9015-62aa98a4eec0 source=github
2026-10-06 16:57:12 [info     ] webhook_ingested               delivery_id=opendal-pr-8020 event_types=['pdlc.change.merged'] request_id=7b05e99e-1765-43c5-b689-2ce393cbe54b source=github
2026-10-06 16:57:12 [info     ] webhook_ingested               delivery_id=opendal-pr-8031 event_types=['pdlc.change.merged'] request_id=4731a98d-8d32-4fdb-a942-1ddc7802a959 source=github
2026-10-06 16:57:12 [info     ] webhook_ingested               delivery_id=opendal-pr-8034 event_types=['pdlc.change.merged'] request_id=c1ba351f-0b9a-4e3a-b322-c1b8717a4e60 source=github
2026-10-06 16:57:12 [info     ] webhook_ingested               delivery_id=opendal-pr-8035 event_types=['pdlc.change.merged'] request_id=8e1f9dc7-9808-4c2b-bb4d-a17a74eb7372 source=github
2026-10-06 16:57:13 [info     ] webhook_ingested               delivery_id=opendal-pr-7949 event_types=['pdlc.change.merged'] request_id=9f8f37bc-7e94-45f5-a0ed-23702b62209b source=github
2026-10-06 16:57:13 [info     ] webhook_ingested               delivery_id=opendal-pr-8028 event_types=['pdlc.change.merged'] request_id=c2f08d07-2c23-402e-9ebf-43d05c9fde7f source=github
2026-10-06 16:57:13 [info     ] webhook_ingested               delivery_id=opendal-pr-8041 event_types=['pdlc.change.merged'] request_id=0e20d693-6217-456d-bbe6-430f8a5b149a source=github
2026-10-06 16:57:13 [info     ] webhook_ingested               delivery_id=opendal-pr-8017 event_types=['pdlc.change.merged'] request_id=e96d9434-9647-43a7-b26b-1f9d842c2d5c source=github
2026-10-06 16:57:13 [info     ] webhook_ingested               delivery_id=opendal-pr-8045 event_types=['pdlc.change.merged'] request_id=70c593a4-7dc6-4b45-b4d4-6586308dcd57 source=github
2026-10-06 16:57:13 [info     ] webhook_ingested               delivery_id=opendal-pr-8027 event_types=['pdlc.change.merged'] request_id=3de3aae7-707f-4653-aee4-66c0dc45d5d1 source=github
2026-10-06 16:57:13 [info     ] webhook_ingested               delivery_id=opendal-pr-8047 event_types=['pdlc.change.merged'] request_id=fdd93c20-d208-46ed-bf0d-a8e214b605d7 source=github
2026-10-06 16:57:14 [info     ] webhook_ingested               delivery_id=opendal-pr-8051 event_types=['pdlc.change.merged'] request_id=eaebde70-f823-4bdb-9b33-35d7202725c7 source=github
2026-10-06 16:57:14 [info     ] webhook_ingested               delivery_id=opendal-pr-8060 event_types=['pdlc.change.merged'] request_id=43707d0e-ca06-41cd-94ae-5f7f8578899e source=github
2026-10-06 16:57:14 [info     ] webhook_ingested               delivery_id=opendal-pr-8061 event_types=['pdlc.change.merged'] request_id=73437582-2788-46da-9e63-d1b50a49eea8 source=github
2026-10-06 16:57:14 [info     ] webhook_ingested               delivery_id=opendal-pr-8065 event_types=['pdlc.change.merged'] request_id=b421697a-ce8a-42c8-8bbe-3c249cebd867 source=github
2026-10-06 16:57:14 [info     ] webhook_ingested               delivery_id=opendal-pr-8064 event_types=['pdlc.change.merged'] request_id=9a49891e-7cbd-442b-88eb-e38c1dc9fa01 source=github
2026-10-06 16:57:14 [info     ] webhook_ingested               delivery_id=opendal-pr-8062 event_types=['pdlc.change.merged'] request_id=44fec71c-2f65-4abb-9570-07ac6313a1da source=github
2026-10-06 16:57:14 [info     ] webhook_ingested               delivery_id=opendal-pr-8066 event_types=['pdlc.change.merged'] request_id=00ea647e-3c7e-4d3e-aad7-37c3a5589cca source=github
2026-10-06 16:57:15 [info     ] webhook_ingested               delivery_id=opendal-pr-8044 event_types=['pdlc.change.merged'] request_id=67ae66cf-a711-4eeb-88fe-2a9373f1771b source=github
2026-10-06 16:57:15 [info     ] webhook_ingested               delivery_id=opendal-pr-8050 event_types=['pdlc.change.merged'] request_id=a8050c1c-2c91-45e8-a1b8-091bd436d544 source=github
2026-10-06 16:57:15 [info     ] webhook_ingested               delivery_id=opendal-pr-8048 event_types=['pdlc.change.merged'] request_id=4389012b-d6c8-498e-a75c-922fb3646395 source=github
2026-10-06 16:57:15 [info     ] webhook_ingested               delivery_id=opendal-pr-8043 event_types=['pdlc.change.merged'] request_id=8687e785-191b-4927-95de-146be6099668 source=github
2026-10-06 16:57:15 [info     ] webhook_ingested               delivery_id=opendal-pr-8055 event_types=['pdlc.change.merged'] request_id=025bd054-6a0b-43f5-9ebb-da8e20fdc64c source=github
2026-10-06 16:57:15 [info     ] webhook_ingested               delivery_id=opendal-pr-8073 event_types=['pdlc.change.merged'] request_id=27a21552-5a0a-4f09-8a3b-7cc83d1b6f32 source=github
2026-10-06 16:57:15 [info     ] webhook_ingested               delivery_id=opendal-pr-8075 event_types=['pdlc.change.merged'] request_id=a9814e27-8cc2-45fb-9051-b86b671df0d5 source=github
2026-10-06 16:57:16 [info     ] webhook_ingested               delivery_id=opendal-pr-8076 event_types=['pdlc.change.merged'] request_id=effa0785-b92b-48b7-ae40-fb05f2729020 source=github
2026-10-06 16:57:16 [info     ] webhook_ingested               delivery_id=opendal-pr-8074 event_types=['pdlc.change.merged'] request_id=e9440fb9-cc7a-4f5f-adbb-9c1478e8f69f source=github
2026-10-06 16:57:16 [info     ] webhook_ingested               delivery_id=opendal-pr-8077 event_types=['pdlc.change.merged'] request_id=b612b6d9-897f-40bb-9ea6-20e5e184d13d source=github
2026-10-06 16:57:16 [info     ] webhook_ingested               delivery_id=opendal-pr-8069 event_types=['pdlc.change.merged'] request_id=1c989abc-c873-4956-8a65-8da6f9688b60 source=github
2026-10-06 16:57:16 [info     ] webhook_ingested               delivery_id=opendal-pr-8068 event_types=['pdlc.change.merged'] request_id=d0295f51-3aa2-4b6b-8fd4-574ccf78a59c source=github
2026-10-06 16:57:16 [info     ] webhook_ingested               delivery_id=opendal-pr-8071 event_types=['pdlc.change.merged'] request_id=5b49d6bc-934a-4d3c-aa0b-380b45b78916 source=github
2026-10-06 16:57:16 [info     ] webhook_ingested               delivery_id=opendal-pr-8070 event_types=['pdlc.change.merged'] request_id=77b9ef10-5e9a-41eb-a1d4-ef172c30dd7a source=github
2026-10-06 16:57:17 [info     ] webhook_ingested               delivery_id=opendal-pr-8079 event_types=['pdlc.change.merged'] request_id=c75cb344-e5ca-41b0-8fac-475076979570 source=github
2026-10-06 16:57:17 [info     ] webhook_ingested               delivery_id=opendal-pr-8072 event_types=['pdlc.change.merged'] request_id=92bc4829-186c-441f-8d2e-e8447e4cfa05 source=github
2026-10-06 16:57:17 [info     ] webhook_ingested               delivery_id=opendal-pr-8088 event_types=['pdlc.change.merged'] request_id=a68da66d-a7d4-446c-890b-b2ff310b73aa source=github
2026-10-06 16:57:17 [info     ] webhook_ingested               delivery_id=opendal-pr-8084 event_types=['pdlc.change.merged'] request_id=052976cd-b33b-4d99-8baa-7fd1bf821ab6 source=github
2026-10-06 16:57:17 [info     ] webhook_ingested               delivery_id=opendal-pr-8083 event_types=['pdlc.change.merged'] request_id=2bdf0d3f-d00e-4f79-9419-3b4d576f1a1a source=github
2026-10-06 16:57:17 [info     ] webhook_ingested               delivery_id=opendal-pr-8082 event_types=['pdlc.change.merged'] request_id=6d0a294a-4959-4c57-b6ca-b21a7ac768c2 source=github
2026-10-06 16:57:17 [info     ] webhook_ingested               delivery_id=opendal-pr-8085 event_types=['pdlc.change.merged'] request_id=96ae9791-855f-4f96-9baa-e49d64db85e7 source=github
2026-10-06 16:57:18 [info     ] webhook_ingested               delivery_id=opendal-pr-8081 event_types=['pdlc.change.merged'] request_id=1df71f52-6853-4a92-998a-dc2de6253869 source=github
2026-10-06 16:57:18 [info     ] webhook_ingested               delivery_id=opendal-pr-8086 event_types=['pdlc.change.merged'] request_id=79e4825e-d6c3-4a39-992d-592e826bed1e source=github
2026-10-06 16:57:18 [info     ] webhook_ingested               delivery_id=opendal-pr-8080 event_types=['pdlc.change.merged'] request_id=21d4e486-a86c-42f3-bd90-0fc37aa37b75 source=github
2026-10-06 16:57:18 [info     ] webhook_ingested               delivery_id=opendal-pr-8094 event_types=['pdlc.change.merged'] request_id=be994f80-f9b2-4e7f-bb60-87f6b33e84e5 source=github
2026-10-06 16:57:18 [info     ] webhook_ingested               delivery_id=opendal-pr-8095 event_types=['pdlc.change.merged'] request_id=134a61a5-bf68-43d6-8136-12b5dc275a79 source=github
2026-10-06 16:57:18 [info     ] webhook_ingested               delivery_id=opendal-pr-8097 event_types=['pdlc.change.merged'] request_id=e9140453-312f-4d02-a874-8f7f0883bbeb source=github
2026-10-06 16:57:18 [info     ] webhook_ingested               delivery_id=opendal-release-v0.58.2 event_types=['pdlc.release.published'] request_id=90552925-cc7a-43b8-a2eb-24959dd725a0 source=github
2026-10-06 16:57:18 [info     ] webhook_ingested               delivery_id=opendal-pr-8098 event_types=['pdlc.change.merged'] request_id=4b3bebba-ad8e-49fd-b0bb-eb762ad594a8 source=github
2026-10-06 16:57:19 [info     ] webhook_ingested               delivery_id=opendal-pr-8099 event_types=['pdlc.change.merged'] request_id=bee37e7e-f5e7-42ef-a7b3-4b80d523c391 source=github
2026-10-06 16:57:19 [info     ] webhook_ingested               delivery_id=opendal-pr-8121 event_types=['pdlc.change.merged'] request_id=11db67fa-a1bf-4f9b-be10-9d28f5cbc72e source=github
2026-10-06 16:57:19 [info     ] webhook_ingested               delivery_id=opendal-pr-8126 event_types=['pdlc.change.merged'] request_id=8b406aca-7726-48d7-9f80-76ddd40af23d source=github
2026-10-06 16:57:19 [info     ] webhook_ingested               delivery_id=opendal-pr-8123 event_types=['pdlc.change.merged'] request_id=2f76cac6-51c8-4d1d-b0f1-5c7f54859651 source=github
2026-10-06 16:57:19 [info     ] webhook_ingested               delivery_id=opendal-pr-8113 event_types=['pdlc.change.merged'] request_id=d2e8de65-67e3-4853-9d02-55b304e064f0 source=github
2026-10-06 16:57:19 [info     ] webhook_ingested               delivery_id=opendal-pr-8108 event_types=['pdlc.change.merged'] request_id=40165d84-9db3-49e5-aaba-32fb4c7bc522 source=github
2026-10-06 16:57:20 [info     ] webhook_ingested               delivery_id=opendal-pr-8131 event_types=['pdlc.change.merged'] request_id=5a7d00e7-6bcf-4a4c-ba33-c8cd2c296f2c source=github
2026-10-06 16:57:20 [info     ] webhook_ingested               delivery_id=opendal-pr-8129 event_types=['pdlc.change.merged'] request_id=1cf47142-43d7-4cd5-b087-3b834d3be24a source=github
2026-10-06 16:57:20 [info     ] webhook_ingested               delivery_id=opendal-pr-8109 event_types=['pdlc.change.merged'] request_id=01b12d0f-596b-45d0-8908-c19d3867cf09 source=github
2026-10-06 16:57:20 [info     ] webhook_ingested               delivery_id=opendal-pr-7607 event_types=['pdlc.change.merged'] request_id=8902f7ed-e1e1-4890-bf49-ba40f1254020 source=github
2026-10-06 16:57:20 [info     ] webhook_ingested               delivery_id=opendal-pr-8137 event_types=['pdlc.change.merged'] request_id=5367eaa1-301c-4f2c-a38d-fa8029d100f9 source=github
2026-10-06 16:57:20 [info     ] webhook_ingested               delivery_id=opendal-pr-8135 event_types=['pdlc.change.merged'] request_id=a295fd7e-bf27-47fc-9904-1edd6c9eb245 source=github
2026-10-06 16:57:20 [info     ] webhook_ingested               delivery_id=opendal-pr-8148 event_types=['pdlc.change.merged'] request_id=25109554-625e-4265-ad5c-e772460ee8cc source=github
2026-10-06 16:57:21 [info     ] webhook_ingested               delivery_id=opendal-pr-8150 event_types=['pdlc.change.merged'] request_id=cf368f68-6ddf-41b0-8f5c-86edf284f09a source=github
2026-10-06 16:57:21 [info     ] webhook_ingested               delivery_id=opendal-pr-8147 event_types=['pdlc.change.merged'] request_id=ef24607d-351d-49a0-aa46-a4cbe522d46b source=github
2026-10-06 16:57:21 [info     ] webhook_ingested               delivery_id=opendal-pr-8145 event_types=['pdlc.change.merged'] request_id=d40dfd89-0f8c-4768-855b-44ef2bb5028a source=github
2026-10-06 16:57:21 [info     ] webhook_ingested               delivery_id=opendal-pr-8146 event_types=['pdlc.change.merged'] request_id=ad8a0d56-2e5d-4225-97cf-ed1315ebda3e source=github
2026-10-06 16:57:21 [info     ] webhook_ingested               delivery_id=opendal-pr-8139 event_types=['pdlc.change.merged'] request_id=f19bb839-cc6c-47d5-8816-01d39e9ee8f2 source=github
2026-10-06 16:57:21 [info     ] webhook_ingested               delivery_id=opendal-pr-8152 event_types=['pdlc.change.merged'] request_id=be5f9a40-e2f1-40af-bc1c-38399b5db300 source=github
2026-10-06 16:57:21 [info     ] webhook_ingested               delivery_id=opendal-pr-8143 event_types=['pdlc.change.merged'] request_id=bf94b4b0-8ff7-45d6-ac5d-503f68719d61 source=github
2026-10-06 16:57:22 [info     ] webhook_ingested               delivery_id=opendal-pr-8142 event_types=['pdlc.change.merged'] request_id=e9153c15-1912-4d49-807f-5c2dc3ec3a3d source=github
2026-10-06 16:57:22 [info     ] webhook_ingested               delivery_id=opendal-pr-8136 event_types=['pdlc.change.merged'] request_id=c7f68ffa-7384-4da3-a700-697354923763 source=github
2026-10-06 16:57:22 [info     ] webhook_ingested               delivery_id=opendal-pr-7945 event_types=['pdlc.change.merged'] request_id=57eb0379-01a9-42a7-b40c-c6e2804dfae4 source=github
2026-10-06 16:57:22 [info     ] webhook_ingested               delivery_id=opendal-pr-8155 event_types=['pdlc.change.merged'] request_id=8733cd4b-cc14-4deb-91d0-8d06d9b753a2 source=github
2026-10-06 16:57:22 [info     ] webhook_ingested               delivery_id=opendal-pr-8106 event_types=['pdlc.change.merged'] request_id=8d10dc3a-8f14-4402-aa43-7e8ed6551ee9 source=github
2026-10-06 16:57:22 [info     ] webhook_ingested               delivery_id=opendal-pr-8030 event_types=['pdlc.change.merged'] request_id=ac0b4f91-4a9a-4d39-b5f8-a848e18051c8 source=github
2026-10-06 16:57:22 [info     ] webhook_ingested               delivery_id=opendal-pr-8154 event_types=['pdlc.change.merged'] request_id=3e24546b-2f39-418e-878f-b37af6e19e77 source=github
2026-10-06 16:57:23 [info     ] webhook_ingested               delivery_id=opendal-pr-8103 event_types=['pdlc.change.merged'] request_id=50136db4-5f14-4645-a4dc-37ed305da9ed source=github
2026-10-06 16:57:23 [info     ] webhook_ingested               delivery_id=opendal-pr-8102 event_types=['pdlc.change.merged'] request_id=dd9ff4ec-9d63-4b0e-b8e8-112df6b1aba8 source=github
2026-10-06 16:57:23 [info     ] webhook_ingested               delivery_id=opendal-pr-8156 event_types=['pdlc.change.merged'] request_id=d0f63aaa-b0f6-4bc4-a46c-4d2cd5d1f484 source=github
2026-10-06 16:57:23 [info     ] webhook_ingested               delivery_id=opendal-pr-8140 event_types=['pdlc.change.merged'] request_id=030ffa5b-ab8f-4e91-bd73-48e39bb72bef source=github
2026-10-06 16:57:23 [info     ] webhook_ingested               delivery_id=opendal-pr-8160 event_types=['pdlc.change.merged'] request_id=e7032388-7838-46cc-a345-5cfe1d6e45b9 source=github
/private/tmp/engram-ontology-review-venv/lib/python3.12/site-packages/starlette/middleware/base.py:197: FastAPIDeprecationWarning: ORJSONResponse is deprecated, FastAPI now serializes data directly to JSON bytes via Pydantic when a return type or response model is set, which is faster and doesn't need a custom response class. Read more in the FastAPI docs: https://fastapi.tiangolo.com/advanced/custom-response/#orjson-or-response-model and https://fastapi.tiangolo.com/tutorial/response-model/
  response = await self.dispatch_func(request, call_next)
2026-10-06 16:57:24 [info     ] webhook_ingested               delivery_id=opendal-pr-8162 event_types=['pdlc.change.merged'] request_id=15c69a57-6269-4057-a79d-c82cfd93f42d source=github
2026-10-06 16:57:24 [info     ] webhook_ingested               delivery_id=opendal-pr-8163 event_types=['pdlc.change.merged'] request_id=f4bf585c-21f9-424e-b43c-1bfa55d514b9 source=github
2026-10-06 16:57:25 [info     ] webhook_ingested               delivery_id=opendal-pr-8119 event_types=['pdlc.change.merged'] request_id=12a735f4-2306-45e9-887c-12d16a6bed91 source=github
2026-10-06 16:57:25 [info     ] webhook_ingested               delivery_id=opendal-pr-8166 event_types=['pdlc.change.merged'] request_id=3f894ca8-4c4d-4088-9b03-7f308091574e source=github
2026-10-06 16:57:26 [info     ] webhook_ingested               delivery_id=opendal-pr-8169 event_types=['pdlc.change.merged'] request_id=42285f14-b1b5-4197-b380-26b89db1b3db source=github
2026-10-06 16:57:26 [info     ] webhook_ingested               delivery_id=opendal-pr-8171 event_types=['pdlc.change.merged'] request_id=e787aaaa-b117-4b8f-9bd8-1b583c7f3cd9 source=github
2026-10-06 16:57:27 [info     ] webhook_ingested               delivery_id=opendal-pr-8175 event_types=['pdlc.change.merged'] request_id=13919337-ffb4-4c7b-b8e7-4e99755cc3f5 source=github
2026-10-06 16:57:27 [info     ] webhook_ingested               delivery_id=opendal-pr-8172 event_types=['pdlc.change.merged'] request_id=75f81063-24c7-47f7-9270-c372165575a2 source=github
2026-10-06 16:57:28 [info     ] webhook_ingested               delivery_id=opendal-pr-8174 event_types=['pdlc.change.merged'] request_id=aff1988b-6b54-4054-9350-2f28e7bbd361 source=github
2026-10-06 16:57:28 [info     ] webhook_ingested               delivery_id=opendal-pr-8179 event_types=['pdlc.change.merged'] request_id=cd30aaf2-f284-4750-8766-5a748b8b3f79 source=github
2026-10-06 16:57:29 [info     ] webhook_ingested               delivery_id=opendal-pr-8180 event_types=['pdlc.change.merged'] request_id=ed6473fd-9592-4d7f-a78a-132279346955 source=github
2026-10-06 16:57:29 [info     ] webhook_ingested               delivery_id=opendal-pr-8153 event_types=['pdlc.change.merged'] request_id=de7a1087-11be-4ddf-85b8-433d654fe590 source=github
2026-10-06 16:57:30 [info     ] webhook_ingested               delivery_id=opendal-pr-8185 event_types=['pdlc.change.merged'] request_id=c522d49e-07e2-4feb-a1b7-daf754fb222f source=github
2026-10-06 16:57:30 [info     ] webhook_ingested               delivery_id=opendal-pr-8183 event_types=['pdlc.change.merged'] request_id=3cfe96d0-e8b6-4735-af96-ad865b9a5df5 source=github
2026-10-06 16:57:31 [info     ] webhook_ingested               delivery_id=opendal-pr-8184 event_types=['pdlc.change.merged'] request_id=568acfd0-b217-4f8d-8e53-d917c2055744 source=github
2026-10-06 16:57:31 [info     ] webhook_ingested               delivery_id=opendal-pr-8186 event_types=['pdlc.change.merged'] request_id=3ec6b054-d437-4096-84a9-e5a0ed6a5590 source=github
2026-10-06 16:57:32 [info     ] webhook_ingested               delivery_id=opendal-pr-8189 event_types=['pdlc.change.merged'] request_id=5968c257-1147-4ba0-b320-e3ddc32b532a source=github
2026-10-06 16:57:32 [info     ] webhook_ingested               delivery_id=opendal-pr-8190 event_types=['pdlc.change.merged'] request_id=c91943ba-6856-4890-bfb7-cc3e39b50179 source=github
2026-10-06 16:57:33 [info     ] webhook_ingested               delivery_id=opendal-pr-8188 event_types=['pdlc.change.merged'] request_id=3ce1c9dc-afd0-4ba5-89d3-ebbfe6c09b1d source=github
2026-10-06 16:57:33 [info     ] webhook_ingested               delivery_id=opendal-pr-8181 event_types=['pdlc.change.merged'] request_id=0bfed557-be9d-4bd6-bb9e-37b99c962113 source=github
2026-10-06 16:57:34 [info     ] webhook_ingested               delivery_id=opendal-pr-8194 event_types=['pdlc.change.merged'] request_id=f15089e2-0249-4901-9df3-884d09b27fa8 source=github
2026-10-06 16:57:34 [info     ] webhook_ingested               delivery_id=opendal-pr-8196 event_types=['pdlc.change.merged'] request_id=5eaa1d83-d2d3-44f6-8f34-a811aa109b85 source=github
2026-10-06 16:57:35 [info     ] webhook_ingested               delivery_id=opendal-pr-8191 event_types=['pdlc.change.merged'] request_id=50182cc2-7778-49c5-b424-17d588ca24c6 source=github
2026-10-06 16:57:35 [info     ] webhook_ingested               delivery_id=opendal-pr-8197 event_types=['pdlc.change.merged'] request_id=6bd642c0-fb6b-4697-acf6-ffeb205f3b85 source=github
2026-10-06 16:57:36 [info     ] webhook_ingested               delivery_id=opendal-pr-8199 event_types=['pdlc.change.merged'] request_id=dd88db7c-b902-4f20-8871-73b37016e55f source=github
2026-10-06 16:57:36 [info     ] webhook_ingested               delivery_id=opendal-pr-8202 event_types=['pdlc.change.merged'] request_id=c768111e-43ce-4f05-a510-44ea52b66e2d source=github
2026-10-06 16:57:37 [info     ] webhook_ingested               delivery_id=opendal-pr-8201 event_types=['pdlc.change.merged'] request_id=d137db6b-08c2-456c-967e-fe351181b3b5 source=github
2026-10-06 16:57:37 [info     ] webhook_ingested               delivery_id=opendal-pr-8203 event_types=['pdlc.change.merged'] request_id=dc1ab6be-6d26-497b-a26c-a5a5ce4e01f6 source=github
2026-10-06 16:57:38 [info     ] webhook_ingested               delivery_id=opendal-pr-8204 event_types=['pdlc.change.merged'] request_id=69c98f59-2878-4c2d-93d3-358c1b468a41 source=github
2026-10-06 16:57:38 [info     ] webhook_ingested               delivery_id=opendal-pr-8208 event_types=['pdlc.change.merged'] request_id=1ab040f0-47b9-489a-8755-74cf7c3b7e0b source=github
2026-10-06 16:57:39 [info     ] webhook_ingested               delivery_id=opendal-release-v0.59.0 event_types=['pdlc.release.published'] request_id=a7ff2cac-97c4-4b7f-9c59-f698ff2154b4 source=github
2026-10-06 16:57:39 [info     ] webhook_ingested               delivery_id=opendal-pr-8206 event_types=['pdlc.change.merged'] request_id=08ea355f-2e94-43be-b1e0-6e83b1d06c82 source=github
2026-10-06 16:57:40 [info     ] webhook_ingested               delivery_id=opendal-pr-8213 event_types=['pdlc.change.merged'] request_id=e8e15b29-3930-4f6b-9a39-f23825ea8e1b source=github
2026-10-06 16:57:40 [info     ] webhook_ingested               delivery_id=opendal-pr-8215 event_types=['pdlc.change.merged'] request_id=0c26d7ef-5672-4326-984c-d24a03a3a496 source=github
2026-10-06 16:57:41 [info     ] webhook_ingested               delivery_id=opendal-pr-8214 event_types=['pdlc.change.merged'] request_id=a3bdae6c-14a6-4824-9fe0-a787a58a1da5 source=github
2026-10-06 16:57:41 [info     ] webhook_ingested               delivery_id=opendal-pr-8216 event_types=['pdlc.change.merged'] request_id=55bc0d30-75f0-4fdf-a03a-783de6048b45 source=github
2026-10-06 16:57:42 [info     ] webhook_ingested               delivery_id=opendal-pr-8223 event_types=['pdlc.change.merged'] request_id=df506929-8cec-478b-acc1-cd06297ad3fc source=github
2026-10-06 16:57:42 [info     ] webhook_ingested               delivery_id=opendal-pr-8228 event_types=['pdlc.change.merged'] request_id=8e213e8a-0f75-4867-b8d6-4a3c99461036 source=github
2026-10-06 16:57:43 [info     ] webhook_ingested               delivery_id=opendal-release-v0.59.1 event_types=['pdlc.release.published'] request_id=af9878cb-7a8f-4437-8719-27f8cf69d19b source=github
2026-10-06 16:57:43 [info     ] webhook_ingested               delivery_id=opendal-pr-8217 event_types=['pdlc.change.merged'] request_id=87499182-cf04-4540-9c7f-11afe40a58f3 source=github
2026-10-06 16:57:44 [info     ] webhook_ingested               delivery_id=opendal-pr-8230 event_types=['pdlc.change.merged'] request_id=e09894d9-d306-4c95-bdd5-b24abb6ffa89 source=github
2026-10-06 16:57:44 [info     ] webhook_ingested               delivery_id=opendal-pr-8233 event_types=['pdlc.change.merged'] request_id=924beb9c-e016-48bf-a998-6f53410faf24 source=github
2026-10-06 16:57:45 [info     ] webhook_ingested               delivery_id=opendal-pr-8232 event_types=['pdlc.change.merged'] request_id=af2b4abc-646d-4ea8-88ec-17789c885946 source=github
2026-10-06 16:57:45 [info     ] webhook_ingested               delivery_id=opendal-pr-8234 event_types=['pdlc.change.merged'] request_id=c01d6f45-cdde-4e15-a052-afa7e91c509e source=github
2026-10-06 16:57:46 [info     ] webhook_ingested               delivery_id=opendal-pr-8235 event_types=['pdlc.change.merged'] request_id=5b8af2f6-3a2f-47c7-811c-2c73ad0e2f74 source=github
2026-10-06 16:57:46 [info     ] webhook_ingested               delivery_id=opendal-pr-8224 event_types=['pdlc.change.merged'] request_id=9ee39297-da48-4d17-acd2-925163f64b31 source=github
2026-10-06 16:57:47 [info     ] webhook_ingested               delivery_id=opendal-pr-8221 event_types=['pdlc.change.merged'] request_id=09690525-e3ca-4986-beef-d38111c4ef61 source=github
2026-10-06 16:57:47 [info     ] webhook_ingested               delivery_id=opendal-pr-8238 event_types=['pdlc.change.merged'] request_id=c44cf2ce-00f6-47b9-be39-2881b10d150b source=github
2026-10-06 16:57:48 [info     ] webhook_ingested               delivery_id=opendal-pr-8237 event_types=['pdlc.change.merged'] request_id=c37b8a52-87e1-4c36-b936-b0ffd2ec376b source=github
2026-10-06 16:57:48 [info     ] webhook_ingested               delivery_id=opendal-pr-8219 event_types=['pdlc.change.merged'] request_id=c968963d-1d40-4f84-92b8-f663509244f6 source=github
2026-10-06 16:57:49 [info     ] webhook_ingested               delivery_id=opendal-pr-8239 event_types=['pdlc.change.merged'] request_id=34f66f30-7c3c-4949-9c25-ead7d1a91170 source=github
2026-10-06 16:57:49 [info     ] webhook_ingested               delivery_id=opendal-pr-8240 event_types=['pdlc.change.merged'] request_id=27eac653-aff8-4476-8a70-fbf6e07ba88c source=github
2026-10-06 16:57:50 [info     ] webhook_ingested               delivery_id=opendal-pr-8118 event_types=['pdlc.change.merged'] request_id=4542360e-41b9-45b1-a4cd-8c88d6aca645 source=github
2026-10-06 16:57:50 [info     ] webhook_ingested               delivery_id=opendal-pr-8241 event_types=['pdlc.change.merged'] request_id=159d3091-d473-421d-b1b8-6151e4bd7514 source=github
2026-10-06 16:57:51 [info     ] webhook_ingested               delivery_id=opendal-pr-8210 event_types=['pdlc.change.merged'] request_id=488572a0-b67c-4801-bc19-f397d3a53b63 source=github
2026-10-06 16:57:51 [info     ] webhook_ingested               delivery_id=opendal-pr-8225 event_types=['pdlc.change.merged'] request_id=5e9989fb-76db-4203-bdae-58fd3dc23ab7 source=github
2026-10-06 16:57:52 [info     ] webhook_ingested               delivery_id=opendal-pr-8256 event_types=['pdlc.change.merged'] request_id=4475c95a-39eb-4c29-8f4d-a238145da092 source=github
2026-10-06 16:57:52 [info     ] webhook_ingested               delivery_id=opendal-pr-8257 event_types=['pdlc.change.merged'] request_id=28684f51-6e29-4b5a-83e3-bde65157858b source=github
2026-10-06 16:57:53 [info     ] webhook_ingested               delivery_id=opendal-pr-8261 event_types=['pdlc.change.merged'] request_id=f6a8b83f-f321-4399-b63d-3d0be4adcef8 source=github
2026-10-06 16:57:53 [info     ] webhook_ingested               delivery_id=opendal-pr-8265 event_types=['pdlc.change.merged'] request_id=bb7d820b-5064-41c1-9d1d-fd05c3b429ac source=github
2026-10-06 16:57:54 [info     ] webhook_ingested               delivery_id=opendal-pr-8264 event_types=['pdlc.change.merged'] request_id=c992f2eb-492f-4efb-87c2-971839636708 source=github
2026-10-06 16:57:54 [info     ] webhook_ingested               delivery_id=opendal-pr-8263 event_types=['pdlc.change.merged'] request_id=daef5f72-3179-49c8-bcc3-e75f7d93f5d3 source=github
2026-10-06 16:57:55 [info     ] webhook_ingested               delivery_id=opendal-pr-8267 event_types=['pdlc.change.merged'] request_id=4f09f7cf-83af-4e45-b9e6-726a4ba50397 source=github
2026-10-06 16:57:55 [info     ] webhook_ingested               delivery_id=opendal-pr-8268 event_types=['pdlc.change.merged'] request_id=22cdb62f-b405-4f3b-a847-d8f9023c3a9d source=github
2026-10-06 16:57:56 [info     ] webhook_ingested               delivery_id=opendal-pr-8271 event_types=['pdlc.change.merged'] request_id=b47d9eec-2d3e-484a-ba75-7125ae565837 source=github
2026-10-06 16:57:56 [info     ] webhook_ingested               delivery_id=opendal-pr-8243 event_types=['pdlc.change.merged'] request_id=0e1a466a-1480-4bd2-8a98-cc67ab5929cb source=github
2026-10-06 16:57:57 [info     ] webhook_ingested               delivery_id=opendal-pr-8005 event_types=['pdlc.change.merged'] request_id=4c9e3e66-58bf-4755-bdc4-7061d7f768dd source=github
2026-10-06 16:57:57 [info     ] webhook_ingested               delivery_id=opendal-pr-8212 event_types=['pdlc.change.merged'] request_id=0df70870-c549-4855-9176-9f382d59a453 source=github
2026-10-06 16:57:58 [info     ] webhook_ingested               delivery_id=opendal-pr-8272 event_types=['pdlc.change.merged'] request_id=cc862719-63ce-455d-9432-3ae8a90fc5d2 source=github
2026-10-06 16:57:58 [info     ] webhook_ingested               delivery_id=opendal-pr-8274 event_types=['pdlc.change.merged'] request_id=c4d27891-1dde-4331-b2f6-bc65743dfe68 source=github
2026-10-06 16:57:59 [info     ] webhook_ingested               delivery_id=opendal-pr-8275 event_types=['pdlc.change.merged'] request_id=3c59fb8d-0cfa-4457-991c-69f5fc74a6db source=github
2026-10-06 16:57:59 [info     ] webhook_ingested               delivery_id=opendal-pr-8276 event_types=['pdlc.change.merged'] request_id=c12e09b6-7dfe-4596-bf00-30520cec3572 source=github
2026-10-06 16:58:00 [info     ] webhook_ingested               delivery_id=opendal-pr-8279 event_types=['pdlc.change.merged'] request_id=11477e0c-9a58-4201-8f5a-394b5cd08e50 source=github
2026-10-06 16:58:00 [info     ] webhook_ingested               delivery_id=opendal-pr-8269 event_types=['pdlc.change.merged'] request_id=217f077b-24a1-43d4-b9fd-771190461677 source=github
2026-10-06 16:58:01 [info     ] webhook_ingested               delivery_id=opendal-pr-8280 event_types=['pdlc.change.merged'] request_id=283ce9cf-011f-4819-9408-63e9d8a40028 source=github
2026-10-06 16:58:01 [info     ] webhook_ingested               delivery_id=opendal-pr-8281 event_types=['pdlc.change.merged'] request_id=d36770a4-3789-4513-8834-8a018b50152b source=github
2026-10-06 16:58:02 [info     ] webhook_ingested               delivery_id=opendal-pr-8282 event_types=['pdlc.change.merged'] request_id=b5e5cf56-7d16-4337-b791-fda4b335d040 source=github
2026-10-06 16:58:02 [info     ] webhook_ingested               delivery_id=opendal-pr-8283 event_types=['pdlc.change.merged'] request_id=afedf72f-cdd3-4fd9-a6f2-e15683f9f4e2 source=github
2026-10-06 16:58:03 [info     ] webhook_ingested               delivery_id=opendal-pr-8285 event_types=['pdlc.change.merged'] request_id=113983c3-cc13-481d-903a-797cc2da2fb5 source=github
2026-10-06 16:58:03 [info     ] webhook_ingested               delivery_id=opendal-pr-8288 event_types=['pdlc.change.merged'] request_id=5746e930-1223-4537-8bbc-00ed2e569539 source=github
2026-10-06 16:58:04 [info     ] webhook_ingested               delivery_id=opendal-pr-8289 event_types=['pdlc.change.merged'] request_id=a895c2d7-a784-41e7-8fea-7d9dc7b2da5a source=github
2026-10-06 16:58:04 [info     ] webhook_ingested               delivery_id=opendal-pr-8293 event_types=['pdlc.change.merged'] request_id=ee36abb2-d0ce-43ee-841d-9b9a81892e94 source=github
2026-10-06 16:58:05 [info     ] webhook_ingested               delivery_id=opendal-pr-8297 event_types=['pdlc.change.merged'] request_id=ef48a836-155e-4fbd-b0fc-6c86e52414be source=github
2026-10-06 16:58:05 [info     ] webhook_ingested               delivery_id=opendal-pr-8299 event_types=['pdlc.change.merged'] request_id=63789c84-3b3c-4979-8a59-3fda5c5e1322 source=github
2026-10-06 16:58:06 [info     ] webhook_ingested               delivery_id=opendal-pr-8294 event_types=['pdlc.change.merged'] request_id=47f6edc8-b5d1-414f-937d-16d89c4bd888 source=github
2026-10-06 16:58:06 [info     ] webhook_ingested               delivery_id=opendal-pr-8295 event_types=['pdlc.change.merged'] request_id=f82fee0b-2e22-49f9-86a8-d99ec974dc7f source=github
2026-10-06 16:58:07 [info     ] webhook_ingested               delivery_id=opendal-pr-8298 event_types=['pdlc.change.merged'] request_id=a066ba7f-c55d-4414-9508-efd3b68b081e source=github
2026-10-06 16:58:07 [info     ] webhook_ingested               delivery_id=opendal-pr-8300 event_types=['pdlc.change.merged'] request_id=13602763-f448-4631-9919-335369cadefc source=github
2026-10-06 16:58:08 [info     ] webhook_ingested               delivery_id=opendal-pr-8301 event_types=['pdlc.change.merged'] request_id=54740710-ff91-4cae-a26b-eab52c234315 source=github
2026-10-06 16:58:08 [info     ] webhook_ingested               delivery_id=opendal-pr-8303 event_types=['pdlc.change.merged'] request_id=a85bb965-1bd6-483d-a850-86e880c4a380 source=github
2026-10-06 16:58:09 [info     ] webhook_ingested               delivery_id=opendal-pr-8304 event_types=['pdlc.change.merged'] request_id=5e9eaad1-a637-4505-9d6e-54939146574d source=github
2026-10-06 16:58:09 [info     ] webhook_ingested               delivery_id=opendal-pr-8305 event_types=['pdlc.change.merged'] request_id=9b94cb26-f53a-4f53-a8f0-661ff855f43c source=github
2026-10-06 16:58:10 [info     ] webhook_ingested               delivery_id=opendal-pr-8307 event_types=['pdlc.change.merged'] request_id=caca5ff3-5762-48bf-871c-c9dc235807f4 source=github
2026-10-06 16:58:10 [info     ] webhook_ingested               delivery_id=opendal-pr-8287 event_types=['pdlc.change.merged'] request_id=7158c846-84d9-4c76-9a86-8a6c37818bc4 source=github
2026-10-06 16:58:11 [info     ] webhook_ingested               delivery_id=opendal-pr-8308 event_types=['pdlc.change.merged'] request_id=527d1a8c-5b79-49ea-819a-20a9f8e23162 source=github
2026-10-06 16:58:11 [info     ] webhook_ingested               delivery_id=opendal-pr-8312 event_types=['pdlc.change.merged'] request_id=5669c257-a3ff-4988-8c57-a1424f4befec source=github
2026-10-06 16:58:12 [info     ] webhook_ingested               delivery_id=opendal-pr-8311 event_types=['pdlc.change.merged'] request_id=53c3dcaf-9b34-478e-9c96-6d247941620f source=github
2026-10-06 16:58:12 [info     ] webhook_ingested               delivery_id=opendal-pr-8322 event_types=['pdlc.change.merged'] request_id=15109518-cf39-4c84-a3bc-39fc91201d21 source=github
2026-10-06 16:58:13 [info     ] webhook_ingested               delivery_id=opendal-pr-8327 event_types=['pdlc.change.merged'] request_id=3d8ce239-f05f-4142-bc10-fb6f1ab337ed source=github
2026-10-06 16:58:13 [info     ] webhook_ingested               delivery_id=opendal-pr-8317 event_types=['pdlc.change.merged'] request_id=d6b10c7c-4f56-43c7-88e0-cc9d9e175aa2 source=github
2026-10-06 16:58:14 [info     ] webhook_ingested               delivery_id=opendal-pr-8316 event_types=['pdlc.change.merged'] request_id=28d2dee3-fffa-4703-9e44-9567ab5a1a63 source=github
2026-10-06 16:58:14 [info     ] webhook_ingested               delivery_id=opendal-pr-8314 event_types=['pdlc.change.merged'] request_id=38ad92d8-f2a3-4782-b6ee-c378d5694a01 source=github
2026-10-06 16:58:15 [info     ] webhook_ingested               delivery_id=opendal-pr-8328 event_types=['pdlc.change.merged'] request_id=7b72f4a8-1d9d-4870-8714-f272ad53a4a2 source=github
2026-10-06 16:58:15 [info     ] webhook_ingested               delivery_id=opendal-pr-8334 event_types=['pdlc.change.merged'] request_id=325f01db-b661-4e07-91d7-1a0545a32936 source=github
2026-10-06 16:58:16 [info     ] webhook_ingested               delivery_id=opendal-pr-8320 event_types=['pdlc.change.merged'] request_id=0b5a4730-6cdc-45ff-9c66-e558996e523a source=github
2026-10-06 16:58:16 [info     ] webhook_ingested               delivery_id=opendal-pr-8335 event_types=['pdlc.change.merged'] request_id=22e00fa9-df7e-417a-9905-578ffa71c4fe source=github
2026-10-06 16:58:17 [info     ] webhook_ingested               delivery_id=opendal-pr-8339 event_types=['pdlc.change.merged'] request_id=fce0dbbe-846d-494b-8781-40a2d7f8e3e2 source=github
2026-10-06 16:58:17 [info     ] webhook_ingested               delivery_id=opendal-pr-8337 event_types=['pdlc.change.merged'] request_id=59eb9551-1b8d-4610-ac5e-fd7a59264997 source=github
2026-10-06 16:58:18 [info     ] webhook_ingested               delivery_id=opendal-pr-8336 event_types=['pdlc.change.merged'] request_id=fd17437c-a2ef-455f-8003-56d796ce5bb7 source=github
2026-10-06 16:58:18 [info     ] webhook_ingested               delivery_id=opendal-pr-8332 event_types=['pdlc.change.merged'] request_id=8c6ea2b3-1d18-4c9d-9149-65c8edcb5f21 source=github
2026-10-06 16:58:19 [info     ] webhook_ingested               delivery_id=opendal-pr-8352 event_types=['pdlc.change.merged'] request_id=12bdc898-c6a5-428c-a8c9-6e622b7d828a source=github
2026-10-06 16:58:19 [info     ] webhook_ingested               delivery_id=opendal-pr-8368 event_types=['pdlc.change.merged'] request_id=49a8efa0-b0a5-4bc4-ac90-52450b55857e source=github
2026-10-06 16:58:20 [info     ] webhook_ingested               delivery_id=opendal-pr-8349 event_types=['pdlc.change.merged'] request_id=e6fff6d5-ddea-4820-aeb1-ec6a2c5696f3 source=github
2026-10-06 16:58:20 [info     ] webhook_ingested               delivery_id=opendal-pr-8372 event_types=['pdlc.change.merged'] request_id=696a0462-d69a-40b9-9558-a4f5b14ed3d4 source=github
2026-10-06 16:58:21 [info     ] webhook_ingested               delivery_id=opendal-pr-8371 event_types=['pdlc.change.merged'] request_id=baa008dd-4052-4aeb-90f6-0311ce1fe529 source=github
2026-10-06 16:58:21 [info     ] webhook_ingested               delivery_id=opendal-pr-8374 event_types=['pdlc.change.merged'] request_id=6f212db8-cb1a-4cbf-a653-3c52058fed4d source=github
2026-10-06 16:58:22 [info     ] webhook_ingested               delivery_id=opendal-pr-8367 event_types=['pdlc.change.merged'] request_id=639a587c-1b71-4d14-85b0-79180e618719 source=github
2026-10-06 16:58:22 [info     ] webhook_ingested               delivery_id=opendal-pr-8366 event_types=['pdlc.change.merged'] request_id=218ea958-1e3e-432f-9ada-5cd6c442f3ad source=github
2026-10-06 16:58:23 [info     ] webhook_ingested               delivery_id=opendal-pr-8364 event_types=['pdlc.change.merged'] request_id=6bf401cd-c448-45fb-b423-3f604569447c source=github
2026-10-06 16:58:23 [info     ] webhook_ingested               delivery_id=opendal-pr-8365 event_types=['pdlc.change.merged'] request_id=96a5314b-5826-4bf2-b3cb-6505aa7b6529 source=github
2026-10-06 16:58:24 [info     ] webhook_ingested               delivery_id=opendal-pr-8363 event_types=['pdlc.change.merged'] request_id=3ce53416-cb51-463d-87cc-e2098af3b53d source=github
2026-10-06 16:58:24 [info     ] webhook_ingested               delivery_id=opendal-pr-8362 event_types=['pdlc.change.merged'] request_id=16846d05-d19b-4011-a9b4-27a5d30e3971 source=github
2026-10-06 16:58:25 [info     ] webhook_ingested               delivery_id=opendal-pr-8356 event_types=['pdlc.change.merged'] request_id=657e1f02-6c85-4b35-8b6c-fe8b948093e7 source=github
2026-10-06 16:58:25 [info     ] webhook_ingested               delivery_id=opendal-pr-8355 event_types=['pdlc.change.merged'] request_id=37cb110c-07a3-4192-9233-f1de0d94ba97 source=github
2026-10-06 16:58:25 [info     ] consumer_started               consumer=opendal-projection group=graph-projection stream=Events
2026-10-06 16:58:26 [info     ] pending_drain_completed        group=graph-projection
2026-10-06 16:58:26 [debug    ] event_projected                edge_count=0 entry_id=2026-10-06T11:26:59.566047000Z/000000/f3cdc0bf-92fe-519c-9c76-2a96a0f2d0d6 event_id=f3cdc0bf-92fe-519c-9c76-2a96a0f2d0d6 session_id=pdlc:apache/opendal
2026-10-06 16:58:27 [debug    ] pack_plans_applied             edges=1 events=1 nodes=6 states=1
2026-10-06 16:58:27 [debug    ] event_projected                edge_count=1 entry_id=2026-10-06T11:26:59.769391000Z/000000/661b292f-a5be-5726-a273-45ecc870820c event_id=661b292f-a5be-5726-a273-45ecc870820c session_id=pdlc:apache/opendal
2026-10-06 16:58:28 [debug    ] pack_plans_applied             edges=1 events=1 nodes=6 states=1
2026-10-06 16:58:28 [debug    ] event_projected                edge_count=1 entry_id=2026-10-06T11:26:59.912847000Z/000000/4ad1ce2b-058a-5076-91cd-7fb8d3e0bb3c event_id=4ad1ce2b-058a-5076-91cd-7fb8d3e0bb3c session_id=pdlc:apache/opendal
2026-10-06 16:58:29 [debug    ] pack_plans_applied             edges=1 events=1 nodes=6 states=1
2026-10-06 16:58:30 [debug    ] event_projected                edge_count=1 entry_id=2026-10-06T11:27:00.056063000Z/000000/2e7e32e0-b51f-592c-afe8-89173b99d608 event_id=2e7e32e0-b51f-592c-afe8-89173b99d608 session_id=pdlc:apache/opendal
2026-10-06 16:58:30 [debug    ] pack_plans_applied             edges=1 events=1 nodes=6 states=1
2026-10-06 16:58:31 [debug    ] event_projected                edge_count=1 entry_id=2026-10-06T11:27:00.234335000Z/000000/1f2ca99f-182a-5418-b644-be3baa721d46 event_id=1f2ca99f-182a-5418-b644-be3baa721d46 session_id=pdlc:apache/opendal
2026-10-06 16:58:32 [debug    ] pack_plans_applied             edges=1 events=1 nodes=6 states=1
2026-10-06 16:58:32 [debug    ] event_projected                edge_count=1 entry_id=2026-10-06T11:27:00.381087000Z/000000/c7bb3764-0401-585a-a92f-406ac57d479f event_id=c7bb3764-0401-585a-a92f-406ac57d479f session_id=pdlc:apache/opendal
2026-10-06 16:58:33 [debug    ] pack_plans_applied             edges=1 events=1 nodes=6 states=1
2026-10-06 16:58:33 [debug    ] event_projected                edge_count=1 entry_id=2026-10-06T11:27:00.508575000Z/000000/c8aee534-5c40-5b1b-8d6b-c04d762b8c18 event_id=c8aee534-5c40-5b1b-8d6b-c04d762b8c18 session_id=pdlc:apache/opendal
2026-10-06 16:58:34 [debug    ] pack_plans_applied             edges=1 events=1 nodes=6 states=1
2026-10-06 16:58:34 [debug    ] event_projected                edge_count=1 entry_id=2026-10-06T11:27:00.647391000Z/000000/af3b5f09-0a21-56bc-84da-48326e17cfca event_id=af3b5f09-0a21-56bc-84da-48326e17cfca session_id=pdlc:apache/opendal
2026-10-06 16:58:35 [debug    ] pack_plans_applied             edges=1 events=1 nodes=6 states=1
2026-10-06 16:58:35 [debug    ] event_projected                edge_count=1 entry_id=2026-10-06T11:27:00.820879000Z/000000/2bacdf6c-7d92-5c66-ad25-3a2c42145d2b event_id=2bacdf6c-7d92-5c66-ad25-3a2c42145d2b session_id=pdlc:apache/opendal
2026-10-06 16:58:36 [debug    ] pack_plans_applied             edges=1 events=1 nodes=6 states=1
2026-10-06 16:58:37 [debug    ] event_projected                edge_count=1 entry_id=2026-10-06T11:27:00.981039000Z/000000/db3d1ee2-733b-567a-917e-69a08e9a6dd5 event_id=db3d1ee2-733b-567a-917e-69a08e9a6dd5 session_id=pdlc:apache/opendal
2026-10-06 16:58:38 [debug    ] pack_plans_applied             edges=1 events=1 nodes=6 states=1
2026-10-06 16:58:38 [debug    ] event_projected                edge_count=1 entry_id=2026-10-06T11:27:01.111311000Z/000000/1af8f733-1066-5344-8184-8f94effd084e event_id=1af8f733-1066-5344-8184-8f94effd084e session_id=pdlc:apache/opendal
2026-10-06 16:58:39 [debug    ] pack_plans_applied             edges=1 events=1 nodes=6 states=1
2026-10-06 16:58:39 [debug    ] event_projected                edge_count=1 entry_id=2026-10-06T11:27:01.295135000Z/000000/13a8bba5-9bc5-507c-acd1-26e42c99b0b7 event_id=13a8bba5-9bc5-507c-acd1-26e42c99b0b7 session_id=pdlc:apache/opendal
2026-10-06 16:58:40 [debug    ] pack_plans_applied             edges=1 events=1 nodes=6 states=1
2026-10-06 16:58:40 [debug    ] event_projected                edge_count=1 entry_id=2026-10-06T11:27:01.429711000Z/000000/9aa742ff-afc3-5750-a992-7ca379dcd24c event_id=9aa742ff-afc3-5750-a992-7ca379dcd24c session_id=pdlc:apache/opendal
2026-10-06 16:58:41 [debug    ] pack_plans_applied             edges=1 events=1 nodes=6 states=1
2026-10-06 16:58:42 [debug    ] event_projected                edge_count=1 entry_id=2026-10-06T11:27:01.559087000Z/000000/64f4619a-9113-531d-8a0b-020dcb55ab8b event_id=64f4619a-9113-531d-8a0b-020dcb55ab8b session_id=pdlc:apache/opendal
2026-10-06 16:58:42 [debug    ] pack_plans_applied             edges=1 events=1 nodes=6 states=1
2026-10-06 16:58:43 [debug    ] event_projected                edge_count=1 entry_id=2026-10-06T11:27:01.682447000Z/000000/965ee225-b1ca-5588-ab7c-f56211b22d8c event_id=965ee225-b1ca-5588-ab7c-f56211b22d8c session_id=pdlc:apache/opendal
2026-10-06 16:58:44 [debug    ] pack_plans_applied             edges=1 events=1 nodes=6 states=1
2026-10-06 16:58:44 [debug    ] event_projected                edge_count=1 entry_id=2026-10-06T11:27:01.861983000Z/000000/5413fc76-5f0e-5cdd-aed5-1db481b406ed event_id=5413fc76-5f0e-5cdd-aed5-1db481b406ed session_id=pdlc:apache/opendal
2026-10-06 16:58:45 [debug    ] pack_plans_applied             edges=1 events=1 nodes=6 states=1
2026-10-06 16:58:45 [debug    ] event_projected                edge_count=1 entry_id=2026-10-06T11:27:01.981167000Z/000000/16350aad-9179-570a-97c1-f87d29d40617 event_id=16350aad-9179-570a-97c1-f87d29d40617 session_id=pdlc:apache/opendal
2026-10-06 16:58:46 [debug    ] pack_plans_applied             edges=1 events=1 nodes=6 states=1
2026-10-06 16:58:46 [debug    ] event_projected                edge_count=1 entry_id=2026-10-06T11:27:02.101823000Z/000000/e724c433-7308-5828-98a7-7880bee04eb5 event_id=e724c433-7308-5828-98a7-7880bee04eb5 session_id=pdlc:apache/opendal
2026-10-06 16:58:47 [debug    ] pack_plans_applied             edges=1 events=1 nodes=6 states=1
2026-10-06 16:58:48 [debug    ] event_projected                edge_count=1 entry_id=2026-10-06T11:27:02.220511000Z/000000/6b7bf20c-fe5d-589f-ba21-386500906c61 event_id=6b7bf20c-fe5d-589f-ba21-386500906c61 session_id=pdlc:apache/opendal
2026-10-06 16:58:49 [debug    ] pack_plans_applied             edges=1 events=1 nodes=6 states=1
2026-10-06 16:58:49 [debug    ] event_projected                edge_count=1 entry_id=2026-10-06T11:27:02.386831000Z/000000/dc59dfbd-c79e-5734-82f8-0cab979d26d0 event_id=dc59dfbd-c79e-5734-82f8-0cab979d26d0 session_id=pdlc:apache/opendal
2026-10-06 16:58:50 [debug    ] pack_plans_applied             edges=1 events=1 nodes=6 states=1
2026-10-06 16:58:50 [debug    ] event_projected                edge_count=1 entry_id=2026-10-06T11:27:02.510303000Z/000000/6ee1948f-f605-5c39-8474-adb53178c6f3 event_id=6ee1948f-f605-5c39-8474-adb53178c6f3 session_id=pdlc:apache/opendal
2026-10-06 16:58:51 [debug    ] pack_plans_applied             edges=1 events=1 nodes=6 states=1
2026-10-06 16:58:52 [debug    ] event_projected                edge_count=1 entry_id=2026-10-06T11:27:02.626959000Z/000000/f89023fc-96b5-52d7-9720-933d587b9555 event_id=f89023fc-96b5-52d7-9720-933d587b9555 session_id=pdlc:apache/opendal
2026-10-06 16:58:53 [debug    ] pack_plans_applied             edges=1 events=1 nodes=6 states=1
2026-10-06 16:58:53 [debug    ] event_projected                edge_count=1 entry_id=2026-10-06T11:27:02.746431000Z/000000/700924d4-3cbe-5871-8d04-8a7175bf9e61 event_id=700924d4-3cbe-5871-8d04-8a7175bf9e61 session_id=pdlc:apache/opendal
2026-10-06 16:58:54 [debug    ] pack_plans_applied             edges=1 events=1 nodes=6 states=1
2026-10-06 16:58:54 [debug    ] event_projected                edge_count=1 entry_id=2026-10-06T11:27:02.910207000Z/000000/06295581-21b0-5d51-bbee-dd34d6bc8bfe event_id=06295581-21b0-5d51-bbee-dd34d6bc8bfe session_id=pdlc:apache/opendal
2026-10-06 16:58:55 [debug    ] pack_plans_applied             edges=1 events=1 nodes=6 states=1
2026-10-06 16:58:55 [debug    ] event_projected                edge_count=1 entry_id=2026-10-06T11:27:03.023983000Z/000000/7bb00e10-fb04-5b5f-adc1-e10119f04704 event_id=7bb00e10-fb04-5b5f-adc1-e10119f04704 session_id=pdlc:apache/opendal
2026-10-06 16:58:56 [debug    ] pack_plans_applied             edges=1 events=1 nodes=6 states=1
2026-10-06 16:58:57 [debug    ] event_projected                edge_count=1 entry_id=2026-10-06T11:27:03.140415000Z/000000/adfcd3a6-87ab-5960-b2bb-d6a42fc37961 event_id=adfcd3a6-87ab-5960-b2bb-d6a42fc37961 session_id=pdlc:apache/opendal
2026-10-06 16:58:58 [debug    ] pack_plans_applied             edges=1 events=1 nodes=6 states=1
2026-10-06 16:58:58 [debug    ] event_projected                edge_count=1 entry_id=2026-10-06T11:27:03.259423000Z/000000/c61896e6-b9b0-5a6e-ae66-25e4af927ec0 event_id=c61896e6-b9b0-5a6e-ae66-25e4af927ec0 session_id=pdlc:apache/opendal
2026-10-06 16:58:59 [debug    ] pack_plans_applied             edges=1 events=1 nodes=6 states=1
2026-10-06 16:58:59 [debug    ] event_projected                edge_count=1 entry_id=2026-10-06T11:27:03.435503000Z/000000/65bfd7c1-c489-54aa-87db-d8418836c668 event_id=65bfd7c1-c489-54aa-87db-d8418836c668 session_id=pdlc:apache/opendal
2026-10-06 16:59:00 [debug    ] pack_plans_applied             edges=1 events=1 nodes=6 states=1
2026-10-06 16:59:00 [debug    ] event_projected                edge_count=1 entry_id=2026-10-06T11:27:03.553807000Z/000000/7166632f-f547-5f49-81de-b3502759890a event_id=7166632f-f547-5f49-81de-b3502759890a session_id=pdlc:apache/opendal
2026-10-06 16:59:01 [debug    ] pack_plans_applied             edges=1 events=1 nodes=6 states=1
2026-10-06 16:59:01 [debug    ] event_projected                edge_count=1 entry_id=2026-10-06T11:27:03.670143000Z/000000/ed78fd61-c594-5042-ad40-3704b50706be event_id=ed78fd61-c594-5042-ad40-3704b50706be session_id=pdlc:apache/opendal
2026-10-06 16:59:02 [debug    ] pack_plans_applied             edges=1 events=1 nodes=6 states=1
2026-10-06 16:59:03 [debug    ] event_projected                edge_count=1 entry_id=2026-10-06T11:27:03.784063000Z/000000/d3453a79-f802-57c0-80d5-16e0c896bcf1 event_id=d3453a79-f802-57c0-80d5-16e0c896bcf1 session_id=pdlc:apache/opendal
2026-10-06 16:59:04 [debug    ] pack_plans_applied             edges=1 events=1 nodes=6 states=1
2026-10-06 16:59:04 [debug    ] event_projected                edge_count=1 entry_id=2026-10-06T11:27:03.961231000Z/000000/b9348f67-cfae-5046-9fec-c86b68a8994e event_id=b9348f67-cfae-5046-9fec-c86b68a8994e session_id=pdlc:apache/opendal
2026-10-06 16:59:05 [debug    ] pack_plans_applied             edges=1 events=1 nodes=6 states=1
2026-10-06 16:59:05 [debug    ] event_projected                edge_count=1 entry_id=2026-10-06T11:27:04.081183000Z/000000/7afceea2-1f11-5268-babe-1ec1127bffcc event_id=7afceea2-1f11-5268-babe-1ec1127bffcc session_id=pdlc:apache/opendal
2026-10-06 16:59:06 [debug    ] pack_plans_applied             edges=1 events=1 nodes=6 states=1
2026-10-06 16:59:06 [debug    ] event_projected                edge_count=1 entry_id=2026-10-06T11:27:04.212191000Z/000000/5c504a24-d0ac-5e21-b67f-12413744afbc event_id=5c504a24-d0ac-5e21-b67f-12413744afbc session_id=pdlc:apache/opendal
2026-10-06 16:59:07 [debug    ] pack_plans_applied             edges=1 events=1 nodes=6 states=1
2026-10-06 16:59:08 [debug    ] event_projected                edge_count=1 entry_id=2026-10-06T11:27:04.429231000Z/000000/1cb88c72-71c0-51c8-bf05-0e0759aaccc0 event_id=1cb88c72-71c0-51c8-bf05-0e0759aaccc0 session_id=pdlc:apache/opendal
2026-10-06 16:59:09 [debug    ] pack_plans_applied             edges=1 events=1 nodes=6 states=1
2026-10-06 16:59:09 [debug    ] event_projected                edge_count=1 entry_id=2026-10-06T11:27:04.555631000Z/000000/50f012d6-23c3-5da6-a260-e66aefd4ab26 event_id=50f012d6-23c3-5da6-a260-e66aefd4ab26 session_id=pdlc:apache/opendal
2026-10-06 16:59:10 [debug    ] pack_plans_applied             edges=1 events=1 nodes=6 states=1
2026-10-06 16:59:10 [debug    ] event_projected                edge_count=1 entry_id=2026-10-06T11:27:04.672719000Z/000000/1752a387-a519-512e-b7a6-cdbe49686f50 event_id=1752a387-a519-512e-b7a6-cdbe49686f50 session_id=pdlc:apache/opendal
2026-10-06 16:59:11 [debug    ] pack_plans_applied             edges=1 events=1 nodes=6 states=1
2026-10-06 16:59:11 [debug    ] event_projected                edge_count=1 entry_id=2026-10-06T11:27:04.799519000Z/000000/c5365d40-6c5a-52e8-91f1-f09a670ba515 event_id=c5365d40-6c5a-52e8-91f1-f09a670ba515 session_id=pdlc:apache/opendal
2026-10-06 16:59:13 [debug    ] pack_plans_applied             edges=1 events=1 nodes=6 states=1
2026-10-06 16:59:13 [debug    ] event_projected                edge_count=1 entry_id=2026-10-06T11:27:05.010575000Z/000000/8ddf090c-2eb6-5243-8c30-b34ce88b7bdf event_id=8ddf090c-2eb6-5243-8c30-b34ce88b7bdf session_id=pdlc:apache/opendal
2026-10-06 16:59:14 [debug    ] pack_plans_applied             edges=1 events=1 nodes=6 states=1
2026-10-06 16:59:14 [debug    ] event_projected                edge_count=1 entry_id=2026-10-06T11:27:05.129711000Z/000000/5c7fe4e1-78dd-5323-ba97-b3d975a85156 event_id=5c7fe4e1-78dd-5323-ba97-b3d975a85156 session_id=pdlc:apache/opendal
2026-10-06 16:59:15 [debug    ] pack_plans_applied             edges=1 events=1 nodes=6 states=1
2026-10-06 16:59:15 [debug    ] event_projected                edge_count=1 entry_id=2026-10-06T11:27:05.251551000Z/000000/49eeba6c-17a6-5603-a147-fd9952805836 event_id=49eeba6c-17a6-5603-a147-fd9952805836 session_id=pdlc:apache/opendal
2026-10-06 16:59:16 [debug    ] pack_plans_applied             edges=1 events=1 nodes=6 states=1
2026-10-06 16:59:17 [debug    ] event_projected                edge_count=1 entry_id=2026-10-06T11:27:05.368655000Z/000000/35c63d99-3684-5752-9fe3-bfb5e87a2b54 event_id=35c63d99-3684-5752-9fe3-bfb5e87a2b54 session_id=pdlc:apache/opendal
2026-10-06 16:59:18 [debug    ] pack_plans_applied             edges=2 events=1 nodes=7 states=1
2026-10-06 16:59:18 [debug    ] event_projected                edge_count=1 entry_id=2026-10-06T11:27:05.532159000Z/000000/47473d78-3007-5bc9-b7a5-f326337741ab event_id=47473d78-3007-5bc9-b7a5-f326337741ab session_id=pdlc:apache/opendal
2026-10-06 16:59:19 [debug    ] pack_plans_applied             edges=1 events=1 nodes=6 states=1
2026-10-06 16:59:19 [debug    ] event_projected                edge_count=1 entry_id=2026-10-06T11:27:05.674255000Z/000000/60ead642-8f6f-5905-8ae7-280af09e72c9 event_id=60ead642-8f6f-5905-8ae7-280af09e72c9 session_id=pdlc:apache/opendal
2026-10-06 16:59:20 [debug    ] pack_plans_applied             edges=1 events=1 nodes=6 states=1
2026-10-06 16:59:20 [debug    ] event_projected                edge_count=1 entry_id=2026-10-06T11:27:05.814335000Z/000000/af8037d6-62d6-5b98-a4de-4777b566f3d2 event_id=af8037d6-62d6-5b98-a4de-4777b566f3d2 session_id=pdlc:apache/opendal
2026-10-06 16:59:21 [debug    ] pack_plans_applied             edges=1 events=1 nodes=6 states=1
2026-10-06 16:59:21 [debug    ] event_projected                edge_count=1 entry_id=2026-10-06T11:27:05.998799000Z/000000/de3e15cc-ff05-5253-aca3-3da84f5bd1fa event_id=de3e15cc-ff05-5253-aca3-3da84f5bd1fa session_id=pdlc:apache/opendal
2026-10-06 16:59:22 [debug    ] pack_plans_applied             edges=1 events=1 nodes=6 states=1
2026-10-06 16:59:23 [debug    ] event_projected                edge_count=1 entry_id=2026-10-06T11:27:06.121743000Z/000000/4f3bbc33-2772-5fa4-9ae5-3e8228e6e886 event_id=4f3bbc33-2772-5fa4-9ae5-3e8228e6e886 session_id=pdlc:apache/opendal
2026-10-06 16:59:24 [debug    ] pack_plans_applied             edges=1 events=1 nodes=6 states=1
2026-10-06 16:59:24 [debug    ] event_projected                edge_count=1 entry_id=2026-10-06T11:27:06.241119000Z/000000/b6332714-e425-5db9-8161-460273dcaac9 event_id=b6332714-e425-5db9-8161-460273dcaac9 session_id=pdlc:apache/opendal
2026-10-06 16:59:25 [debug    ] pack_plans_applied             edges=1 events=1 nodes=6 states=1
2026-10-06 16:59:25 [debug    ] event_projected                edge_count=1 entry_id=2026-10-06T11:27:06.362143000Z/000000/31ce333a-664d-542c-a49a-b6b53de99a2f event_id=31ce333a-664d-542c-a49a-b6b53de99a2f session_id=pdlc:apache/opendal
2026-10-06 16:59:26 [debug    ] pack_plans_applied             edges=1 events=1 nodes=6 states=1
2026-10-06 16:59:26 [debug    ] event_projected                edge_count=1 entry_id=2026-10-06T11:27:06.521839000Z/000000/934cdbce-7896-532e-8af6-8c76fbf60df8 event_id=934cdbce-7896-532e-8af6-8c76fbf60df8 session_id=pdlc:apache/opendal
2026-10-06 16:59:27 [debug    ] pack_plans_applied             edges=1 events=1 nodes=6 states=1
2026-10-06 16:59:28 [debug    ] event_projected                edge_count=1 entry_id=2026-10-06T11:27:06.650671000Z/000000/49a05687-5d87-5b19-af03-d6e8fcc62074 event_id=49a05687-5d87-5b19-af03-d6e8fcc62074 session_id=pdlc:apache/opendal
2026-10-06 16:59:29 [debug    ] pack_plans_applied             edges=1 events=1 nodes=6 states=1
2026-10-06 16:59:29 [debug    ] event_projected                edge_count=1 entry_id=2026-10-06T11:27:06.774287000Z/000000/7e9e97f9-96f3-5eb3-8b2d-b2a0d0bad846 event_id=7e9e97f9-96f3-5eb3-8b2d-b2a0d0bad846 session_id=pdlc:apache/opendal
2026-10-06 16:59:30 [debug    ] pack_plans_applied             edges=1 events=1 nodes=6 states=1
2026-10-06 16:59:30 [debug    ] event_projected                edge_count=1 entry_id=2026-10-06T11:27:06.898399000Z/000000/68578c45-7fb5-5b5e-893c-1e67430a5923 event_id=68578c45-7fb5-5b5e-893c-1e67430a5923 session_id=pdlc:apache/opendal
2026-10-06 16:59:31 [debug    ] pack_plans_applied             edges=1 events=1 nodes=6 states=1
2026-10-06 16:59:31 [debug    ] event_projected                edge_count=1 entry_id=2026-10-06T11:27:07.117295000Z/000000/082ebc61-eed6-55f1-9098-264391636632 event_id=082ebc61-eed6-55f1-9098-264391636632 session_id=pdlc:apache/opendal
2026-10-06 16:59:32 [debug    ] pack_plans_applied             edges=1 events=1 nodes=6 states=1
2026-10-06 16:59:32 [debug    ] event_projected                edge_count=1 entry_id=2026-10-06T11:27:07.240143000Z/000000/ca28a7f5-2db0-5c4c-8c10-009ebfa9e272 event_id=ca28a7f5-2db0-5c4c-8c10-009ebfa9e272 session_id=pdlc:apache/opendal
2026-10-06 16:59:33 [debug    ] pack_plans_applied             edges=1 events=1 nodes=6 states=1
2026-10-06 16:59:34 [debug    ] event_projected                edge_count=1 entry_id=2026-10-06T11:27:07.361775000Z/000000/02033790-2aef-5260-8d49-57b902c6802e event_id=02033790-2aef-5260-8d49-57b902c6802e session_id=pdlc:apache/opendal
2026-10-06 16:59:35 [debug    ] pack_plans_applied             edges=1 events=1 nodes=6 states=1
2026-10-06 16:59:35 [debug    ] event_projected                edge_count=1 entry_id=2026-10-06T11:27:07.572159000Z/000000/e6d1872f-496e-5288-bfc3-085fddc0bbb0 event_id=e6d1872f-496e-5288-bfc3-085fddc0bbb0 session_id=pdlc:apache/opendal
2026-10-06 16:59:36 [debug    ] pack_plans_applied             edges=1 events=1 nodes=6 states=1
2026-10-06 16:59:36 [debug    ] event_projected                edge_count=1 entry_id=2026-10-06T11:27:07.689599000Z/000000/fa0dbe9b-2bad-5a6c-92ca-ff107cdf57f1 event_id=fa0dbe9b-2bad-5a6c-92ca-ff107cdf57f1 session_id=pdlc:apache/opendal
2026-10-06 16:59:37 [debug    ] pack_plans_applied             edges=1 events=1 nodes=6 states=1
2026-10-06 16:59:37 [debug    ] event_projected                edge_count=1 entry_id=2026-10-06T11:27:07.841743000Z/000000/04324c4b-701a-535b-8f8b-3e6248ac75e2 event_id=04324c4b-701a-535b-8f8b-3e6248ac75e2 session_id=pdlc:apache/opendal
2026-10-06 16:59:38 [debug    ] pack_plans_applied             edges=1 events=1 nodes=6 states=1
2026-10-06 16:59:38 [debug    ] event_projected                edge_count=1 entry_id=2026-10-06T11:27:07.965167000Z/000000/805a49cf-276c-5618-b8f5-5c1da826e938 event_id=805a49cf-276c-5618-b8f5-5c1da826e938 session_id=pdlc:apache/opendal
2026-10-06 16:59:39 [debug    ] pack_plans_applied             edges=1 events=1 nodes=6 states=1
2026-10-06 16:59:39 [debug    ] event_projected                edge_count=1 entry_id=2026-10-06T11:27:08.151007000Z/000000/61d4dde4-3aae-5cd5-9234-bad3ad8b34f0 event_id=61d4dde4-3aae-5cd5-9234-bad3ad8b34f0 session_id=pdlc:apache/opendal
2026-10-06 16:59:40 [debug    ] pack_plans_applied             edges=1 events=1 nodes=6 states=1
2026-10-06 16:59:41 [debug    ] event_projected                edge_count=1 entry_id=2026-10-06T11:27:08.278751000Z/000000/534d1563-e9ea-5c76-9935-57fd8d3b921d event_id=534d1563-e9ea-5c76-9935-57fd8d3b921d session_id=pdlc:apache/opendal
2026-10-06 16:59:42 [debug    ] pack_plans_applied             edges=1 events=1 nodes=6 states=1
2026-10-06 16:59:42 [debug    ] event_projected                edge_count=1 entry_id=2026-10-06T11:27:08.414783000Z/000000/4538f49d-8515-5a9b-ba0c-16a0224cf29d event_id=4538f49d-8515-5a9b-ba0c-16a0224cf29d session_id=pdlc:apache/opendal
2026-10-06 16:59:43 [debug    ] pack_plans_applied             edges=1 events=1 nodes=6 states=1
2026-10-06 16:59:43 [debug    ] event_projected                edge_count=1 entry_id=2026-10-06T11:27:08.619071000Z/000000/1752fee3-05e4-57b5-a928-7181102c35d7 event_id=1752fee3-05e4-57b5-a928-7181102c35d7 session_id=pdlc:apache/opendal
2026-10-06 16:59:44 [debug    ] pack_plans_applied             edges=1 events=1 nodes=6 states=1
2026-10-06 16:59:44 [debug    ] event_projected                edge_count=1 entry_id=2026-10-06T11:27:08.758719000Z/000000/92fffbc5-d809-5979-bbb4-db03ca57963f event_id=92fffbc5-d809-5979-bbb4-db03ca57963f session_id=pdlc:apache/opendal
2026-10-06 16:59:45 [debug    ] pack_plans_applied             edges=58 events=1 nodes=59 states=0
2026-10-06 16:59:45 [debug    ] event_projected                edge_count=1 entry_id=2026-10-06T11:27:08.880703000Z/000000/1b4c3c20-99a0-5488-9d13-8d1eb6cf8492 event_id=1b4c3c20-99a0-5488-9d13-8d1eb6cf8492 session_id=pdlc:apache/opendal
2026-10-06 16:59:46 [debug    ] pack_plans_applied             edges=1 events=1 nodes=6 states=1
2026-10-06 16:59:47 [debug    ] event_projected                edge_count=1 entry_id=2026-10-06T11:27:08.997711000Z/000000/9d0d394f-938d-5858-a357-c3c74ca6d3ea event_id=9d0d394f-938d-5858-a357-c3c74ca6d3ea session_id=pdlc:apache/opendal
2026-10-06 16:59:48 [debug    ] pack_plans_applied             edges=1 events=1 nodes=6 states=1
2026-10-06 16:59:48 [debug    ] event_projected                edge_count=1 entry_id=2026-10-06T11:27:09.207807000Z/000000/15bc2d7c-befb-5ee2-8150-9a71a16f583f event_id=15bc2d7c-befb-5ee2-8150-9a71a16f583f session_id=pdlc:apache/opendal
2026-10-06 16:59:49 [debug    ] pack_plans_applied             edges=1 events=1 nodes=6 states=1
2026-10-06 16:59:49 [debug    ] event_projected                edge_count=1 entry_id=2026-10-06T11:27:09.325935000Z/000000/e00d366c-a686-5076-a12e-e9a629a1719a event_id=e00d366c-a686-5076-a12e-e9a629a1719a session_id=pdlc:apache/opendal
2026-10-06 16:59:50 [debug    ] pack_plans_applied             edges=1 events=1 nodes=6 states=1
2026-10-06 16:59:50 [debug    ] event_projected                edge_count=1 entry_id=2026-10-06T11:27:09.454671000Z/000000/bf4537a1-6fc8-558a-a22e-d68969073a15 event_id=bf4537a1-6fc8-558a-a22e-d68969073a15 session_id=pdlc:apache/opendal
2026-10-06 16:59:51 [debug    ] pack_plans_applied             edges=1 events=1 nodes=6 states=1
2026-10-06 16:59:51 [debug    ] event_projected                edge_count=1 entry_id=2026-10-06T11:27:09.664207000Z/000000/a14cb680-174e-5982-a88f-c445462f4063 event_id=a14cb680-174e-5982-a88f-c445462f4063 session_id=pdlc:apache/opendal
2026-10-06 16:59:52 [debug    ] pack_plans_applied             edges=1 events=1 nodes=6 states=1
2026-10-06 16:59:52 [debug    ] event_projected                edge_count=1 entry_id=2026-10-06T11:27:09.791855000Z/000000/15c9e962-08b3-5aad-a062-ce59937c75b2 event_id=15c9e962-08b3-5aad-a062-ce59937c75b2 session_id=pdlc:apache/opendal
2026-10-06 16:59:53 [debug    ] pack_plans_applied             edges=1 events=1 nodes=6 states=1
2026-10-06 16:59:54 [debug    ] event_projected                edge_count=1 entry_id=2026-10-06T11:27:09.916559000Z/000000/f3bb2f39-c4ef-5ec5-b0f4-775bbc59616e event_id=f3bb2f39-c4ef-5ec5-b0f4-775bbc59616e session_id=pdlc:apache/opendal
2026-10-06 16:59:55 [debug    ] pack_plans_applied             edges=1 events=1 nodes=6 states=1
2026-10-06 16:59:55 [debug    ] event_projected                edge_count=1 entry_id=2026-10-06T11:27:10.067519000Z/000000/1d058bc3-648f-5474-885a-fc01a5cdb055 event_id=1d058bc3-648f-5474-885a-fc01a5cdb055 session_id=pdlc:apache/opendal
2026-10-06 16:59:56 [debug    ] pack_plans_applied             edges=1 events=1 nodes=6 states=1
2026-10-06 16:59:56 [debug    ] event_projected                edge_count=1 entry_id=2026-10-06T11:27:10.249359000Z/000000/f2cd1143-0505-5352-9aba-a25eda84a188 event_id=f2cd1143-0505-5352-9aba-a25eda84a188 session_id=pdlc:apache/opendal
2026-10-06 16:59:57 [debug    ] pack_plans_applied             edges=1 events=1 nodes=6 states=1
2026-10-06 16:59:57 [debug    ] event_projected                edge_count=1 entry_id=2026-10-06T11:27:10.376799000Z/000000/4f9f9b2d-9d7f-5b73-8bb2-eab59adb66e1 event_id=4f9f9b2d-9d7f-5b73-8bb2-eab59adb66e1 session_id=pdlc:apache/opendal
2026-10-06 16:59:58 [debug    ] pack_plans_applied             edges=1 events=1 nodes=6 states=1
2026-10-06 16:59:59 [debug    ] event_projected                edge_count=1 entry_id=2026-10-06T11:27:10.503119000Z/000000/62047984-28ed-585a-9efd-17c6e8d9c80e event_id=62047984-28ed-585a-9efd-17c6e8d9c80e session_id=pdlc:apache/opendal
2026-10-06 17:00:00 [debug    ] pack_plans_applied             edges=1 events=1 nodes=6 states=1
2026-10-06 17:00:00 [debug    ] event_projected                edge_count=1 entry_id=2026-10-06T11:27:10.716975000Z/000000/24f54623-a124-5034-bcd9-cf10bce4fc2b event_id=24f54623-a124-5034-bcd9-cf10bce4fc2b session_id=pdlc:apache/opendal
2026-10-06 17:00:01 [debug    ] pack_plans_applied             edges=1 events=1 nodes=6 states=1
2026-10-06 17:00:01 [debug    ] event_projected                edge_count=1 entry_id=2026-10-06T11:27:10.862591000Z/000000/46dc92d4-9c8f-5648-aec6-a480220dec8c event_id=46dc92d4-9c8f-5648-aec6-a480220dec8c session_id=pdlc:apache/opendal
2026-10-06 17:00:02 [debug    ] pack_plans_applied             edges=1 events=1 nodes=6 states=1
2026-10-06 17:00:02 [debug    ] event_projected                edge_count=1 entry_id=2026-10-06T11:27:10.984335000Z/000000/cbaee49f-54d1-5dd1-bbe3-02bfe833d853 event_id=cbaee49f-54d1-5dd1-bbe3-02bfe833d853 session_id=pdlc:apache/opendal
2026-10-06 17:00:04 [debug    ] pack_plans_applied             edges=1 events=1 nodes=6 states=1
2026-10-06 17:00:04 [debug    ] event_projected                edge_count=1 entry_id=2026-10-06T11:27:11.104319000Z/000000/bb9ef8ec-6540-50aa-8e06-c105feb73541 event_id=bb9ef8ec-6540-50aa-8e06-c105feb73541 session_id=pdlc:apache/opendal
2026-10-06 17:00:05 [debug    ] pack_plans_applied             edges=1 events=1 nodes=6 states=1
2026-10-06 17:00:05 [debug    ] event_projected                edge_count=1 entry_id=2026-10-06T11:27:11.305039000Z/000000/42c25493-8807-558a-81dc-ebf16cd61f94 event_id=42c25493-8807-558a-81dc-ebf16cd61f94 session_id=pdlc:apache/opendal
2026-10-06 17:00:06 [debug    ] pack_plans_applied             edges=1 events=1 nodes=6 states=1
2026-10-06 17:00:06 [debug    ] event_projected                edge_count=1 entry_id=2026-10-06T11:27:11.428079000Z/000000/e9e2c344-df15-5225-afa8-486c174aa92b event_id=e9e2c344-df15-5225-afa8-486c174aa92b session_id=pdlc:apache/opendal
2026-10-06 17:00:07 [debug    ] pack_plans_applied             edges=1 events=1 nodes=6 states=1
2026-10-06 17:00:08 [debug    ] event_projected                edge_count=1 entry_id=2026-10-06T11:27:11.546671000Z/000000/0ba4b570-64ed-5d08-b760-103d8750d3aa event_id=0ba4b570-64ed-5d08-b760-103d8750d3aa session_id=pdlc:apache/opendal
2026-10-06 17:00:09 [debug    ] pack_plans_applied             edges=1 events=1 nodes=6 states=1
2026-10-06 17:00:09 [debug    ] event_projected                edge_count=1 entry_id=2026-10-06T11:27:11.667567000Z/000000/857d7c24-2594-5638-a1b2-885e0956eced event_id=857d7c24-2594-5638-a1b2-885e0956eced session_id=pdlc:apache/opendal
2026-10-06 17:00:10 [debug    ] pack_plans_applied             edges=1 events=1 nodes=6 states=1
2026-10-06 17:00:10 [debug    ] event_projected                edge_count=1 entry_id=2026-10-06T11:27:11.830783000Z/000000/a5724b15-11bd-5aca-b6a8-99fe14390d75 event_id=a5724b15-11bd-5aca-b6a8-99fe14390d75 session_id=pdlc:apache/opendal
2026-10-06 17:00:11 [debug    ] pack_plans_applied             edges=1 events=1 nodes=6 states=1
2026-10-06 17:00:11 [debug    ] event_projected                edge_count=1 entry_id=2026-10-06T11:27:11.966511000Z/000000/24dad589-46a0-5d8b-a6e5-db386817c6c4 event_id=24dad589-46a0-5d8b-a6e5-db386817c6c4 session_id=pdlc:apache/opendal
2026-10-06 17:00:12 [debug    ] pack_plans_applied             edges=1 events=1 nodes=6 states=1
2026-10-06 17:00:13 [debug    ] event_projected                edge_count=1 entry_id=2026-10-06T11:27:12.111583000Z/000000/262ced8e-b960-5999-8260-efba2b1abece event_id=262ced8e-b960-5999-8260-efba2b1abece session_id=pdlc:apache/opendal
2026-10-06 17:00:14 [debug    ] pack_plans_applied             edges=1 events=1 nodes=6 states=1
2026-10-06 17:00:14 [debug    ] event_projected                edge_count=1 entry_id=2026-10-06T11:27:12.291599000Z/000000/a540db3c-7862-593e-a030-2cc695294916 event_id=a540db3c-7862-593e-a030-2cc695294916 session_id=pdlc:apache/opendal
2026-10-06 17:00:15 [debug    ] pack_plans_applied             edges=1 events=1 nodes=6 states=1
2026-10-06 17:00:15 [debug    ] event_projected                edge_count=1 entry_id=2026-10-06T11:27:12.435935000Z/000000/6d31998f-a4c8-5190-bf30-63b73b620193 event_id=6d31998f-a4c8-5190-bf30-63b73b620193 session_id=pdlc:apache/opendal
2026-10-06 17:00:16 [debug    ] pack_plans_applied             edges=1 events=1 nodes=6 states=1
2026-10-06 17:00:17 [debug    ] event_projected                edge_count=1 entry_id=2026-10-06T11:27:12.557583000Z/000000/43c127bd-547f-5756-9c7f-c65ff9ba5677 event_id=43c127bd-547f-5756-9c7f-c65ff9ba5677 session_id=pdlc:apache/opendal
2026-10-06 17:00:18 [debug    ] pack_plans_applied             edges=1 events=1 nodes=6 states=1
2026-10-06 17:00:18 [debug    ] event_projected                edge_count=1 entry_id=2026-10-06T11:27:12.685919000Z/000000/8414f485-99f2-5d60-b8c8-d7af9ac95d11 event_id=8414f485-99f2-5d60-b8c8-d7af9ac95d11 session_id=pdlc:apache/opendal
2026-10-06 17:00:19 [debug    ] pack_plans_applied             edges=2 events=1 nodes=7 states=1
2026-10-06 17:00:19 [debug    ] event_projected                edge_count=1 entry_id=2026-10-06T11:27:12.878591000Z/000000/c4f86605-dca4-5e8a-89b1-a0f1b22c86bf event_id=c4f86605-dca4-5e8a-89b1-a0f1b22c86bf session_id=pdlc:apache/opendal
2026-10-06 17:00:20 [debug    ] pack_plans_applied             edges=1 events=1 nodes=6 states=1
2026-10-06 17:00:21 [debug    ] event_projected                edge_count=1 entry_id=2026-10-06T11:27:13.002543000Z/000000/3fe88f72-eb5e-59e0-9ea1-573b61dfebea event_id=3fe88f72-eb5e-59e0-9ea1-573b61dfebea session_id=pdlc:apache/opendal
2026-10-06 17:00:22 [debug    ] pack_plans_applied             edges=1 events=1 nodes=6 states=1
2026-10-06 17:00:22 [debug    ] event_projected                edge_count=1 entry_id=2026-10-06T11:27:13.126863000Z/000000/7bf6d099-c908-5e76-9b08-0b3e4296a184 event_id=7bf6d099-c908-5e76-9b08-0b3e4296a184 session_id=pdlc:apache/opendal
2026-10-06 17:00:23 [debug    ] pack_plans_applied             edges=1 events=1 nodes=6 states=1
2026-10-06 17:00:23 [debug    ] event_projected                edge_count=1 entry_id=2026-10-06T11:27:13.339855000Z/000000/8d0521ec-123d-5050-8691-35c5c7c4ccfe event_id=8d0521ec-123d-5050-8691-35c5c7c4ccfe session_id=pdlc:apache/opendal
2026-10-06 17:00:24 [debug    ] pack_plans_applied             edges=1 events=1 nodes=6 states=1
2026-10-06 17:00:24 [debug    ] event_projected                edge_count=1 entry_id=2026-10-06T11:27:13.466303000Z/000000/7ae60e03-0c99-57ae-9ec0-ac32a2544a57 event_id=7ae60e03-0c99-57ae-9ec0-ac32a2544a57 session_id=pdlc:apache/opendal
2026-10-06 17:00:25 [debug    ] pack_plans_applied             edges=1 events=1 nodes=6 states=1
2026-10-06 17:00:25 [debug    ] event_projected                edge_count=1 entry_id=2026-10-06T11:27:13.589183000Z/000000/cb677043-5510-5aab-830d-4cf97812f179 event_id=cb677043-5510-5aab-830d-4cf97812f179 session_id=pdlc:apache/opendal
2026-10-06 17:00:26 [debug    ] pack_plans_applied             edges=1 events=1 nodes=6 states=1
2026-10-06 17:00:27 [debug    ] event_projected                edge_count=1 entry_id=2026-10-06T11:27:13.708911000Z/000000/489a528c-9111-5cda-8f1e-ebf5b9f29dcc event_id=489a528c-9111-5cda-8f1e-ebf5b9f29dcc session_id=pdlc:apache/opendal
2026-10-06 17:00:28 [debug    ] pack_plans_applied             edges=1 events=1 nodes=6 states=1
2026-10-06 17:00:28 [debug    ] event_projected                edge_count=1 entry_id=2026-10-06T11:27:13.920623000Z/000000/8af4cc1e-04d3-5c53-9dff-0282eeb9f69c event_id=8af4cc1e-04d3-5c53-9dff-0282eeb9f69c session_id=pdlc:apache/opendal
2026-10-06 17:00:29 [debug    ] pack_plans_applied             edges=1 events=1 nodes=6 states=1
2026-10-06 17:00:30 [debug    ] event_projected                edge_count=1 entry_id=2026-10-06T11:27:14.040191000Z/000000/493b63fa-124a-59d1-94ef-6ba0a7b1bfdc event_id=493b63fa-124a-59d1-94ef-6ba0a7b1bfdc session_id=pdlc:apache/opendal
2026-10-06 17:00:31 [debug    ] pack_plans_applied             edges=1 events=1 nodes=6 states=1
2026-10-06 17:00:31 [debug    ] event_projected                edge_count=1 entry_id=2026-10-06T11:27:14.158047000Z/000000/6dc328e8-a8ab-5ff6-9dfe-4c07d1cb6bff event_id=6dc328e8-a8ab-5ff6-9dfe-4c07d1cb6bff session_id=pdlc:apache/opendal
2026-10-06 17:00:32 [debug    ] pack_plans_applied             edges=1 events=1 nodes=6 states=1
2026-10-06 17:00:32 [debug    ] event_projected                edge_count=1 entry_id=2026-10-06T11:27:14.280063000Z/000000/dfca9e13-5cfc-571d-9335-bcce45be9842 event_id=dfca9e13-5cfc-571d-9335-bcce45be9842 session_id=pdlc:apache/opendal
2026-10-06 17:00:33 [debug    ] pack_plans_applied             edges=1 events=1 nodes=6 states=1
2026-10-06 17:00:33 [debug    ] event_projected                edge_count=1 entry_id=2026-10-06T11:27:14.441663000Z/000000/b5768e5f-7be2-5e90-a367-60dd4aa8a2c8 event_id=b5768e5f-7be2-5e90-a367-60dd4aa8a2c8 session_id=pdlc:apache/opendal
2026-10-06 17:00:35 [debug    ] pack_plans_applied             edges=1 events=1 nodes=6 states=1
2026-10-06 17:00:35 [debug    ] event_projected                edge_count=1 entry_id=2026-10-06T11:27:14.576831000Z/000000/ad224768-5607-5c06-b134-c70cf73472f2 event_id=ad224768-5607-5c06-b134-c70cf73472f2 session_id=pdlc:apache/opendal
2026-10-06 17:00:36 [debug    ] pack_plans_applied             edges=1 events=1 nodes=6 states=1
2026-10-06 17:00:36 [debug    ] event_projected                edge_count=1 entry_id=2026-10-06T11:27:14.698719000Z/000000/5ad680b2-70d4-50c8-b8a2-c23290670be0 event_id=5ad680b2-70d4-50c8-b8a2-c23290670be0 session_id=pdlc:apache/opendal
2026-10-06 17:00:37 [debug    ] pack_plans_applied             edges=1 events=1 nodes=6 states=1
2026-10-06 17:00:38 [debug    ] event_projected                edge_count=1 entry_id=2026-10-06T11:27:14.917871000Z/000000/88fc1ae5-9eae-58f4-be0a-9e042702f3cc event_id=88fc1ae5-9eae-58f4-be0a-9e042702f3cc session_id=pdlc:apache/opendal
2026-10-06 17:00:39 [debug    ] pack_plans_applied             edges=1 events=1 nodes=6 states=1
2026-10-06 17:00:39 [debug    ] event_projected                edge_count=1 entry_id=2026-10-06T11:27:15.040319000Z/000000/ea63215f-8747-5104-9573-3af1fe56b9b3 event_id=ea63215f-8747-5104-9573-3af1fe56b9b3 session_id=pdlc:apache/opendal
2026-10-06 17:00:40 [debug    ] pack_plans_applied             edges=1 events=1 nodes=6 states=1
2026-10-06 17:00:41 [debug    ] event_projected                edge_count=1 entry_id=2026-10-06T11:27:15.170479000Z/000000/26fe76eb-2227-506c-9fb9-01827fe0874f event_id=26fe76eb-2227-506c-9fb9-01827fe0874f session_id=pdlc:apache/opendal
2026-10-06 17:00:42 [debug    ] pack_plans_applied             edges=1 events=1 nodes=6 states=1
2026-10-06 17:00:42 [debug    ] event_projected                edge_count=1 entry_id=2026-10-06T11:27:15.311327000Z/000000/b760716d-df72-5ac6-b33e-aa6c4e776a5a event_id=b760716d-df72-5ac6-b33e-aa6c4e776a5a session_id=pdlc:apache/opendal
2026-10-06 17:00:43 [debug    ] pack_plans_applied             edges=1 events=1 nodes=6 states=1
2026-10-06 17:00:43 [debug    ] event_projected                edge_count=1 entry_id=2026-10-06T11:27:15.489391000Z/000000/ff580d3b-c51b-5250-9ae9-ea69a1e8ede2 event_id=ff580d3b-c51b-5250-9ae9-ea69a1e8ede2 session_id=pdlc:apache/opendal
2026-10-06 17:00:44 [debug    ] pack_plans_applied             edges=1 events=1 nodes=6 states=1
2026-10-06 17:00:45 [debug    ] event_projected                edge_count=1 entry_id=2026-10-06T11:27:15.605935000Z/000000/c18cefa8-4887-5452-bc50-2ee38a6bd831 event_id=c18cefa8-4887-5452-bc50-2ee38a6bd831 session_id=pdlc:apache/opendal
2026-10-06 17:00:46 [debug    ] pack_plans_applied             edges=1 events=1 nodes=6 states=1
2026-10-06 17:00:46 [debug    ] event_projected                edge_count=1 entry_id=2026-10-06T11:27:15.734927000Z/000000/27c43aa0-d874-5f35-bd14-d16b1eef16b8 event_id=27c43aa0-d874-5f35-bd14-d16b1eef16b8 session_id=pdlc:apache/opendal
2026-10-06 17:00:47 [debug    ] pack_plans_applied             edges=1 events=1 nodes=6 states=1
2026-10-06 17:00:47 [debug    ] event_projected                edge_count=1 entry_id=2026-10-06T11:27:15.868383000Z/000000/1f623169-d811-57fe-b36e-b01c6a1b10a7 event_id=1f623169-d811-57fe-b36e-b01c6a1b10a7 session_id=pdlc:apache/opendal
2026-10-06 17:00:48 [debug    ] pack_plans_applied             edges=1 events=1 nodes=6 states=1
2026-10-06 17:00:48 [debug    ] event_projected                edge_count=1 entry_id=2026-10-06T11:27:16.015775000Z/000000/b1d465f7-60ca-5de9-872b-e58da9ec9db7 event_id=b1d465f7-60ca-5de9-872b-e58da9ec9db7 session_id=pdlc:apache/opendal
2026-10-06 17:00:49 [debug    ] pack_plans_applied             edges=1 events=1 nodes=6 states=1
2026-10-06 17:00:49 [debug    ] event_projected                edge_count=1 entry_id=2026-10-06T11:27:16.133151000Z/000000/def69280-c6b6-583f-b662-1b2d221a63a1 event_id=def69280-c6b6-583f-b662-1b2d221a63a1 session_id=pdlc:apache/opendal
2026-10-06 17:00:51 [debug    ] pack_plans_applied             edges=1 events=1 nodes=6 states=1
2026-10-06 17:00:51 [debug    ] event_projected                edge_count=1 entry_id=2026-10-06T11:27:16.249663000Z/000000/60db70f0-7a70-569a-ad5e-854e4746309b event_id=60db70f0-7a70-569a-ad5e-854e4746309b session_id=pdlc:apache/opendal
2026-10-06 17:00:52 [debug    ] pack_plans_applied             edges=1 events=1 nodes=6 states=1
2026-10-06 17:00:52 [debug    ] event_projected                edge_count=1 entry_id=2026-10-06T11:27:16.374079000Z/000000/4bba2ef9-a49f-53e0-bd78-1a5e627a7ea1 event_id=4bba2ef9-a49f-53e0-bd78-1a5e627a7ea1 session_id=pdlc:apache/opendal
2026-10-06 17:00:53 [debug    ] pack_plans_applied             edges=1 events=1 nodes=6 states=1
2026-10-06 17:00:53 [debug    ] event_projected                edge_count=1 entry_id=2026-10-06T11:27:16.553071000Z/000000/f3315f4a-cabc-55dd-a60d-14ba015d8040 event_id=f3315f4a-cabc-55dd-a60d-14ba015d8040 session_id=pdlc:apache/opendal
2026-10-06 17:00:54 [debug    ] pack_plans_applied             edges=1 events=1 nodes=6 states=1
2026-10-06 17:00:55 [debug    ] event_projected                edge_count=1 entry_id=2026-10-06T11:27:16.675743000Z/000000/784858b3-53fb-5b1b-8239-f4b460f2d49c event_id=784858b3-53fb-5b1b-8239-f4b460f2d49c session_id=pdlc:apache/opendal
2026-10-06 17:00:56 [debug    ] pack_plans_applied             edges=1 events=1 nodes=6 states=1
2026-10-06 17:00:56 [debug    ] event_projected                edge_count=1 entry_id=2026-10-06T11:27:16.808143000Z/000000/22d66835-b33e-5b69-a073-67795a37ff25 event_id=22d66835-b33e-5b69-a073-67795a37ff25 session_id=pdlc:apache/opendal
2026-10-06 17:00:57 [debug    ] pack_plans_applied             edges=1 events=1 nodes=6 states=1
2026-10-06 17:00:57 [debug    ] event_projected                edge_count=1 entry_id=2026-10-06T11:27:17.021199000Z/000000/458047ff-620d-5ab9-8278-660af4177ef5 event_id=458047ff-620d-5ab9-8278-660af4177ef5 session_id=pdlc:apache/opendal
2026-10-06 17:00:58 [debug    ] pack_plans_applied             edges=1 events=1 nodes=6 states=1
2026-10-06 17:00:58 [debug    ] event_projected                edge_count=1 entry_id=2026-10-06T11:27:17.145903000Z/000000/9344d542-495f-5295-bc34-aa0010eee196 event_id=9344d542-495f-5295-bc34-aa0010eee196 session_id=pdlc:apache/opendal
2026-10-06 17:00:59 [debug    ] pack_plans_applied             edges=1 events=1 nodes=6 states=1
2026-10-06 17:00:59 [debug    ] event_projected                edge_count=1 entry_id=2026-10-06T11:27:17.272975000Z/000000/31f9af20-e096-50c2-a963-40224458dd15 event_id=31f9af20-e096-50c2-a963-40224458dd15 session_id=pdlc:apache/opendal
2026-10-06 17:01:01 [debug    ] pack_plans_applied             edges=1 events=1 nodes=6 states=1
2026-10-06 17:01:01 [debug    ] event_projected                edge_count=1 entry_id=2026-10-06T11:27:17.386847000Z/000000/05667582-ea1c-5bd3-b8c9-65ad764be215 event_id=05667582-ea1c-5bd3-b8c9-65ad764be215 session_id=pdlc:apache/opendal
2026-10-06 17:01:02 [debug    ] pack_plans_applied             edges=1 events=1 nodes=6 states=1
2026-10-06 17:01:02 [debug    ] event_projected                edge_count=1 entry_id=2026-10-06T11:27:17.583103000Z/000000/276fe40d-63e9-5ae1-8f06-0000c2caa0e8 event_id=276fe40d-63e9-5ae1-8f06-0000c2caa0e8 session_id=pdlc:apache/opendal
2026-10-06 17:01:03 [debug    ] pack_plans_applied             edges=1 events=1 nodes=6 states=1
2026-10-06 17:01:03 [debug    ] event_projected                edge_count=1 entry_id=2026-10-06T11:27:17.707279000Z/000000/dec35316-a540-5bde-a66a-d2037911f7d7 event_id=dec35316-a540-5bde-a66a-d2037911f7d7 session_id=pdlc:apache/opendal
2026-10-06 17:01:04 [debug    ] pack_plans_applied             edges=1 events=1 nodes=6 states=1
2026-10-06 17:01:05 [debug    ] event_projected                edge_count=1 entry_id=2026-10-06T11:27:17.831295000Z/000000/1ecf07fa-6430-59b3-bb3e-6b9a88ec5c10 event_id=1ecf07fa-6430-59b3-bb3e-6b9a88ec5c10 session_id=pdlc:apache/opendal
2026-10-06 17:01:06 [debug    ] pack_plans_applied             edges=1 events=1 nodes=6 states=1
2026-10-06 17:01:06 [debug    ] event_projected                edge_count=1 entry_id=2026-10-06T11:27:17.958719000Z/000000/1f96104e-24d7-53ee-b2a7-5417a1ce8923 event_id=1f96104e-24d7-53ee-b2a7-5417a1ce8923 session_id=pdlc:apache/opendal
2026-10-06 17:01:07 [debug    ] pack_plans_applied             edges=1 events=1 nodes=6 states=1
2026-10-06 17:01:07 [debug    ] event_projected                edge_count=1 entry_id=2026-10-06T11:27:18.110879000Z/000000/54820c50-ac48-5b8f-9447-e4194596900f event_id=54820c50-ac48-5b8f-9447-e4194596900f session_id=pdlc:apache/opendal
2026-10-06 17:01:08 [debug    ] pack_plans_applied             edges=1 events=1 nodes=6 states=1
2026-10-06 17:01:08 [debug    ] event_projected                edge_count=1 entry_id=2026-10-06T11:27:18.229951000Z/000000/b39fa793-2180-54df-add7-2d19a3f8034c event_id=b39fa793-2180-54df-add7-2d19a3f8034c session_id=pdlc:apache/opendal
2026-10-06 17:01:09 [debug    ] pack_plans_applied             edges=1 events=1 nodes=6 states=1
2026-10-06 17:01:10 [debug    ] event_projected                edge_count=1 entry_id=2026-10-06T11:27:18.344799000Z/000000/00317cd0-baf0-530c-8b20-f8ffda8c76e6 event_id=00317cd0-baf0-530c-8b20-f8ffda8c76e6 session_id=pdlc:apache/opendal
2026-10-06 17:01:11 [debug    ] pack_plans_applied             edges=1 events=1 nodes=6 states=1
2026-10-06 17:01:11 [debug    ] event_projected                edge_count=1 entry_id=2026-10-06T11:27:18.467999000Z/000000/b2c8cbef-b72a-5990-8794-cdfc824ada63 event_id=b2c8cbef-b72a-5990-8794-cdfc824ada63 session_id=pdlc:apache/opendal
2026-10-06 17:01:12 [debug    ] pack_plans_applied             edges=1 events=1 nodes=6 states=1
2026-10-06 17:01:12 [debug    ] event_projected                edge_count=1 entry_id=2026-10-06T11:27:18.649135000Z/000000/f0e15e86-ff5c-5eee-aa5b-600a122d7755 event_id=f0e15e86-ff5c-5eee-aa5b-600a122d7755 session_id=pdlc:apache/opendal
2026-10-06 17:01:13 [debug    ] pack_plans_applied             edges=1 events=1 nodes=6 states=1
2026-10-06 17:01:13 [debug    ] event_projected                edge_count=1 entry_id=2026-10-06T11:27:18.780751000Z/000000/c75acfe8-03a9-5189-8e36-06426b6fb3f7 event_id=c75acfe8-03a9-5189-8e36-06426b6fb3f7 session_id=pdlc:apache/opendal
2026-10-06 17:01:14 [debug    ] pack_plans_applied             edges=63 events=1 nodes=64 states=0
2026-10-06 17:01:15 [debug    ] event_projected                edge_count=1 entry_id=2026-10-06T11:27:18.907935000Z/000000/c9ce0e77-7c7b-59cd-a12b-6adf7ae41cea event_id=c9ce0e77-7c7b-59cd-a12b-6adf7ae41cea session_id=pdlc:apache/opendal
2026-10-06 17:01:16 [debug    ] pack_plans_applied             edges=1 events=1 nodes=6 states=1
2026-10-06 17:01:16 [debug    ] event_projected                edge_count=1 entry_id=2026-10-06T11:27:19.104479000Z/000000/4edb085b-7c89-5244-8c82-bfa2faccf7cf event_id=4edb085b-7c89-5244-8c82-bfa2faccf7cf session_id=pdlc:apache/opendal
2026-10-06 17:01:17 [debug    ] pack_plans_applied             edges=1 events=1 nodes=6 states=1
2026-10-06 17:01:17 [debug    ] event_projected                edge_count=1 entry_id=2026-10-06T11:27:19.224463000Z/000000/fc49848d-2c13-53b4-86b5-598e2c06a7c0 event_id=fc49848d-2c13-53b4-86b5-598e2c06a7c0 session_id=pdlc:apache/opendal
2026-10-06 17:01:18 [debug    ] pack_plans_applied             edges=1 events=1 nodes=6 states=1
2026-10-06 17:01:18 [debug    ] event_projected                edge_count=1 entry_id=2026-10-06T11:27:19.346991000Z/000000/677bdef4-10a8-59fd-bdba-f454291e8881 event_id=677bdef4-10a8-59fd-bdba-f454291e8881 session_id=pdlc:apache/opendal
2026-10-06 17:01:19 [debug    ] pack_plans_applied             edges=1 events=1 nodes=6 states=1
2026-10-06 17:01:19 [debug    ] event_projected                edge_count=1 entry_id=2026-10-06T11:27:19.475567000Z/000000/9b287138-b608-5815-9a00-b0222b4c4baa event_id=9b287138-b608-5815-9a00-b0222b4c4baa session_id=pdlc:apache/opendal
2026-10-06 17:01:20 [debug    ] pack_plans_applied             edges=1 events=1 nodes=6 states=1
2026-10-06 17:01:21 [debug    ] event_projected                edge_count=1 entry_id=2026-10-06T11:27:19.696383000Z/000000/83c2c6be-c72d-564f-b964-bd53d6ac19de event_id=83c2c6be-c72d-564f-b964-bd53d6ac19de session_id=pdlc:apache/opendal
2026-10-06 17:01:22 [debug    ] pack_plans_applied             edges=1 events=1 nodes=6 states=1
2026-10-06 17:01:22 [debug    ] event_projected                edge_count=1 entry_id=2026-10-06T11:27:19.882351000Z/000000/71bfb148-f0f4-597a-baef-f06a28ad272d event_id=71bfb148-f0f4-597a-baef-f06a28ad272d session_id=pdlc:apache/opendal
2026-10-06 17:01:23 [debug    ] pack_plans_applied             edges=1 events=1 nodes=6 states=1
2026-10-06 17:01:23 [debug    ] event_projected                edge_count=1 entry_id=2026-10-06T11:27:20.019727000Z/000000/0a3b7800-2abb-56d8-894b-8efc57843c34 event_id=0a3b7800-2abb-56d8-894b-8efc57843c34 session_id=pdlc:apache/opendal
2026-10-06 17:01:24 [debug    ] pack_plans_applied             edges=1 events=1 nodes=6 states=1
2026-10-06 17:01:24 [debug    ] event_projected                edge_count=1 entry_id=2026-10-06T11:27:20.227695000Z/000000/c43b7bc9-5505-545e-ae16-a79c6250e12d event_id=c43b7bc9-5505-545e-ae16-a79c6250e12d session_id=pdlc:apache/opendal
2026-10-06 17:01:25 [debug    ] pack_plans_applied             edges=1 events=1 nodes=6 states=1
2026-10-06 17:01:26 [debug    ] event_projected                edge_count=1 entry_id=2026-10-06T11:27:20.377935000Z/000000/abc147ec-51e9-569e-8a75-192d67187e82 event_id=abc147ec-51e9-569e-8a75-192d67187e82 session_id=pdlc:apache/opendal
2026-10-06 17:01:27 [debug    ] pack_plans_applied             edges=1 events=1 nodes=6 states=1
2026-10-06 17:01:27 [debug    ] event_projected                edge_count=1 entry_id=2026-10-06T11:27:20.521871000Z/000000/72e9b7bc-6d48-5c3b-a511-f7092fa0f729 event_id=72e9b7bc-6d48-5c3b-a511-f7092fa0f729 session_id=pdlc:apache/opendal
2026-10-06 17:01:28 [debug    ] pack_plans_applied             edges=1 events=1 nodes=6 states=1
2026-10-06 17:01:28 [debug    ] event_projected                edge_count=1 entry_id=2026-10-06T11:27:20.730591000Z/000000/3ccc4636-968e-5fd8-ad7f-2db65953c7fc event_id=3ccc4636-968e-5fd8-ad7f-2db65953c7fc session_id=pdlc:apache/opendal
2026-10-06 17:01:29 [debug    ] pack_plans_applied             edges=1 events=1 nodes=6 states=1
2026-10-06 17:01:29 [debug    ] event_projected                edge_count=1 entry_id=2026-10-06T11:27:20.856767000Z/000000/a15ce90c-75cb-5cd4-8995-3835aa349a25 event_id=a15ce90c-75cb-5cd4-8995-3835aa349a25 session_id=pdlc:apache/opendal
2026-10-06 17:01:30 [debug    ] pack_plans_applied             edges=1 events=1 nodes=6 states=1
2026-10-06 17:01:30 [debug    ] event_projected                edge_count=1 entry_id=2026-10-06T11:27:20.980079000Z/000000/52b6e098-823b-5758-884a-e940ce2a12ae event_id=52b6e098-823b-5758-884a-e940ce2a12ae session_id=pdlc:apache/opendal
2026-10-06 17:01:31 [debug    ] pack_plans_applied             edges=1 events=1 nodes=6 states=1
2026-10-06 17:01:32 [debug    ] event_projected                edge_count=1 entry_id=2026-10-06T11:27:21.099951000Z/000000/06c83314-a5dd-5a13-b268-c711d6215b22 event_id=06c83314-a5dd-5a13-b268-c711d6215b22 session_id=pdlc:apache/opendal
2026-10-06 17:01:33 [debug    ] pack_plans_applied             edges=1 events=1 nodes=6 states=1
2026-10-06 17:01:33 [debug    ] event_projected                edge_count=1 entry_id=2026-10-06T11:27:21.259663000Z/000000/2ccf5921-57e9-5e7c-892d-b237a9a8c096 event_id=2ccf5921-57e9-5e7c-892d-b237a9a8c096 session_id=pdlc:apache/opendal
2026-10-06 17:01:34 [debug    ] pack_plans_applied             edges=1 events=1 nodes=6 states=1
2026-10-06 17:01:34 [debug    ] event_projected                edge_count=1 entry_id=2026-10-06T11:27:21.388351000Z/000000/50a8dae6-144a-501c-ba44-a61e0294614e event_id=50a8dae6-144a-501c-ba44-a61e0294614e session_id=pdlc:apache/opendal
2026-10-06 17:01:35 [debug    ] pack_plans_applied             edges=1 events=1 nodes=6 states=1
2026-10-06 17:01:35 [debug    ] event_projected                edge_count=1 entry_id=2026-10-06T11:27:21.508799000Z/000000/4dffc61d-3d9d-555f-a0dd-92cfaea03dbf event_id=4dffc61d-3d9d-555f-a0dd-92cfaea03dbf session_id=pdlc:apache/opendal
2026-10-06 17:01:36 [debug    ] pack_plans_applied             edges=1 events=1 nodes=6 states=1
2026-10-06 17:01:36 [debug    ] event_projected                edge_count=1 entry_id=2026-10-06T11:27:21.718863000Z/000000/57590885-be3e-518b-b4e5-fdf94beee2ee event_id=57590885-be3e-518b-b4e5-fdf94beee2ee session_id=pdlc:apache/opendal
2026-10-06 17:01:38 [debug    ] pack_plans_applied             edges=1 events=1 nodes=6 states=1
2026-10-06 17:01:38 [debug    ] event_projected                edge_count=1 entry_id=2026-10-06T11:27:21.849887000Z/000000/9b99d389-b659-5b39-a882-8519ed804719 event_id=9b99d389-b659-5b39-a882-8519ed804719 session_id=pdlc:apache/opendal
2026-10-06 17:01:39 [debug    ] pack_plans_applied             edges=1 events=1 nodes=6 states=1
2026-10-06 17:01:39 [debug    ] event_projected                edge_count=1 entry_id=2026-10-06T11:27:21.984703000Z/000000/1e5f4313-07c8-5d11-bc12-34aa9807598a event_id=1e5f4313-07c8-5d11-bc12-34aa9807598a session_id=pdlc:apache/opendal
2026-10-06 17:01:40 [debug    ] pack_plans_applied             edges=1 events=1 nodes=6 states=1
2026-10-06 17:01:40 [debug    ] event_projected                edge_count=1 entry_id=2026-10-06T11:27:22.109119000Z/000000/bd9f44ee-d6fa-560f-a454-3c5d58a393ae event_id=bd9f44ee-d6fa-560f-a454-3c5d58a393ae session_id=pdlc:apache/opendal
2026-10-06 17:01:41 [debug    ] pack_plans_applied             edges=1 events=1 nodes=6 states=1
2026-10-06 17:01:41 [debug    ] event_projected                edge_count=1 entry_id=2026-10-06T11:27:22.312463000Z/000000/211b7aca-f6c2-5075-8b5c-d8ad43963503 event_id=211b7aca-f6c2-5075-8b5c-d8ad43963503 session_id=pdlc:apache/opendal
2026-10-06 17:01:43 [debug    ] pack_plans_applied             edges=1 events=1 nodes=6 states=1
2026-10-06 17:01:43 [debug    ] event_projected                edge_count=1 entry_id=2026-10-06T11:27:22.431855000Z/000000/42792873-28c2-5d56-909c-d14ce363f028 event_id=42792873-28c2-5d56-909c-d14ce363f028 session_id=pdlc:apache/opendal
2026-10-06 17:01:44 [debug    ] pack_plans_applied             edges=1 events=1 nodes=6 states=1
2026-10-06 17:01:44 [debug    ] event_projected                edge_count=1 entry_id=2026-10-06T11:27:22.551663000Z/000000/6922a348-6bb3-5244-9676-8a45acaace3e event_id=6922a348-6bb3-5244-9676-8a45acaace3e session_id=pdlc:apache/opendal
2026-10-06 17:01:45 [debug    ] pack_plans_applied             edges=1 events=1 nodes=6 states=1
2026-10-06 17:01:45 [debug    ] event_projected                edge_count=1 entry_id=2026-10-06T11:27:22.686047000Z/000000/ce2ab67d-039d-59e1-9108-65fc5e36c7e6 event_id=ce2ab67d-039d-59e1-9108-65fc5e36c7e6 session_id=pdlc:apache/opendal
2026-10-06 17:01:46 [debug    ] pack_plans_applied             edges=1 events=1 nodes=6 states=1
2026-10-06 17:01:46 [debug    ] event_projected                edge_count=1 entry_id=2026-10-06T11:27:22.843855000Z/000000/66569811-2641-518e-ab69-756c6c6ed5ca event_id=66569811-2641-518e-ab69-756c6c6ed5ca session_id=pdlc:apache/opendal
2026-10-06 17:01:47 [debug    ] pack_plans_applied             edges=1 events=1 nodes=6 states=1
2026-10-06 17:01:48 [debug    ] event_projected                edge_count=1 entry_id=2026-10-06T11:27:22.964879000Z/000000/cfe4247c-7104-5bf0-9dfb-f1ed1502991f event_id=cfe4247c-7104-5bf0-9dfb-f1ed1502991f session_id=pdlc:apache/opendal
2026-10-06 17:01:49 [debug    ] pack_plans_applied             edges=1 events=1 nodes=6 states=1
2026-10-06 17:01:49 [debug    ] event_projected                edge_count=1 entry_id=2026-10-06T11:27:23.084511000Z/000000/e6911d00-d370-5539-853f-e68aeeeadf4b event_id=e6911d00-d370-5539-853f-e68aeeeadf4b session_id=pdlc:apache/opendal
2026-10-06 17:01:50 [debug    ] pack_plans_applied             edges=1 events=1 nodes=6 states=1
2026-10-06 17:01:50 [debug    ] event_projected                edge_count=1 entry_id=2026-10-06T11:27:23.290415000Z/000000/871a88e5-3289-519f-98f6-bf6a12a8d553 event_id=871a88e5-3289-519f-98f6-bf6a12a8d553 session_id=pdlc:apache/opendal
2026-10-06 17:01:51 [debug    ] pack_plans_applied             edges=1 events=1 nodes=6 states=1
2026-10-06 17:01:51 [debug    ] event_projected                edge_count=1 entry_id=2026-10-06T11:27:23.412255000Z/000000/177c0d8a-b996-5bd7-80c7-658f9e357eed event_id=177c0d8a-b996-5bd7-80c7-658f9e357eed session_id=pdlc:apache/opendal
2026-10-06 17:01:52 [debug    ] pack_plans_applied             edges=1 events=1 nodes=6 states=1
2026-10-06 17:01:52 [debug    ] event_projected                edge_count=1 entry_id=2026-10-06T11:27:23.539535000Z/000000/6b368592-2acb-5c05-95c2-26e0978676db event_id=6b368592-2acb-5c05-95c2-26e0978676db session_id=pdlc:apache/opendal
2026-10-06 17:01:53 [debug    ] pack_plans_applied             edges=1 events=1 nodes=6 states=1
2026-10-06 17:01:54 [debug    ] event_projected                edge_count=1 entry_id=2026-10-06T11:27:23.658319000Z/000000/3fc695db-5287-5ddb-bff6-b249d6136395 event_id=3fc695db-5287-5ddb-bff6-b249d6136395 session_id=pdlc:apache/opendal
2026-10-06 17:01:55 [debug    ] pack_plans_applied             edges=1 events=1 nodes=6 states=1
2026-10-06 17:01:55 [debug    ] event_projected                edge_count=1 entry_id=2026-10-06T11:27:24.044383000Z/000000/9e0b82ac-3f4b-55e6-8af4-eea9bdd9eaf1 event_id=9e0b82ac-3f4b-55e6-8af4-eea9bdd9eaf1 session_id=pdlc:apache/opendal
2026-10-06 17:01:56 [debug    ] pack_plans_applied             edges=1 events=1 nodes=6 states=1
2026-10-06 17:01:56 [debug    ] event_projected                edge_count=1 entry_id=2026-10-06T11:27:24.535455000Z/000000/e913884d-f636-5963-8194-c4f9b15037a1 event_id=e913884d-f636-5963-8194-c4f9b15037a1 session_id=pdlc:apache/opendal
2026-10-06 17:01:58 [debug    ] pack_plans_applied             edges=1 events=1 nodes=6 states=1
2026-10-06 17:01:58 [debug    ] event_projected                edge_count=1 entry_id=2026-10-06T11:27:25.127967000Z/000000/26c7c7af-c2b4-5892-b078-a49aa243d1b1 event_id=26c7c7af-c2b4-5892-b078-a49aa243d1b1 session_id=pdlc:apache/opendal
2026-10-06 17:01:59 [debug    ] pack_plans_applied             edges=1 events=1 nodes=6 states=1
2026-10-06 17:01:59 [debug    ] event_projected                edge_count=1 entry_id=2026-10-06T11:27:25.610543000Z/000000/852a22e1-ae77-507f-a812-bf9ab0ccef57 event_id=852a22e1-ae77-507f-a812-bf9ab0ccef57 session_id=pdlc:apache/opendal
2026-10-06 17:02:00 [debug    ] pack_plans_applied             edges=1 events=1 nodes=6 states=1
2026-10-06 17:02:00 [debug    ] event_projected                edge_count=1 entry_id=2026-10-06T11:27:26.089839000Z/000000/1f890136-32fd-55c2-91df-5d4a92d1b100 event_id=1f890136-32fd-55c2-91df-5d4a92d1b100 session_id=pdlc:apache/opendal
2026-10-06 17:02:01 [debug    ] pack_plans_applied             edges=1 events=1 nodes=6 states=1
2026-10-06 17:02:02 [debug    ] event_projected                edge_count=1 entry_id=2026-10-06T11:27:26.572431000Z/000000/39f6e0cf-8708-50d1-a9fa-f998b1d1e589 event_id=39f6e0cf-8708-50d1-a9fa-f998b1d1e589 session_id=pdlc:apache/opendal
2026-10-06 17:02:03 [debug    ] pack_plans_applied             edges=1 events=1 nodes=6 states=1
2026-10-06 17:02:03 [debug    ] event_projected                edge_count=1 entry_id=2026-10-06T11:27:27.076303000Z/000000/4f434d63-76f1-5680-9c81-cca9d3e69ded event_id=4f434d63-76f1-5680-9c81-cca9d3e69ded session_id=pdlc:apache/opendal
2026-10-06 17:02:04 [debug    ] pack_plans_applied             edges=1 events=1 nodes=6 states=1
2026-10-06 17:02:05 [debug    ] event_projected                edge_count=1 entry_id=2026-10-06T11:27:27.559375000Z/000000/b42bb0a1-6cd1-5478-b08b-ed395983d29f event_id=b42bb0a1-6cd1-5478-b08b-ed395983d29f session_id=pdlc:apache/opendal
2026-10-06 17:02:06 [debug    ] pack_plans_applied             edges=1 events=1 nodes=6 states=1
2026-10-06 17:02:06 [debug    ] event_projected                edge_count=1 entry_id=2026-10-06T11:27:28.067503000Z/000000/a74600f8-d138-506e-9f6c-c8ff8bee0220 event_id=a74600f8-d138-506e-9f6c-c8ff8bee0220 session_id=pdlc:apache/opendal
2026-10-06 17:02:07 [debug    ] pack_plans_applied             edges=1 events=1 nodes=6 states=1
2026-10-06 17:02:07 [debug    ] event_projected                edge_count=1 entry_id=2026-10-06T11:27:28.597055000Z/000000/aa8caaf5-0d99-50c4-8849-6aa5d2b00551 event_id=aa8caaf5-0d99-50c4-8849-6aa5d2b00551 session_id=pdlc:apache/opendal
2026-10-06 17:02:08 [debug    ] pack_plans_applied             edges=1 events=1 nodes=6 states=1
2026-10-06 17:02:09 [debug    ] event_projected                edge_count=1 entry_id=2026-10-06T11:27:29.117631000Z/000000/89a626e3-e6be-5f70-8faf-72ead5a421b3 event_id=89a626e3-e6be-5f70-8faf-72ead5a421b3 session_id=pdlc:apache/opendal
2026-10-06 17:02:10 [debug    ] pack_plans_applied             edges=1 events=1 nodes=6 states=1
2026-10-06 17:02:10 [debug    ] event_projected                edge_count=1 entry_id=2026-10-06T11:27:29.642655000Z/000000/59c39151-feb0-566f-aa87-976d0e64d283 event_id=59c39151-feb0-566f-aa87-976d0e64d283 session_id=pdlc:apache/opendal
2026-10-06 17:02:11 [debug    ] pack_plans_applied             edges=1 events=1 nodes=6 states=1
2026-10-06 17:02:11 [debug    ] event_projected                edge_count=1 entry_id=2026-10-06T11:27:30.164159000Z/000000/b1bcd7b8-6007-55d8-8fd7-5d88cbfac21d event_id=b1bcd7b8-6007-55d8-8fd7-5d88cbfac21d session_id=pdlc:apache/opendal
2026-10-06 17:02:12 [debug    ] pack_plans_applied             edges=1 events=1 nodes=6 states=1
2026-10-06 17:02:12 [debug    ] event_projected                edge_count=1 entry_id=2026-10-06T11:27:30.541263000Z/000000/6d81e485-0b97-556a-8e31-4b5afb5ddc4f event_id=6d81e485-0b97-556a-8e31-4b5afb5ddc4f session_id=pdlc:apache/opendal
2026-10-06 17:02:13 [debug    ] pack_plans_applied             edges=1 events=1 nodes=6 states=1
2026-10-06 17:02:13 [debug    ] event_projected                edge_count=1 entry_id=2026-10-06T11:27:31.050911000Z/000000/01e93365-901c-51ea-b5c0-8f7e0a56ed48 event_id=01e93365-901c-51ea-b5c0-8f7e0a56ed48 session_id=pdlc:apache/opendal
2026-10-06 17:02:15 [debug    ] pack_plans_applied             edges=1 events=1 nodes=6 states=1
2026-10-06 17:02:15 [debug    ] event_projected                edge_count=1 entry_id=2026-10-06T11:27:31.572479000Z/000000/11d427af-33b5-5f75-8fe3-f7d93465b683 event_id=11d427af-33b5-5f75-8fe3-f7d93465b683 session_id=pdlc:apache/opendal
2026-10-06 17:02:16 [debug    ] pack_plans_applied             edges=1 events=1 nodes=6 states=1
2026-10-06 17:02:16 [debug    ] event_projected                edge_count=1 entry_id=2026-10-06T11:27:32.105215000Z/000000/4c8604bf-8329-5e2d-ae05-601409afceda event_id=4c8604bf-8329-5e2d-ae05-601409afceda session_id=pdlc:apache/opendal
2026-10-06 17:02:17 [debug    ] pack_plans_applied             edges=1 events=1 nodes=6 states=1
2026-10-06 17:02:17 [debug    ] event_projected                edge_count=1 entry_id=2026-10-06T11:27:32.541823000Z/000000/0cde64aa-6a3c-5c85-b479-d816b16a9a51 event_id=0cde64aa-6a3c-5c85-b479-d816b16a9a51 session_id=pdlc:apache/opendal
2026-10-06 17:02:18 [debug    ] pack_plans_applied             edges=1 events=1 nodes=6 states=1
2026-10-06 17:02:19 [debug    ] event_projected                edge_count=1 entry_id=2026-10-06T11:27:33.119471000Z/000000/69e2c2c4-24c7-54f6-9eaf-dfba8a16298e event_id=69e2c2c4-24c7-54f6-9eaf-dfba8a16298e session_id=pdlc:apache/opendal
2026-10-06 17:02:20 [debug    ] pack_plans_applied             edges=1 events=1 nodes=6 states=1
2026-10-06 17:02:20 [debug    ] event_projected                edge_count=1 entry_id=2026-10-06T11:27:33.582735000Z/000000/744b4a48-f379-5cfc-8722-5a2492b4fc9c event_id=744b4a48-f379-5cfc-8722-5a2492b4fc9c session_id=pdlc:apache/opendal
2026-10-06 17:02:21 [debug    ] pack_plans_applied             edges=1 events=1 nodes=6 states=1
2026-10-06 17:02:21 [debug    ] event_projected                edge_count=1 entry_id=2026-10-06T11:27:34.067247000Z/000000/7dacdcca-9d89-5d7d-983f-42197226231a event_id=7dacdcca-9d89-5d7d-983f-42197226231a session_id=pdlc:apache/opendal
2026-10-06 17:02:22 [debug    ] pack_plans_applied             edges=1 events=1 nodes=6 states=1
2026-10-06 17:02:22 [debug    ] event_projected                edge_count=1 entry_id=2026-10-06T11:27:34.540831000Z/000000/7899503a-2c06-5e34-b9e4-3c562a991253 event_id=7899503a-2c06-5e34-b9e4-3c562a991253 session_id=pdlc:apache/opendal
2026-10-06 17:02:23 [debug    ] pack_plans_applied             edges=1 events=1 nodes=6 states=1
2026-10-06 17:02:23 [debug    ] event_projected                edge_count=1 entry_id=2026-10-06T11:27:35.125935000Z/000000/57c2705b-7eff-5754-9f0a-da25f333234d event_id=57c2705b-7eff-5754-9f0a-da25f333234d session_id=pdlc:apache/opendal
2026-10-06 17:02:24 [debug    ] pack_plans_applied             edges=1 events=1 nodes=6 states=1
2026-10-06 17:02:25 [debug    ] event_projected                edge_count=1 entry_id=2026-10-06T11:27:35.622607000Z/000000/39b4263c-d576-50f5-a2bc-022bdd0aae07 event_id=39b4263c-d576-50f5-a2bc-022bdd0aae07 session_id=pdlc:apache/opendal
2026-10-06 17:02:26 [debug    ] pack_plans_applied             edges=1 events=1 nodes=6 states=1
2026-10-06 17:02:26 [debug    ] event_projected                edge_count=1 entry_id=2026-10-06T11:27:36.095471000Z/000000/8307c2d8-d36b-5370-ab6a-53ba2b454d4f event_id=8307c2d8-d36b-5370-ab6a-53ba2b454d4f session_id=pdlc:apache/opendal
2026-10-06 17:02:27 [debug    ] pack_plans_applied             edges=1 events=1 nodes=6 states=1
2026-10-06 17:02:27 [debug    ] event_projected                edge_count=1 entry_id=2026-10-06T11:27:36.575103000Z/000000/fb9453f2-416f-5037-b2c9-e94585c95f13 event_id=fb9453f2-416f-5037-b2c9-e94585c95f13 session_id=pdlc:apache/opendal
2026-10-06 17:02:28 [debug    ] pack_plans_applied             edges=1 events=1 nodes=6 states=1
2026-10-06 17:02:28 [debug    ] event_projected                edge_count=1 entry_id=2026-10-06T11:27:37.053151000Z/000000/61d221c4-9b40-5857-a6e4-815030d158a9 event_id=61d221c4-9b40-5857-a6e4-815030d158a9 session_id=pdlc:apache/opendal
2026-10-06 17:02:29 [debug    ] pack_plans_applied             edges=1 events=1 nodes=6 states=1
2026-10-06 17:02:29 [debug    ] event_projected                edge_count=1 entry_id=2026-10-06T11:27:37.548991000Z/000000/bed476c3-60ce-52e2-ac1f-e3e54b0e0d38 event_id=bed476c3-60ce-52e2-ac1f-e3e54b0e0d38 session_id=pdlc:apache/opendal
2026-10-06 17:02:30 [debug    ] pack_plans_applied             edges=1 events=1 nodes=6 states=1
2026-10-06 17:02:31 [debug    ] event_projected                edge_count=1 entry_id=2026-10-06T11:27:38.025887000Z/000000/87aa2a3e-629b-5ca7-a700-bca5929ca395 event_id=87aa2a3e-629b-5ca7-a700-bca5929ca395 session_id=pdlc:apache/opendal
2026-10-06 17:02:32 [debug    ] pack_plans_applied             edges=1 events=1 nodes=6 states=1
2026-10-06 17:02:32 [debug    ] event_projected                edge_count=1 entry_id=2026-10-06T11:27:38.641055000Z/000000/e64c86b2-fc57-54ea-9549-9e211acd49ac event_id=e64c86b2-fc57-54ea-9549-9e211acd49ac session_id=pdlc:apache/opendal
2026-10-06 17:02:33 [debug    ] pack_plans_applied             edges=1 events=1 nodes=6 states=1
2026-10-06 17:02:33 [debug    ] event_projected                edge_count=1 entry_id=2026-10-06T11:27:39.080815000Z/000000/6a21de42-c2f1-5da4-b62a-db9a3ab60ea6 event_id=6a21de42-c2f1-5da4-b62a-db9a3ab60ea6 session_id=pdlc:apache/opendal
2026-10-06 17:02:34 [debug    ] pack_plans_applied             edges=52 events=1 nodes=53 states=0
2026-10-06 17:02:34 [debug    ] event_projected                edge_count=1 entry_id=2026-10-06T11:27:39.609359000Z/000000/2d39cff7-6e00-5d51-9831-a83394f6213b event_id=2d39cff7-6e00-5d51-9831-a83394f6213b session_id=pdlc:apache/opendal
2026-10-06 17:02:35 [debug    ] pack_plans_applied             edges=1 events=1 nodes=6 states=1
2026-10-06 17:02:35 [debug    ] event_projected                edge_count=1 entry_id=2026-10-06T11:27:40.127695000Z/000000/d3c397f2-da02-55ca-9dad-f4f9380709d6 event_id=d3c397f2-da02-55ca-9dad-f4f9380709d6 session_id=pdlc:apache/opendal
2026-10-06 17:02:37 [debug    ] pack_plans_applied             edges=1 events=1 nodes=6 states=1
2026-10-06 17:02:37 [debug    ] event_projected                edge_count=1 entry_id=2026-10-06T11:27:40.651743000Z/000000/b502f899-177c-57b0-ac8b-29233c8569c6 event_id=b502f899-177c-57b0-ac8b-29233c8569c6 session_id=pdlc:apache/opendal
2026-10-06 17:02:38 [debug    ] pack_plans_applied             edges=1 events=1 nodes=6 states=1
2026-10-06 17:02:38 [debug    ] event_projected                edge_count=1 entry_id=2026-10-06T11:27:41.126463000Z/000000/4e2717b5-4cf9-5608-95eb-018fd43e678a event_id=4e2717b5-4cf9-5608-95eb-018fd43e678a session_id=pdlc:apache/opendal
2026-10-06 17:02:39 [debug    ] pack_plans_applied             edges=1 events=1 nodes=6 states=1
2026-10-06 17:02:39 [debug    ] event_projected                edge_count=1 entry_id=2026-10-06T11:27:41.682591000Z/000000/999e6bf3-ae53-5696-aad9-b3790e8ee318 event_id=999e6bf3-ae53-5696-aad9-b3790e8ee318 session_id=pdlc:apache/opendal
2026-10-06 17:02:40 [debug    ] pack_plans_applied             edges=1 events=1 nodes=6 states=1
2026-10-06 17:02:41 [debug    ] event_projected                edge_count=1 entry_id=2026-10-06T11:27:42.058543000Z/000000/bbfbbc9e-004f-5a71-8e16-95cb5cc7ac01 event_id=bbfbbc9e-004f-5a71-8e16-95cb5cc7ac01 session_id=pdlc:apache/opendal
2026-10-06 17:02:42 [debug    ] pack_plans_applied             edges=1 events=1 nodes=6 states=1
2026-10-06 17:02:42 [debug    ] event_projected                edge_count=1 entry_id=2026-10-06T11:27:42.600031000Z/000000/89597150-63e2-5b08-8fe0-990a691e5b53 event_id=89597150-63e2-5b08-8fe0-990a691e5b53 session_id=pdlc:apache/opendal
2026-10-06 17:02:43 [debug    ] pack_plans_applied             edges=1 events=1 nodes=6 states=1
2026-10-06 17:02:43 [debug    ] event_projected                edge_count=1 entry_id=2026-10-06T11:27:43.121375000Z/000000/217c8b3d-9183-5407-9a7d-96805fb00140 event_id=217c8b3d-9183-5407-9a7d-96805fb00140 session_id=pdlc:apache/opendal
2026-10-06 17:02:44 [debug    ] pack_plans_applied             edges=7 events=1 nodes=8 states=0
2026-10-06 17:02:44 [debug    ] event_projected                edge_count=1 entry_id=2026-10-06T11:27:43.546783000Z/000000/3cc8d81c-3f2b-5d91-a32d-1c297a39ab09 event_id=3cc8d81c-3f2b-5d91-a32d-1c297a39ab09 session_id=pdlc:apache/opendal
2026-10-06 17:02:45 [debug    ] pack_plans_applied             edges=1 events=1 nodes=6 states=1
2026-10-06 17:02:45 [debug    ] event_projected                edge_count=1 entry_id=2026-10-06T11:27:44.029951000Z/000000/74d1a598-7e0d-516c-a60a-53eecde418c9 event_id=74d1a598-7e0d-516c-a60a-53eecde418c9 session_id=pdlc:apache/opendal
2026-10-06 17:02:46 [debug    ] pack_plans_applied             edges=1 events=1 nodes=6 states=1
2026-10-06 17:02:46 [debug    ] event_projected                edge_count=1 entry_id=2026-10-06T11:27:44.609823000Z/000000/593b4eb5-e0d7-5fe7-913d-682d5e21660e event_id=593b4eb5-e0d7-5fe7-913d-682d5e21660e session_id=pdlc:apache/opendal
2026-10-06 17:02:47 [debug    ] pack_plans_applied             edges=1 events=1 nodes=6 states=1
2026-10-06 17:02:48 [debug    ] event_projected                edge_count=1 entry_id=2026-10-06T11:27:45.088047000Z/000000/f0ac2229-6bd3-5db2-9650-95877a7d4bef event_id=f0ac2229-6bd3-5db2-9650-95877a7d4bef session_id=pdlc:apache/opendal
2026-10-06 17:02:49 [debug    ] pack_plans_applied             edges=1 events=1 nodes=6 states=1
2026-10-06 17:02:49 [debug    ] event_projected                edge_count=1 entry_id=2026-10-06T11:27:45.563823000Z/000000/f7ec1635-a3e1-541b-9f4f-9965e6e4936d event_id=f7ec1635-a3e1-541b-9f4f-9965e6e4936d session_id=pdlc:apache/opendal
2026-10-06 17:02:50 [debug    ] pack_plans_applied             edges=1 events=1 nodes=6 states=1
2026-10-06 17:02:50 [debug    ] event_projected                edge_count=1 entry_id=2026-10-06T11:27:46.045407000Z/000000/3aa174ea-e114-5463-b068-b6d36f09fef0 event_id=3aa174ea-e114-5463-b068-b6d36f09fef0 session_id=pdlc:apache/opendal
2026-10-06 17:02:51 [debug    ] pack_plans_applied             edges=1 events=1 nodes=6 states=1
2026-10-06 17:02:51 [debug    ] event_projected                edge_count=1 entry_id=2026-10-06T11:27:46.531583000Z/000000/e3f1bbf9-6403-5101-9616-b0ad80335128 event_id=e3f1bbf9-6403-5101-9616-b0ad80335128 session_id=pdlc:apache/opendal
2026-10-06 17:02:53 [debug    ] pack_plans_applied             edges=1 events=1 nodes=6 states=1
2026-10-06 17:02:53 [debug    ] event_projected                edge_count=1 entry_id=2026-10-06T11:27:47.115295000Z/000000/063313e3-b435-5607-aba5-2866ffc3a633 event_id=063313e3-b435-5607-aba5-2866ffc3a633 session_id=pdlc:apache/opendal
2026-10-06 17:02:54 [debug    ] pack_plans_applied             edges=1 events=1 nodes=6 states=1
2026-10-06 17:02:54 [debug    ] event_projected                edge_count=1 entry_id=2026-10-06T11:27:47.600959000Z/000000/6857356e-7812-5368-bfbd-cae9920478ab event_id=6857356e-7812-5368-bfbd-cae9920478ab session_id=pdlc:apache/opendal
2026-10-06 17:02:55 [debug    ] pack_plans_applied             edges=1 events=1 nodes=6 states=1
2026-10-06 17:02:55 [debug    ] event_projected                edge_count=1 entry_id=2026-10-06T11:27:48.085295000Z/000000/ce12a8e0-c123-5915-8d9b-befd454f5cd5 event_id=ce12a8e0-c123-5915-8d9b-befd454f5cd5 session_id=pdlc:apache/opendal
2026-10-06 17:02:56 [debug    ] pack_plans_applied             edges=1 events=1 nodes=6 states=1
2026-10-06 17:02:56 [debug    ] event_projected                edge_count=1 entry_id=2026-10-06T11:27:48.561727000Z/000000/3577e0ac-e98f-530a-8139-c30c63b17c44 event_id=3577e0ac-e98f-530a-8139-c30c63b17c44 session_id=pdlc:apache/opendal
2026-10-06 17:02:58 [debug    ] pack_plans_applied             edges=1 events=1 nodes=6 states=1
2026-10-06 17:02:58 [debug    ] event_projected                edge_count=1 entry_id=2026-10-06T11:27:49.039007000Z/000000/8743db85-a284-5351-881a-893c8f90941f event_id=8743db85-a284-5351-881a-893c8f90941f session_id=pdlc:apache/opendal
2026-10-06 17:02:59 [debug    ] pack_plans_applied             edges=1 events=1 nodes=6 states=1
2026-10-06 17:02:59 [debug    ] event_projected                edge_count=1 entry_id=2026-10-06T11:27:49.625775000Z/000000/edafd1ec-672b-58ba-a807-c1bc6eab75c4 event_id=edafd1ec-672b-58ba-a807-c1bc6eab75c4 session_id=pdlc:apache/opendal
2026-10-06 17:03:00 [debug    ] pack_plans_applied             edges=1 events=1 nodes=6 states=1
2026-10-06 17:03:00 [debug    ] event_projected                edge_count=1 entry_id=2026-10-06T11:27:50.112399000Z/000000/e35d9589-d8c5-5a45-b4d0-ab43979aee11 event_id=e35d9589-d8c5-5a45-b4d0-ab43979aee11 session_id=pdlc:apache/opendal
2026-10-06 17:03:01 [debug    ] pack_plans_applied             edges=1 events=1 nodes=6 states=1
2026-10-06 17:03:02 [debug    ] event_projected                edge_count=1 entry_id=2026-10-06T11:27:50.616943000Z/000000/c4e393a6-ff94-524e-bbb9-79d3a4fd1ddd event_id=c4e393a6-ff94-524e-bbb9-79d3a4fd1ddd session_id=pdlc:apache/opendal
2026-10-06 17:03:03 [debug    ] pack_plans_applied             edges=1 events=1 nodes=6 states=1
2026-10-06 17:03:03 [debug    ] event_projected                edge_count=1 entry_id=2026-10-06T11:27:51.136479000Z/000000/8c804d2f-f757-5348-9ca2-90d72fb153c2 event_id=8c804d2f-f757-5348-9ca2-90d72fb153c2 session_id=pdlc:apache/opendal
2026-10-06 17:03:04 [debug    ] pack_plans_applied             edges=1 events=1 nodes=6 states=1
2026-10-06 17:03:04 [debug    ] event_projected                edge_count=1 entry_id=2026-10-06T11:27:51.664223000Z/000000/dc2dd452-575b-5307-973d-5e12c879c613 event_id=dc2dd452-575b-5307-973d-5e12c879c613 session_id=pdlc:apache/opendal
2026-10-06 17:03:05 [debug    ] pack_plans_applied             edges=1 events=1 nodes=6 states=1
2026-10-06 17:03:05 [debug    ] event_projected                edge_count=1 entry_id=2026-10-06T11:27:52.127567000Z/000000/392ed0cd-4947-57aa-9ab9-e2e8fa672d7f event_id=392ed0cd-4947-57aa-9ab9-e2e8fa672d7f session_id=pdlc:apache/opendal
2026-10-06 17:03:06 [debug    ] pack_plans_applied             edges=1 events=1 nodes=6 states=1
2026-10-06 17:03:07 [debug    ] event_projected                edge_count=1 entry_id=2026-10-06T11:27:52.659375000Z/000000/867adef1-e2ee-569e-9af7-bc05aa45c31e event_id=867adef1-e2ee-569e-9af7-bc05aa45c31e session_id=pdlc:apache/opendal
2026-10-06 17:03:08 [debug    ] pack_plans_applied             edges=1 events=1 nodes=6 states=1
2026-10-06 17:03:08 [debug    ] event_projected                edge_count=1 entry_id=2026-10-06T11:27:53.046591000Z/000000/6470ca61-103a-5799-a479-73c3925b98b1 event_id=6470ca61-103a-5799-a479-73c3925b98b1 session_id=pdlc:apache/opendal
2026-10-06 17:03:09 [debug    ] pack_plans_applied             edges=1 events=1 nodes=6 states=1
2026-10-06 17:03:09 [debug    ] event_projected                edge_count=1 entry_id=2026-10-06T11:27:53.596415000Z/000000/395c6d46-673e-51d7-abea-fd48af49c3c9 event_id=395c6d46-673e-51d7-abea-fd48af49c3c9 session_id=pdlc:apache/opendal
2026-10-06 17:03:10 [debug    ] pack_plans_applied             edges=1 events=1 nodes=6 states=1
2026-10-06 17:03:10 [debug    ] event_projected                edge_count=1 entry_id=2026-10-06T11:27:54.116703000Z/000000/2f38f811-20a9-5278-a8a9-3c204a553a9f event_id=2f38f811-20a9-5278-a8a9-3c204a553a9f session_id=pdlc:apache/opendal
2026-10-06 17:03:11 [debug    ] pack_plans_applied             edges=1 events=1 nodes=6 states=1
2026-10-06 17:03:11 [debug    ] event_projected                edge_count=1 entry_id=2026-10-06T11:27:54.542767000Z/000000/58012816-f8de-529b-8508-1769c0e78e2e event_id=58012816-f8de-529b-8508-1769c0e78e2e session_id=pdlc:apache/opendal
2026-10-06 17:03:12 [debug    ] pack_plans_applied             edges=1 events=1 nodes=6 states=1
2026-10-06 17:03:13 [debug    ] event_projected                edge_count=1 entry_id=2026-10-06T11:27:55.114703000Z/000000/3f8c2994-d5a9-5339-8f6d-99c11ed2bfb0 event_id=3f8c2994-d5a9-5339-8f6d-99c11ed2bfb0 session_id=pdlc:apache/opendal
2026-10-06 17:03:14 [debug    ] pack_plans_applied             edges=1 events=1 nodes=6 states=1
2026-10-06 17:03:14 [debug    ] event_projected                edge_count=1 entry_id=2026-10-06T11:27:55.586143000Z/000000/8a6d484a-df23-54e4-bf01-783cb8dd2bc7 event_id=8a6d484a-df23-54e4-bf01-783cb8dd2bc7 session_id=pdlc:apache/opendal
2026-10-06 17:03:16 [debug    ] pack_plans_applied             edges=1 events=1 nodes=6 states=1
2026-10-06 17:03:16 [debug    ] event_projected                edge_count=1 entry_id=2026-10-06T11:27:56.059567000Z/000000/88c156b0-2c35-57e7-8089-2346f19da9d5 event_id=88c156b0-2c35-57e7-8089-2346f19da9d5 session_id=pdlc:apache/opendal
2026-10-06 17:03:17 [debug    ] pack_plans_applied             edges=1 events=1 nodes=6 states=1
2026-10-06 17:03:17 [debug    ] event_projected                edge_count=1 entry_id=2026-10-06T11:27:56.544095000Z/000000/e6f45c3c-79cc-5b6b-af91-fde2e62e0825 event_id=e6f45c3c-79cc-5b6b-af91-fde2e62e0825 session_id=pdlc:apache/opendal
2026-10-06 17:03:18 [debug    ] pack_plans_applied             edges=1 events=1 nodes=6 states=1
2026-10-06 17:03:18 [debug    ] event_projected                edge_count=1 entry_id=2026-10-06T11:27:57.026047000Z/000000/06c5703a-d078-5ad7-af30-82943990c2c0 event_id=06c5703a-d078-5ad7-af30-82943990c2c0 session_id=pdlc:apache/opendal
2026-10-06 17:03:19 [debug    ] pack_plans_applied             edges=1 events=1 nodes=6 states=1
2026-10-06 17:03:19 [debug    ] event_projected                edge_count=1 entry_id=2026-10-06T11:27:57.599119000Z/000000/b0a22523-6f67-5639-92a4-4d53cc98ae01 event_id=b0a22523-6f67-5639-92a4-4d53cc98ae01 session_id=pdlc:apache/opendal
2026-10-06 17:03:21 [debug    ] pack_plans_applied             edges=1 events=1 nodes=6 states=1
2026-10-06 17:03:21 [debug    ] event_projected                edge_count=1 entry_id=2026-10-06T11:27:58.078495000Z/000000/e4b5565c-7695-5fa8-95c4-d764a6a62a6d event_id=e4b5565c-7695-5fa8-95c4-d764a6a62a6d session_id=pdlc:apache/opendal
2026-10-06 17:03:22 [debug    ] pack_plans_applied             edges=1 events=1 nodes=6 states=1
2026-10-06 17:03:22 [debug    ] event_projected                edge_count=1 entry_id=2026-10-06T11:27:58.550031000Z/000000/2fe56c74-f387-5487-92a2-fc49213a2bd1 event_id=2fe56c74-f387-5487-92a2-fc49213a2bd1 session_id=pdlc:apache/opendal
2026-10-06 17:03:23 [debug    ] pack_plans_applied             edges=1 events=1 nodes=6 states=1
2026-10-06 17:03:23 [debug    ] event_projected                edge_count=1 entry_id=2026-10-06T11:27:59.024479000Z/000000/8a4d4f40-4c8d-5563-839e-f3e5a3556674 event_id=8a4d4f40-4c8d-5563-839e-f3e5a3556674 session_id=pdlc:apache/opendal
2026-10-06 17:03:24 [debug    ] pack_plans_applied             edges=1 events=1 nodes=6 states=1
2026-10-06 17:03:24 [debug    ] event_projected                edge_count=1 entry_id=2026-10-06T11:27:59.664047000Z/000000/4dff0f56-6573-5338-92cd-fb47c2b78e00 event_id=4dff0f56-6573-5338-92cd-fb47c2b78e00 session_id=pdlc:apache/opendal
2026-10-06 17:03:25 [debug    ] pack_plans_applied             edges=1 events=1 nodes=6 states=1
2026-10-06 17:03:26 [debug    ] event_projected                edge_count=1 entry_id=2026-10-06T11:28:00.056799000Z/000000/68fe8883-ecc0-5c58-a16a-23ca1529941b event_id=68fe8883-ecc0-5c58-a16a-23ca1529941b session_id=pdlc:apache/opendal
2026-10-06 17:03:27 [debug    ] pack_plans_applied             edges=1 events=1 nodes=6 states=1
2026-10-06 17:03:27 [debug    ] event_projected                edge_count=1 entry_id=2026-10-06T11:28:00.574063000Z/000000/57aff32e-8ab9-594f-be82-6d86cfad9775 event_id=57aff32e-8ab9-594f-be82-6d86cfad9775 session_id=pdlc:apache/opendal
2026-10-06 17:03:28 [debug    ] pack_plans_applied             edges=1 events=1 nodes=6 states=1
2026-10-06 17:03:28 [debug    ] event_projected                edge_count=1 entry_id=2026-10-06T11:28:01.097327000Z/000000/114cc6ad-d081-5e43-bde0-ba5871fa420a event_id=114cc6ad-d081-5e43-bde0-ba5871fa420a session_id=pdlc:apache/opendal
2026-10-06 17:03:29 [debug    ] pack_plans_applied             edges=1 events=1 nodes=6 states=1
2026-10-06 17:03:29 [debug    ] event_projected                edge_count=1 entry_id=2026-10-06T11:28:01.622719000Z/000000/31c7c9e8-55ad-585c-a4fa-8eda073e8c3a event_id=31c7c9e8-55ad-585c-a4fa-8eda073e8c3a session_id=pdlc:apache/opendal
2026-10-06 17:03:30 [debug    ] pack_plans_applied             edges=1 events=1 nodes=6 states=1
2026-10-06 17:03:31 [debug    ] event_projected                edge_count=1 entry_id=2026-10-06T11:28:02.150095000Z/000000/c6c75654-3260-554c-918c-9877f7fe983a event_id=c6c75654-3260-554c-918c-9877f7fe983a session_id=pdlc:apache/opendal
2026-10-06 17:03:32 [debug    ] pack_plans_applied             edges=1 events=1 nodes=6 states=1
2026-10-06 17:03:32 [debug    ] event_projected                edge_count=1 entry_id=2026-10-06T11:28:02.618751000Z/000000/fb1a8267-d9e0-5648-b442-ce6b49da6535 event_id=fb1a8267-d9e0-5648-b442-ce6b49da6535 session_id=pdlc:apache/opendal
2026-10-06 17:03:33 [debug    ] pack_plans_applied             edges=1 events=1 nodes=6 states=1
2026-10-06 17:03:33 [debug    ] event_projected                edge_count=1 entry_id=2026-10-06T11:28:03.148799000Z/000000/9287c662-d611-5e92-8bda-ae53c9c52839 event_id=9287c662-d611-5e92-8bda-ae53c9c52839 session_id=pdlc:apache/opendal
2026-10-06 17:03:34 [debug    ] pack_plans_applied             edges=1 events=1 nodes=6 states=1
2026-10-06 17:03:34 [debug    ] event_projected                edge_count=1 entry_id=2026-10-06T11:28:03.529535000Z/000000/dd8e516e-e079-5911-91ad-2250a98d0d3b event_id=dd8e516e-e079-5911-91ad-2250a98d0d3b session_id=pdlc:apache/opendal
2026-10-06 17:03:35 [debug    ] pack_plans_applied             edges=1 events=1 nodes=6 states=1
2026-10-06 17:03:35 [debug    ] event_projected                edge_count=1 entry_id=2026-10-06T11:28:04.194719000Z/000000/e49982f4-fc09-5c0a-ad31-32feeed803cc event_id=e49982f4-fc09-5c0a-ad31-32feeed803cc session_id=pdlc:apache/opendal
2026-10-06 17:03:36 [debug    ] pack_plans_applied             edges=1 events=1 nodes=6 states=1
2026-10-06 17:03:37 [debug    ] event_projected                edge_count=1 entry_id=2026-10-06T11:28:04.573759000Z/000000/8b1aa5c4-a599-5777-917e-ddd807fd8d50 event_id=8b1aa5c4-a599-5777-917e-ddd807fd8d50 session_id=pdlc:apache/opendal
2026-10-06 17:03:38 [debug    ] pack_plans_applied             edges=1 events=1 nodes=6 states=1
2026-10-06 17:03:38 [debug    ] event_projected                edge_count=1 entry_id=2026-10-06T11:28:05.030463000Z/000000/707490fd-b35b-5618-96bc-91e95b103313 event_id=707490fd-b35b-5618-96bc-91e95b103313 session_id=pdlc:apache/opendal
2026-10-06 17:03:39 [debug    ] pack_plans_applied             edges=1 events=1 nodes=6 states=1
2026-10-06 17:03:40 [debug    ] event_projected                edge_count=1 entry_id=2026-10-06T11:28:05.611023000Z/000000/cbb49717-a8fb-55b0-a7e5-c363869e8a49 event_id=cbb49717-a8fb-55b0-a7e5-c363869e8a49 session_id=pdlc:apache/opendal
2026-10-06 17:03:41 [debug    ] pack_plans_applied             edges=1 events=1 nodes=6 states=1
2026-10-06 17:03:41 [debug    ] event_projected                edge_count=1 entry_id=2026-10-06T11:28:06.102367000Z/000000/2d29f0a2-58af-5c30-a88c-01821d72a15e event_id=2d29f0a2-58af-5c30-a88c-01821d72a15e session_id=pdlc:apache/opendal
2026-10-06 17:03:42 [debug    ] pack_plans_applied             edges=1 events=1 nodes=6 states=1
2026-10-06 17:03:42 [debug    ] event_projected                edge_count=1 entry_id=2026-10-06T11:28:06.603855000Z/000000/3b568958-d918-50c7-b75c-cfb8aa2ab0b7 event_id=3b568958-d918-50c7-b75c-cfb8aa2ab0b7 session_id=pdlc:apache/opendal
2026-10-06 17:03:43 [debug    ] pack_plans_applied             edges=1 events=1 nodes=6 states=1
2026-10-06 17:03:43 [debug    ] event_projected                edge_count=1 entry_id=2026-10-06T11:28:07.077679000Z/000000/3c5d9e54-db88-5a82-89d8-cc17d17ef469 event_id=3c5d9e54-db88-5a82-89d8-cc17d17ef469 session_id=pdlc:apache/opendal
2026-10-06 17:03:44 [debug    ] pack_plans_applied             edges=1 events=1 nodes=6 states=1
2026-10-06 17:03:45 [debug    ] event_projected                edge_count=1 entry_id=2026-10-06T11:28:07.577295000Z/000000/e99e73aa-84ba-52ad-85b5-1ce10132734d event_id=e99e73aa-84ba-52ad-85b5-1ce10132734d session_id=pdlc:apache/opendal
2026-10-06 17:03:46 [debug    ] pack_plans_applied             edges=1 events=1 nodes=6 states=1
2026-10-06 17:03:46 [debug    ] event_projected                edge_count=1 entry_id=2026-10-06T11:28:08.068879000Z/000000/6edd1921-de5e-5678-89d8-f50458e7df8b event_id=6edd1921-de5e-5678-89d8-f50458e7df8b session_id=pdlc:apache/opendal
2026-10-06 17:03:47 [debug    ] pack_plans_applied             edges=1 events=1 nodes=6 states=1
2026-10-06 17:03:47 [debug    ] event_projected                edge_count=1 entry_id=2026-10-06T11:28:08.564447000Z/000000/8b16d1af-f468-5e67-b2b6-a99540d99bec event_id=8b16d1af-f468-5e67-b2b6-a99540d99bec session_id=pdlc:apache/opendal
2026-10-06 17:03:48 [debug    ] pack_plans_applied             edges=1 events=1 nodes=6 states=1
2026-10-06 17:03:48 [debug    ] event_projected                edge_count=1 entry_id=2026-10-06T11:28:09.045519000Z/000000/ec13f6fa-43a7-5bf6-8d09-5ad71cf28d39 event_id=ec13f6fa-43a7-5bf6-8d09-5ad71cf28d39 session_id=pdlc:apache/opendal
2026-10-06 17:03:50 [debug    ] pack_plans_applied             edges=1 events=1 nodes=6 states=1
2026-10-06 17:03:50 [debug    ] event_projected                edge_count=1 entry_id=2026-10-06T11:28:09.550207000Z/000000/eb8e81d8-13a1-55ab-b53a-9e2dc0aa7866 event_id=eb8e81d8-13a1-55ab-b53a-9e2dc0aa7866 session_id=pdlc:apache/opendal
2026-10-06 17:03:51 [debug    ] pack_plans_applied             edges=1 events=1 nodes=6 states=1
2026-10-06 17:03:51 [debug    ] event_projected                edge_count=1 entry_id=2026-10-06T11:28:10.035151000Z/000000/4a35b306-cec9-5bd1-bada-6e9231a82c28 event_id=4a35b306-cec9-5bd1-bada-6e9231a82c28 session_id=pdlc:apache/opendal
2026-10-06 17:03:52 [debug    ] pack_plans_applied             edges=1 events=1 nodes=6 states=1
2026-10-06 17:03:52 [debug    ] event_projected                edge_count=1 entry_id=2026-10-06T11:28:10.626367000Z/000000/0defe6c1-4e42-57a0-999b-cde6ad987608 event_id=0defe6c1-4e42-57a0-999b-cde6ad987608 session_id=pdlc:apache/opendal
2026-10-06 17:03:53 [debug    ] pack_plans_applied             edges=1 events=1 nodes=6 states=1
2026-10-06 17:03:53 [debug    ] event_projected                edge_count=1 entry_id=2026-10-06T11:28:11.111439000Z/000000/0a6825f6-c9f4-5c7e-9cd2-895b60c066d1 event_id=0a6825f6-c9f4-5c7e-9cd2-895b60c066d1 session_id=pdlc:apache/opendal
2026-10-06 17:03:55 [debug    ] pack_plans_applied             edges=1 events=1 nodes=6 states=1
2026-10-06 17:03:55 [debug    ] event_projected                edge_count=1 entry_id=2026-10-06T11:28:11.616879000Z/000000/93c669cc-9cdd-5dd4-af70-01afe9ae04c7 event_id=93c669cc-9cdd-5dd4-af70-01afe9ae04c7 session_id=pdlc:apache/opendal
2026-10-06 17:03:56 [debug    ] pack_plans_applied             edges=1 events=1 nodes=6 states=1
2026-10-06 17:03:56 [debug    ] event_projected                edge_count=1 entry_id=2026-10-06T11:28:12.106655000Z/000000/7374a582-abee-569a-9158-bc85644d38b7 event_id=7374a582-abee-569a-9158-bc85644d38b7 session_id=pdlc:apache/opendal
2026-10-06 17:03:57 [debug    ] pack_plans_applied             edges=1 events=1 nodes=6 states=1
2026-10-06 17:03:57 [debug    ] event_projected                edge_count=1 entry_id=2026-10-06T11:28:12.626063000Z/000000/1b71ab17-d1f8-5c95-b251-f3ddfbf55ffd event_id=1b71ab17-d1f8-5c95-b251-f3ddfbf55ffd session_id=pdlc:apache/opendal
2026-10-06 17:03:58 [debug    ] pack_plans_applied             edges=1 events=1 nodes=6 states=1
2026-10-06 17:03:59 [debug    ] event_projected                edge_count=1 entry_id=2026-10-06T11:28:13.157103000Z/000000/a167842e-0250-573e-9e32-acc4b3add777 event_id=a167842e-0250-573e-9e32-acc4b3add777 session_id=pdlc:apache/opendal
2026-10-06 17:04:00 [debug    ] pack_plans_applied             edges=1 events=1 nodes=6 states=1
2026-10-06 17:04:00 [debug    ] event_projected                edge_count=1 entry_id=2026-10-06T11:28:13.531215000Z/000000/4120d847-9aa4-5a69-89bc-e3a9c4b1bdaf event_id=4120d847-9aa4-5a69-89bc-e3a9c4b1bdaf session_id=pdlc:apache/opendal
2026-10-06 17:04:01 [debug    ] pack_plans_applied             edges=1 events=1 nodes=6 states=1
2026-10-06 17:04:01 [debug    ] event_projected                edge_count=1 entry_id=2026-10-06T11:28:14.039279000Z/000000/4f08f573-6336-5cd8-b2f9-fd3159d664ae event_id=4f08f573-6336-5cd8-b2f9-fd3159d664ae session_id=pdlc:apache/opendal
2026-10-06 17:04:02 [debug    ] pack_plans_applied             edges=1 events=1 nodes=6 states=1
2026-10-06 17:04:02 [debug    ] event_projected                edge_count=1 entry_id=2026-10-06T11:28:14.562639000Z/000000/b802a53b-ccd6-5d81-a58f-f2b2a2b316f7 event_id=b802a53b-ccd6-5d81-a58f-f2b2a2b316f7 session_id=pdlc:apache/opendal
2026-10-06 17:04:03 [debug    ] pack_plans_applied             edges=1 events=1 nodes=6 states=1
2026-10-06 17:04:04 [debug    ] event_projected                edge_count=1 entry_id=2026-10-06T11:28:15.090719000Z/000000/8d60bd78-2271-5168-9dba-6b19b62eb43d event_id=8d60bd78-2271-5168-9dba-6b19b62eb43d session_id=pdlc:apache/opendal
2026-10-06 17:04:05 [debug    ] pack_plans_applied             edges=1 events=1 nodes=6 states=1
2026-10-06 17:04:05 [debug    ] event_projected                edge_count=1 entry_id=2026-10-06T11:28:15.609215000Z/000000/595e1bcc-d8a0-5f33-aaa2-d334be59f168 event_id=595e1bcc-d8a0-5f33-aaa2-d334be59f168 session_id=pdlc:apache/opendal
2026-10-06 17:04:06 [debug    ] pack_plans_applied             edges=1 events=1 nodes=6 states=1
2026-10-06 17:04:06 [debug    ] event_projected                edge_count=1 entry_id=2026-10-06T11:28:16.034191000Z/000000/0f233e47-8591-5cfa-82b4-24ea9883b32c event_id=0f233e47-8591-5cfa-82b4-24ea9883b32c session_id=pdlc:apache/opendal
2026-10-06 17:04:07 [debug    ] pack_plans_applied             edges=1 events=1 nodes=6 states=1
2026-10-06 17:04:07 [debug    ] event_projected                edge_count=1 entry_id=2026-10-06T11:28:16.609567000Z/000000/aab2b20b-1030-53af-94fd-798152e9901b event_id=aab2b20b-1030-53af-94fd-798152e9901b session_id=pdlc:apache/opendal
2026-10-06 17:04:08 [debug    ] pack_plans_applied             edges=1 events=1 nodes=6 states=1
2026-10-06 17:04:09 [debug    ] event_projected                edge_count=1 entry_id=2026-10-06T11:28:17.079775000Z/000000/dcfec467-3944-5ffa-aaaa-76acdf662343 event_id=dcfec467-3944-5ffa-aaaa-76acdf662343 session_id=pdlc:apache/opendal
2026-10-06 17:04:10 [debug    ] pack_plans_applied             edges=1 events=1 nodes=6 states=1
2026-10-06 17:04:10 [debug    ] event_projected                edge_count=1 entry_id=2026-10-06T11:28:17.561775000Z/000000/59dc5c53-416f-5676-97eb-4dde2b1ee2b8 event_id=59dc5c53-416f-5676-97eb-4dde2b1ee2b8 session_id=pdlc:apache/opendal
2026-10-06 17:04:11 [debug    ] pack_plans_applied             edges=1 events=1 nodes=6 states=1
2026-10-06 17:04:11 [debug    ] event_projected                edge_count=1 entry_id=2026-10-06T11:28:18.044223000Z/000000/284ede26-d22c-5f53-a8cf-df28f23dd54c event_id=284ede26-d22c-5f53-a8cf-df28f23dd54c session_id=pdlc:apache/opendal
2026-10-06 17:04:12 [debug    ] pack_plans_applied             edges=1 events=1 nodes=6 states=1
2026-10-06 17:04:12 [debug    ] event_projected                edge_count=1 entry_id=2026-10-06T11:28:18.627119000Z/000000/defcf39e-cb45-54a9-9166-6b6b62c098be event_id=defcf39e-cb45-54a9-9166-6b6b62c098be session_id=pdlc:apache/opendal
2026-10-06 17:04:13 [debug    ] pack_plans_applied             edges=1 events=1 nodes=6 states=1
2026-10-06 17:04:13 [debug    ] event_projected                edge_count=1 entry_id=2026-10-06T11:28:19.098591000Z/000000/eb60382b-a37d-5bf7-9491-296628674545 event_id=eb60382b-a37d-5bf7-9491-296628674545 session_id=pdlc:apache/opendal
2026-10-06 17:04:14 [debug    ] pack_plans_applied             edges=1 events=1 nodes=6 states=1
2026-10-06 17:04:15 [debug    ] event_projected                edge_count=1 entry_id=2026-10-06T11:28:19.576559000Z/000000/e576d826-e1db-5c2f-84d0-7486dfd7806f event_id=e576d826-e1db-5c2f-84d0-7486dfd7806f session_id=pdlc:apache/opendal
2026-10-06 17:04:16 [debug    ] pack_plans_applied             edges=1 events=1 nodes=6 states=1
2026-10-06 17:04:16 [debug    ] event_projected                edge_count=1 entry_id=2026-10-06T11:28:20.042703000Z/000000/a4bab65e-7822-5c93-a9ef-ad49b200ec25 event_id=a4bab65e-7822-5c93-a9ef-ad49b200ec25 session_id=pdlc:apache/opendal
2026-10-06 17:04:17 [debug    ] pack_plans_applied             edges=1 events=1 nodes=6 states=1
2026-10-06 17:04:17 [debug    ] event_projected                edge_count=1 entry_id=2026-10-06T11:28:20.612783000Z/000000/7b001f1b-4869-5a8b-a62d-051231d53ebf event_id=7b001f1b-4869-5a8b-a62d-051231d53ebf session_id=pdlc:apache/opendal
2026-10-06 17:04:18 [debug    ] pack_plans_applied             edges=1 events=1 nodes=6 states=1
2026-10-06 17:04:18 [debug    ] event_projected                edge_count=1 entry_id=2026-10-06T11:28:21.083807000Z/000000/49f764bd-1b42-5b5c-a6dd-28c44957f692 event_id=49f764bd-1b42-5b5c-a6dd-28c44957f692 session_id=pdlc:apache/opendal
2026-10-06 17:04:19 [debug    ] pack_plans_applied             edges=1 events=1 nodes=6 states=1
2026-10-06 17:04:20 [debug    ] event_projected                edge_count=1 entry_id=2026-10-06T11:28:21.557887000Z/000000/1c54e3af-167a-5711-a8b9-91b6b0490cd9 event_id=1c54e3af-167a-5711-a8b9-91b6b0490cd9 session_id=pdlc:apache/opendal
2026-10-06 17:04:21 [debug    ] pack_plans_applied             edges=1 events=1 nodes=6 states=1
2026-10-06 17:04:21 [debug    ] event_projected                edge_count=1 entry_id=2026-10-06T11:28:22.072575000Z/000000/f59c4413-d176-592f-b9a3-e5219056faa2 event_id=f59c4413-d176-592f-b9a3-e5219056faa2 session_id=pdlc:apache/opendal
2026-10-06 17:04:22 [debug    ] pack_plans_applied             edges=1 events=1 nodes=6 states=1
2026-10-06 17:04:22 [debug    ] event_projected                edge_count=1 entry_id=2026-10-06T11:28:22.589215000Z/000000/55b7276d-a8bc-583c-8bed-74f21a779982 event_id=55b7276d-a8bc-583c-8bed-74f21a779982 session_id=pdlc:apache/opendal
2026-10-06 17:04:23 [debug    ] pack_plans_applied             edges=1 events=1 nodes=6 states=1
2026-10-06 17:04:23 [debug    ] event_projected                edge_count=1 entry_id=2026-10-06T11:28:23.121007000Z/000000/5087971f-9565-5924-8fd7-8670ed1577c3 event_id=5087971f-9565-5924-8fd7-8670ed1577c3 session_id=pdlc:apache/opendal
2026-10-06 17:04:25 [debug    ] pack_plans_applied             edges=1 events=1 nodes=6 states=1
2026-10-06 17:04:25 [debug    ] event_projected                edge_count=1 entry_id=2026-10-06T11:28:23.641583000Z/000000/29d5ce04-d1a6-5abc-8a86-8629e48f7ff5 event_id=29d5ce04-d1a6-5abc-8a86-8629e48f7ff5 session_id=pdlc:apache/opendal
2026-10-06 17:04:26 [debug    ] pack_plans_applied             edges=1 events=1 nodes=6 states=1
2026-10-06 17:04:26 [debug    ] event_projected                edge_count=1 entry_id=2026-10-06T11:28:24.170127000Z/000000/41c9ac17-a8b1-5eb2-9d4f-b9099e9d89f0 event_id=41c9ac17-a8b1-5eb2-9d4f-b9099e9d89f0 session_id=pdlc:apache/opendal
2026-10-06 17:04:27 [debug    ] pack_plans_applied             edges=1 events=1 nodes=6 states=1
2026-10-06 17:04:27 [debug    ] event_projected                edge_count=1 entry_id=2026-10-06T11:28:24.546863000Z/000000/5ece18ca-2d1a-5de3-a1e8-e3c4881d8b8d event_id=5ece18ca-2d1a-5de3-a1e8-e3c4881d8b8d session_id=pdlc:apache/opendal
2026-10-06 17:04:28 [debug    ] pack_plans_applied             edges=1 events=1 nodes=6 states=1
2026-10-06 17:04:28 [debug    ] event_projected                edge_count=1 entry_id=2026-10-06T11:28:25.050671000Z/000000/520976ab-c148-55ad-ae9d-e38573f2dc79 event_id=520976ab-c148-55ad-ae9d-e38573f2dc79 session_id=pdlc:apache/opendal
2026-10-06 17:04:30 [debug    ] pack_plans_applied             edges=1 events=1 nodes=6 states=1
2026-10-06 17:04:30 [debug    ] event_projected                edge_count=1 entry_id=2026-10-06T11:28:25.572399000Z/000000/e588067f-8865-5809-844f-1a6fe976fbd3 event_id=e588067f-8865-5809-844f-1a6fe976fbd3 session_id=pdlc:apache/opendal
2026-10-06 17:04:31 [debug    ] pack_plans_applied             edges=1 events=1 nodes=6 states=1
2026-10-06 17:04:31 [info     ] consumer_stopped               consumer=opendal-projection group=graph-projection
{"name": "PDLC_OpenDAL_signed_ingestion_projection_evaluation", "scenarios": ["APP-02", "ART-01", "HOOK-01"], "verdict": "passed", "observation": {"signed_deliveries": 292, "normalized_events": 292, "evaluation": [{"pack": "pdlc", "passed": true, "mean_f1": 0.9118, "min_f1": 0.9, "problem": null, "questions": [{"id": "release-of-8216", "f1": 1.0, "found": ["Release:apache/opendal|v0.59.1"], "expected": ["Release:apache/opendal|v0.59.1"]}, {"id": "release-of-8191", "f1": 1.0, "found": ["Release:apache/opendal|v0.59.0"], "expected": ["Release:apache/opendal|v0.59.0"]}, {"id": "release-of-7949", "f1": 1.0, "found": ["Release:apache/opendal|v0.58.2"], "expected": ["Release:apache/opendal|v0.58.2"]}, {"id": "release-of-8035", "f1": 1.0, "found": ["Release:apache/opendal|v0.58.2"], "expected": ["Release:apache/opendal|v0.58.2"]}, {"id": "release-of-7386", "f1": 1.0, "found": ["Release:apache/opendal|v0.58.1"], "expected": ["Release:apache/opendal|v0.58.1"]}, {"id": "release-of-7869", "f1": 1.0, "found": ["Release:apache/opendal|v0.58.1"], "expected": ["Release:apache/opendal|v0.58.1"]}, {"id": "release-contents-v0.59.1", "f1": 1.0, "found": ["Change:apache/opendal|8206", "Change:apache/opendal|8213", "Change:apache/opendal|8214", "Change:apache/opendal|8215", "Change:apache/opendal|8216", "Change:apache/opendal|8223"], "expected": ["Change:apache/opendal|8206", "Change:apache/opendal|8213", "Change:apache/opendal|8214", "Change:apache/opendal|8215", "Change:apache/opendal|8216", "Change:apache/opendal|8223"]}, {"id": "reverted-7983", "f1": 1.0, "found": ["Change:apache/opendal|8034"], "expected": ["Change:apache/opendal|8034"]}, {"id": "reverted-7927", "f1": 1.0, "found": ["Change:apache/opendal|7943"], "expected": ["Change:apache/opendal|7943"]}, {"id": "change-for-s3-express", "f1": 1.0, "found": ["Change:apache/opendal|8135"], "expected": ["Change:apache/opendal|8135"]}, {"id": "change-for-s3-restoration", "f1": 1.0, "found": ["Change:apache/opendal|8143"], "expected": ["Change:apache/opendal|8143"]}, {"id": "change-for-gcs-grpc", "f1": 0.3333, "found": ["Change:apache/opendal|7927", "Change:apache/opendal|7943", "Change:apache/opendal|8153", "Change:apache/opendal|8185", "Change:apache/opendal|8186"], "expected": ["Change:apache/opendal|8153"]}, {"id": "change-for-aws-profiles", "f1": 1.0, "found": ["Change:apache/opendal|7949"], "expected": ["Change:apache/opendal|7949"]}, {"id": "change-for-http-429", "f1": 1.0, "found": ["Change:apache/opendal|8035"], "expected": ["Change:apache/opendal|8035"]}, {"id": "change-for-gcs-compose", "f1": 0.6667, "found": ["Change:apache/opendal|8153", "Change:apache/opendal|8191"], "expected": ["Change:apache/opendal|8191"]}, {"id": "release-for-gcs-grpc", "f1": 0.5, "found": ["Release:apache/opendal|v0.58.1", "Release:apache/opendal|v0.59.0", "Release:apache/opendal|v0.59.1"], "expected": ["Release:apache/opendal|v0.59.0"]}, {"id": "release-for-s3-express", "f1": 1.0, "found": ["Release:apache/opendal|v0.59.0"], "expected": ["Release:apache/opendal|v0.59.0"]}]}], "scope": "OpenDAL: releases/reverts/change content; no Jira/review/CI/deploy data"}, "seconds": 473.14}
2026-10-06 17:04:52 [info     ] app_stopped
