2026-10-06 19:37:46 [info     ] embedding_service_initialized  model=all-MiniLM-L6-v2
2026-10-06 19:37:46 [info     ] llm_client_initialized
2026-10-06 19:37:46 [warning  ] ontology_setting_not_implemented setting='pdlc: Request.embed_fields (no embeddings for pack types)'
2026-10-06 19:37:46 [warning  ] ontology_setting_not_implemented setting='pdlc: Spec.embed_fields (no embeddings for pack types)'
2026-10-06 19:37:46 [warning  ] ontology_setting_not_implemented setting='pdlc: Requirement.embed_fields (no embeddings for pack types)'
2026-10-06 19:37:46 [warning  ] ontology_setting_not_implemented setting='pdlc: Decision.embed_fields (no embeddings for pack types)'
2026-10-06 19:37:46 [warning  ] ontology_setting_not_implemented setting='pdlc: Constraint.embed_fields (no embeddings for pack types)'
2026-10-06 19:37:46 [warning  ] ontology_setting_not_implemented setting='pdlc: DesignElement.embed_fields (no embeddings for pack types)'
2026-10-06 19:37:46 [warning  ] ontology_setting_not_implemented setting='pdlc: Change.embed_fields (no embeddings for pack types)'
2026-10-06 19:37:46 [warning  ] ontology_setting_not_implemented setting='pdlc: Incident.embed_fields (no embeddings for pack types)'
2026-10-06 19:37:46 [warning  ] ontology_setting_not_implemented setting='pdlc: Lesson.embed_fields (no embeddings for pack types)'
2026-10-06 19:37:46 [warning  ] ontology_setting_not_implemented setting='pdlc: link_policy completeness_reports, read_time_threshold, scoring_question, write_time_threshold'
2026-10-06 19:37:46 [warning  ] ontology_setting_not_implemented setting='pdlc: extraction.derived_proposals'
2026-10-06 19:37:46 [warning  ] ontology_setting_not_implemented setting='pdlc: lifecycle.decay'
2026-10-06 19:37:46 [warning  ] ontology_setting_not_implemented setting='pdlc: lifecycle.terminal_states_reduce_importance'
2026-10-06 19:37:46 [warning  ] ontology_setting_not_implemented setting='pdlc: mappings (vocabulary only)'
2026-10-06 19:37:48 [info     ] app_started                    neo4j_uri=bolt://localhost:7687 ontology_packs=['core@1.1.0', 'memory@1.0.0', 'user@1.0.0', 'pdlc@1.7.0'] ontology_version=sha256:3a7c761cd2848649 redis_host=localhost
2026-10-06 19:37:49 [info     ] consumer_started               consumer=compat-shards-A group=compat-shards-A stream=Events
2026-10-06 19:37:49 [info     ] consumer_started               consumer=compat-shards-B group=compat-shards-B stream=Events
2026-10-06 19:37:49 [info     ] batch_ingested                 accepted=16 rejected=0 request_id=d02e9ec8-cab4-490d-b4c7-a79d9069fdb7 store_failures=0 total=16
/private/tmp/engram-ontology-review-venv/lib/python3.12/site-packages/fastapi/routing.py:360: FastAPIDeprecationWarning: ORJSONResponse is deprecated, FastAPI now serializes data directly to JSON bytes via Pydantic when a return type or response model is set, which is faster and doesn't need a custom response class. Read more in the FastAPI docs: https://fastapi.tiangolo.com/advanced/custom-response/#orjson-or-response-model and https://fastapi.tiangolo.com/tutorial/response-model/
  return await dependant.call(**values)
2026-10-06 19:37:49 [info     ] pending_drain_completed        group=compat-shards-A
2026-10-06 19:37:49 [info     ] pending_drain_completed        group=compat-shards-B
2026-10-06 19:37:50 [debug    ] event_projected                edge_count=0 entry_id=2026-10-06T14:07:49.448559000Z/000000/addd4c08-1907-413a-ae1a-8ed482b3dea4 event_id=addd4c08-1907-413a-ae1a-8ed482b3dea4 session_id=all-shards-8
2026-10-06 19:37:50 [debug    ] event_projected                edge_count=0 entry_id=2026-10-06T14:07:49.448559000Z/000000/addd4c08-1907-413a-ae1a-8ed482b3dea4 event_id=addd4c08-1907-413a-ae1a-8ed482b3dea4 session_id=all-shards-8
2026-10-06 19:37:50 [debug    ] event_projected                edge_count=0 entry_id=2026-10-06T14:07:49.448559000Z/000001/5f2fccfe-6ca5-4a94-9072-082fcdbffdb9 event_id=5f2fccfe-6ca5-4a94-9072-082fcdbffdb9 session_id=all-shards-7
2026-10-06 19:37:50 [debug    ] event_projected                edge_count=0 entry_id=2026-10-06T14:07:49.448559000Z/000001/5f2fccfe-6ca5-4a94-9072-082fcdbffdb9 event_id=5f2fccfe-6ca5-4a94-9072-082fcdbffdb9 session_id=all-shards-7
2026-10-06 19:37:51 [debug    ] event_projected                edge_count=0 entry_id=2026-10-06T14:07:49.448559000Z/000002/a5193acb-f7a3-409f-8aab-1ca27afd853f event_id=a5193acb-f7a3-409f-8aab-1ca27afd853f session_id=all-shards-0
2026-10-06 19:37:51 [debug    ] event_projected                edge_count=0 entry_id=2026-10-06T14:07:49.448559000Z/000002/a5193acb-f7a3-409f-8aab-1ca27afd853f event_id=a5193acb-f7a3-409f-8aab-1ca27afd853f session_id=all-shards-0
2026-10-06 19:37:52 [debug    ] event_projected                edge_count=0 entry_id=2026-10-06T14:07:49.448559000Z/000003/aaf3bdca-8e86-47b2-bb7b-e0a0947abca3 event_id=aaf3bdca-8e86-47b2-bb7b-e0a0947abca3 session_id=all-shards-34
2026-10-06 19:37:52 [debug    ] event_projected                edge_count=0 entry_id=2026-10-06T14:07:49.448559000Z/000003/aaf3bdca-8e86-47b2-bb7b-e0a0947abca3 event_id=aaf3bdca-8e86-47b2-bb7b-e0a0947abca3 session_id=all-shards-34
2026-10-06 19:37:52 [debug    ] event_projected                edge_count=0 entry_id=2026-10-06T14:07:49.448559000Z/000004/3d5d5350-96ba-443e-840d-f6040648b10c event_id=3d5d5350-96ba-443e-840d-f6040648b10c session_id=all-shards-1
2026-10-06 19:37:52 [debug    ] event_projected                edge_count=0 entry_id=2026-10-06T14:07:49.448559000Z/000004/3d5d5350-96ba-443e-840d-f6040648b10c event_id=3d5d5350-96ba-443e-840d-f6040648b10c session_id=all-shards-1
2026-10-06 19:37:53 [debug    ] event_projected                edge_count=0 entry_id=2026-10-06T14:07:49.448559000Z/000005/d9cd78e4-f644-4979-9295-a3bcda6a964c event_id=d9cd78e4-f644-4979-9295-a3bcda6a964c session_id=all-shards-35
2026-10-06 19:37:53 [debug    ] event_projected                edge_count=0 entry_id=2026-10-06T14:07:49.448559000Z/000005/d9cd78e4-f644-4979-9295-a3bcda6a964c event_id=d9cd78e4-f644-4979-9295-a3bcda6a964c session_id=all-shards-35
2026-10-06 19:37:53 [debug    ] event_projected                edge_count=0 entry_id=2026-10-06T14:07:49.448559000Z/000006/d3d5155c-d871-43cf-a31c-747a4d4893a4 event_id=d3d5155c-d871-43cf-a31c-747a4d4893a4 session_id=all-shards-9
2026-10-06 19:37:54 [debug    ] event_projected                edge_count=0 entry_id=2026-10-06T14:07:49.448559000Z/000006/d3d5155c-d871-43cf-a31c-747a4d4893a4 event_id=d3d5155c-d871-43cf-a31c-747a4d4893a4 session_id=all-shards-9
2026-10-06 19:37:54 [debug    ] event_projected                edge_count=0 entry_id=2026-10-06T14:07:49.448559000Z/000007/efc4240a-d68a-4155-8cf9-d7278502ea39 event_id=efc4240a-d68a-4155-8cf9-d7278502ea39 session_id=all-shards-6
2026-10-06 19:37:54 [debug    ] event_projected                edge_count=0 entry_id=2026-10-06T14:07:49.448559000Z/000007/efc4240a-d68a-4155-8cf9-d7278502ea39 event_id=efc4240a-d68a-4155-8cf9-d7278502ea39 session_id=all-shards-6
2026-10-06 19:37:55 [debug    ] event_projected                edge_count=0 entry_id=2026-10-06T14:07:49.448559000Z/000008/e07b2e61-a21b-4104-84df-2074e98376a9 event_id=e07b2e61-a21b-4104-84df-2074e98376a9 session_id=all-shards-3
2026-10-06 19:37:55 [debug    ] event_projected                edge_count=0 entry_id=2026-10-06T14:07:49.448559000Z/000008/e07b2e61-a21b-4104-84df-2074e98376a9 event_id=e07b2e61-a21b-4104-84df-2074e98376a9 session_id=all-shards-3
2026-10-06 19:37:55 [debug    ] event_projected                edge_count=0 entry_id=2026-10-06T14:07:49.448559000Z/000009/30cdfd87-d130-4eee-b23e-1fe6ebbe7d49 event_id=30cdfd87-d130-4eee-b23e-1fe6ebbe7d49 session_id=all-shards-28
2026-10-06 19:37:55 [debug    ] event_projected                edge_count=0 entry_id=2026-10-06T14:07:49.448559000Z/000009/30cdfd87-d130-4eee-b23e-1fe6ebbe7d49 event_id=30cdfd87-d130-4eee-b23e-1fe6ebbe7d49 session_id=all-shards-28
2026-10-06 19:37:56 [debug    ] event_projected                edge_count=0 entry_id=2026-10-06T14:07:49.448559000Z/000010/bbe20648-025f-4f5d-840c-cf92c46b5dd7 event_id=bbe20648-025f-4f5d-840c-cf92c46b5dd7 session_id=all-shards-18
2026-10-06 19:37:56 [debug    ] event_projected                edge_count=0 entry_id=2026-10-06T14:07:49.448559000Z/000010/bbe20648-025f-4f5d-840c-cf92c46b5dd7 event_id=bbe20648-025f-4f5d-840c-cf92c46b5dd7 session_id=all-shards-18
2026-10-06 19:37:56 [debug    ] event_projected                edge_count=0 entry_id=2026-10-06T14:07:49.448559000Z/000011/56da9f82-9d1b-48b7-935b-2faba86c2065 event_id=56da9f82-9d1b-48b7-935b-2faba86c2065 session_id=all-shards-4
2026-10-06 19:37:57 [debug    ] event_projected                edge_count=0 entry_id=2026-10-06T14:07:49.448559000Z/000011/56da9f82-9d1b-48b7-935b-2faba86c2065 event_id=56da9f82-9d1b-48b7-935b-2faba86c2065 session_id=all-shards-4
2026-10-06 19:37:57 [debug    ] event_projected                edge_count=0 entry_id=2026-10-06T14:07:49.448559000Z/000012/d01a8939-47b3-4b10-8d8c-b88d18383ebb event_id=d01a8939-47b3-4b10-8d8c-b88d18383ebb session_id=all-shards-19
2026-10-06 19:37:57 [debug    ] event_projected                edge_count=0 entry_id=2026-10-06T14:07:49.448559000Z/000012/d01a8939-47b3-4b10-8d8c-b88d18383ebb event_id=d01a8939-47b3-4b10-8d8c-b88d18383ebb session_id=all-shards-19
2026-10-06 19:37:57 [debug    ] event_projected                edge_count=0 entry_id=2026-10-06T14:07:49.448559000Z/000013/643b2b68-a70e-49d5-b3b8-bca630badb69 event_id=643b2b68-a70e-49d5-b3b8-bca630badb69 session_id=all-shards-5
2026-10-06 19:37:58 [debug    ] event_projected                edge_count=0 entry_id=2026-10-06T14:07:49.448559000Z/000013/643b2b68-a70e-49d5-b3b8-bca630badb69 event_id=643b2b68-a70e-49d5-b3b8-bca630badb69 session_id=all-shards-5
2026-10-06 19:37:58 [debug    ] event_projected                edge_count=0 entry_id=2026-10-06T14:07:49.448559000Z/000014/06e2ac6b-7f78-4e7e-8ae7-621d20a89aef event_id=06e2ac6b-7f78-4e7e-8ae7-621d20a89aef session_id=all-shards-2
2026-10-06 19:37:58 [debug    ] event_projected                edge_count=0 entry_id=2026-10-06T14:07:49.448559000Z/000014/06e2ac6b-7f78-4e7e-8ae7-621d20a89aef event_id=06e2ac6b-7f78-4e7e-8ae7-621d20a89aef session_id=all-shards-2
2026-10-06 19:37:58 [debug    ] event_projected                edge_count=0 entry_id=2026-10-06T14:07:49.448559000Z/000015/ede23c23-513c-4bc3-91e2-adf6f9c949f8 event_id=ede23c23-513c-4bc3-91e2-adf6f9c949f8 session_id=all-shards-29
2026-10-06 19:37:59 [debug    ] event_projected                edge_count=0 entry_id=2026-10-06T14:07:49.448559000Z/000015/ede23c23-513c-4bc3-91e2-adf6f9c949f8 event_id=ede23c23-513c-4bc3-91e2-adf6f9c949f8 session_id=all-shards-29
2026-10-06 19:37:59 [info     ] consumer_stopped               consumer=compat-shards-B group=compat-shards-B
2026-10-06 19:37:59 [info     ] consumer_stopped               consumer=compat-shards-A group=compat-shards-A
{"name": "all_sixteen_shards_two_independent_actual_workers", "scenarios": ["SUB-01"], "verdict": "passed", "observation": {"shards": {"0": 1, "1": 1, "2": 1, "3": 1, "4": 1, "5": 1, "6": 1, "7": 1, "8": 1, "9": 1, "10": 1, "11": 1, "12": 1, "13": 1, "14": 1, "15": 1}, "graph": {"nodes": {"Event": 16}, "edges": []}, "group_counters": {"compat-shards-A": {"unread": 0, "pending": {}}, "compat-shards-B": {"unread": 0, "pending": {}}}, "workers": "two actual independent projection groups, both begun before ingress"}, "seconds": 11.39}
{"name": "late_group_history_pending_pages_partial_ACK_and_DLQ", "scenarios": ["SUB-01", "SUB-02"], "verdict": "passed", "observation": {"unread_before": 16, "unread_after_delivery": 0, "pending_before_ACK": 16, "paged_positions": ["2026-10-06T14:07:49.448559000Z/000000/addd4c08-1907-413a-ae1a-8ed482b3dea4", "2026-10-06T14:07:49.448559000Z/000001/5f2fccfe-6ca5-4a94-9072-082fcdbffdb9", "2026-10-06T14:07:49.448559000Z/000002/a5193acb-f7a3-409f-8aab-1ca27afd853f", "2026-10-06T14:07:49.448559000Z/000003/aaf3bdca-8e86-47b2-bb7b-e0a0947abca3", "2026-10-06T14:07:49.448559000Z/000004/3d5d5350-96ba-443e-840d-f6040648b10c", "2026-10-06T14:07:49.448559000Z/000005/d9cd78e4-f644-4979-9295-a3bcda6a964c", "2026-10-06T14:07:49.448559000Z/000006/d3d5155c-d871-43cf-a31c-747a4d4893a4", "2026-10-06T14:07:49.448559000Z/000007/efc4240a-d68a-4155-8cf9-d7278502ea39", "2026-10-06T14:07:49.448559000Z/000008/e07b2e61-a21b-4104-84df-2074e98376a9", "2026-10-06T14:07:49.448559000Z/000009/30cdfd87-d130-4eee-b23e-1fe6ebbe7d49", "2026-10-06T14:07:49.448559000Z/000010/bbe20648-025f-4f5d-840c-cf92c46b5dd7", "2026-10-06T14:07:49.448559000Z/000011/56da9f82-9d1b-48b7-935b-2faba86c2065", "2026-10-06T14:07:49.448559000Z/000012/d01a8939-47b3-4b10-8d8c-b88d18383ebb", "2026-10-06T14:07:49.448559000Z/000013/643b2b68-a70e-49d5-b3b8-bca630badb69", "2026-10-06T14:07:49.448559000Z/000014/06e2ac6b-7f78-4e7e-8ae7-621d20a89aef", "2026-10-06T14:07:49.448559000Z/000015/ede23c23-513c-4bc3-91e2-adf6f9c949f8"], "pending_after_partial_ACK": 13, "pending_after_DLQ_ACK": {}, "DLQ_count": [[1]]}, "seconds": 2.89}
2026-10-06 19:38:04 [info     ] event_ingested                 event_id=f3aba112-8908-4817-9518-695c73bfde89 event_type=observation.input global_position=2026-10-06T14:08:04.305151000Z/000000/f3aba112-8908-4817-9518-695c73bfde89 request_id=06b95223-de0d-4f3d-a070-54d93479c73a status=created
{"name": "blocking_subscription_wakes_for_new_API_event", "scenarios": ["SUB-01"], "verdict": "passed", "observation": {"wait_seconds": 0.44, "event_id": "f3aba112-8908-4817-9518-695c73bfde89", "delivered_ids": ["f3aba112-8908-4817-9518-695c73bfde89"]}, "seconds": 1.21}
2026-10-06 19:38:04 [error    ] unhandled_exception
╭───────────────────── Traceback (most recent call last) ──────────────────────╮
│ /Users/arunmenon/projects/Engram/src/context_graph/adapters/errors.py:30 in  │
│ wrapper                                                                      │
│                                                                              │
│   27 │   @functools.wraps(method)                                            │
│   28 │   async def wrapper(*args: Any, **kwargs: Any) -> Any:                │
│   29 │   │   try:                                                            │
│ ❱ 30 │   │   │   return await method(*args, **kwargs)                        │
│   31 │   │   except StorageError:                                            │
│   32 │   │   │   raise                                                       │
│   33 │   │   except Exception as exc:                                        │
│                                                                              │
│ ╭───────────────────────────────── locals ─────────────────────────────────╮ │
│ │    args = (                                                              │ │
│ │           │   <context_graph.adapters.spanner.log.SpannerEventLog object │ │
│ │           at 0x15455d280>,                                               │ │
│ │           │   [                                                          │ │
│ │           │   │   Event(                                                 │ │
│ │           │   │   │                                                      │ │
│ │           event_id=UUID('ab90fdcb-0135-400e-a6f7-4f28e576bcbb'),         │ │
│ │           │   │   │   event_type='observation.input',                    │ │
│ │           │   │   │   occurred_at=datetime.datetime(2026, 10, 6, 14, 8,  │ │
│ │           4, 648135, tzinfo=TzInfo(0)),                                  │ │
│ │           │   │   │   session_id='uncertain-commit',                     │ │
│ │           │   │   │   agent_id='compat-resume',                          │ │
│ │           │   │   │   trace_id='uncertain-commit',                       │ │
│ │           │   │   │   payload_ref='compat:resume',                       │ │
│ │           │   │   │   global_position=None,                              │ │
│ │           │   │   │   tool_name=None,                                    │ │
│ │           │   │   │   parent_event_id=None,                              │ │
│ │           │   │   │   ended_at=None,                                     │ │
│ │           │   │   │   status=None,                                       │ │
│ │           │   │   │   schema_version=1,                                  │ │
│ │           │   │   │   importance_hint=None                               │ │
│ │           │   │   )                                                      │ │
│ │           │   ]                                                          │ │
│ │           )                                                              │ │
│ │  kwargs = {'payloads': [{'content': 'Spanner recovery evidence'}]}       │ │
│ │ neutral = UnavailableError('503 synthetic lost response after confirmed  │ │
│ │           real commit')                                                  │ │
│ ╰──────────────────────────────────────────────────────────────────────────╯ │
│                                                                              │
│ /Users/arunmenon/projects/Engram/src/context_graph/adapters/spanner/log.py:4 │
│ 27 in append_batch_outcomes                                                  │
│                                                                              │
│   424 │   │   │   )                                                          │
│   425 │   │   │   for idx, event in enumerate(events)                        │
│   426 │   │   ]                                                              │
│ ❱ 427 │   │   outcomes: list[AppendOutcome] = await self._run(self._append_o │
│       entries)                                                               │
│   428 │   │   return outcomes                                                │
│   429 │                                                                      │
│   430 │   # -- migration (ADR-0019 §7, design brief phase 3) --------------- │
│                                                                              │
│ ╭───────────────────────────────── locals ─────────────────────────────────╮ │
│ │  entries = [                                                             │ │
│ │            │   (                                                         │ │
│ │            │   │   'ab90fdcb-0135-400e-a6f7-4f28e576bcbb',               │ │
│ │            │   │   'uncertain-commit',                                   │ │
│ │            │   │   {                                                     │ │
│ │            │   │   │   'event_id':                                       │ │
│ │            'ab90fdcb-0135-400e-a6f7-4f28e576bcbb',                       │ │
│ │            │   │   │   'event_type': 'observation.input',                │ │
│ │            │   │   │   'occurred_at': '2026-10-06T14:08:04.648135Z',     │ │
│ │            │   │   │   'session_id': 'uncertain-commit',                 │ │
│ │            │   │   │   'agent_id': 'compat-resume',                      │ │
│ │            │   │   │   'trace_id': 'uncertain-commit',                   │ │
│ │            │   │   │   'payload_ref': 'compat:resume',                   │ │
│ │            │   │   │   'global_position': None,                          │ │
│ │            │   │   │   'tool_name': None,                                │ │
│ │            │   │   │   'parent_event_id': None,                          │ │
│ │            │   │   │   ... +6                                            │ │
│ │            │   │   },                                                    │ │
│ │            │   │   1791295684648                                         │ │
│ │            │   )                                                         │ │
│ │            ]                                                             │ │
│ │   events = [                                                             │ │
│ │            │   Event(                                                    │ │
│ │            │   │                                                         │ │
│ │            event_id=UUID('ab90fdcb-0135-400e-a6f7-4f28e576bcbb'),        │ │
│ │            │   │   event_type='observation.input',                       │ │
│ │            │   │   occurred_at=datetime.datetime(2026, 10, 6, 14, 8, 4,  │ │
│ │            648135, tzinfo=TzInfo(0)),                                    │ │
│ │            │   │   session_id='uncertain-commit',                        │ │
│ │            │   │   agent_id='compat-resume',                             │ │
│ │            │   │   trace_id='uncertain-commit',                          │ │
│ │            │   │   payload_ref='compat:resume',                          │ │
│ │            │   │   global_position=None,                                 │ │
│ │            │   │   tool_name=None,                                       │ │
│ │            │   │   parent_event_id=None,                                 │ │
│ │            │   │   ended_at=None,                                        │ │
│ │            │   │   status=None,                                          │ │
│ │            │   │   schema_version=1,                                     │ │
│ │            │   │   importance_hint=None                                  │ │
│ │            │   )                                                         │ │
│ │            ]                                                             │ │
│ │ payloads = [{'content': 'Spanner recovery evidence'}]                    │ │
│ │     self = <context_graph.adapters.spanner.log.SpannerEventLog object at │ │
│ │            0x15455d280>                                                  │ │
│ ╰──────────────────────────────────────────────────────────────────────────╯ │
│                                                                              │
│ /Users/arunmenon/projects/Engram/src/context_graph/adapters/spanner/log.py:2 │
│ 22 in _run                                                                   │
│                                                                              │
│   219 │   │   return self._shards                                            │
│   220 │                                                                      │
│   221 │   async def _run(self, fn: Any, *args: Any) -> Any:                  │
│ ❱ 222 │   │   return await asyncio.to_thread(fn, *args)                      │
│   223 │                                                                      │
│   224 │   async def _query(                                                  │
│   225 │   │   self, sql: str, params: dict[str, Any] | None = None, types: d │
│       None = None                                                            │
│                                                                              │
│ ╭───────────────────────────────── locals ─────────────────────────────────╮ │
│ │ args = (                                                                 │ │
│ │        │   [                                                             │ │
│ │        │   │   (                                                         │ │
│ │        │   │   │   'ab90fdcb-0135-400e-a6f7-4f28e576bcbb',               │ │
│ │        │   │   │   'uncertain-commit',                                   │ │
│ │        │   │   │   {                                                     │ │
│ │        │   │   │   │   'event_id':                                       │ │
│ │        'ab90fdcb-0135-400e-a6f7-4f28e576bcbb',                           │ │
│ │        │   │   │   │   'event_type': 'observation.input',                │ │
│ │        │   │   │   │   'occurred_at': '2026-10-06T14:08:04.648135Z',     │ │
│ │        │   │   │   │   'session_id': 'uncertain-commit',                 │ │
│ │        │   │   │   │   'agent_id': 'compat-resume',                      │ │
│ │        │   │   │   │   'trace_id': 'uncertain-commit',                   │ │
│ │        │   │   │   │   'payload_ref': 'compat:resume',                   │ │
│ │        │   │   │   │   'global_position': None,                          │ │
│ │        │   │   │   │   'tool_name': None,                                │ │
│ │        │   │   │   │   'parent_event_id': None,                          │ │
│ │        │   │   │   │   ... +6                                            │ │
│ │        │   │   │   },                                                    │ │
│ │        │   │   │   1791295684648                                         │ │
│ │        │   │   )                                                         │ │
│ │        │   ],                                                            │ │
│ │        )                                                                 │ │
│ │   fn = <bound method SpannerEventLog._append_outcomes_sync of            │ │
│ │        <context_graph.adapters.spanner.log.SpannerEventLog object at     │ │
│ │        0x15455d280>>                                                     │ │
│ │ self = <context_graph.adapters.spanner.log.SpannerEventLog object at     │ │
│ │        0x15455d280>                                                      │ │
│ ╰──────────────────────────────────────────────────────────────────────────╯ │
│                                                                              │
│ /opt/homebrew/Cellar/python@3.12/3.12.7_1/Frameworks/Python.framework/Versio │
│ ns/3.12/lib/python3.12/asyncio/threads.py:25 in to_thread                    │
│                                                                              │
│   22 │   loop = events.get_running_loop()                                    │
│   23 │   ctx = contextvars.copy_context()                                    │
│   24 │   func_call = functools.partial(ctx.run, func, *args, **kwargs)       │
│ ❱ 25 │   return await loop.run_in_executor(None, func_call)                  │
│   26                                                                         │
│                                                                              │
│ ╭───────────────────────────────── locals ─────────────────────────────────╮ │
│ │      args = (                                                            │ │
│ │             │   [                                                        │ │
│ │             │   │   (                                                    │ │
│ │             │   │   │   'ab90fdcb-0135-400e-a6f7-4f28e576bcbb',          │ │
│ │             │   │   │   'uncertain-commit',                              │ │
│ │             │   │   │   {                                                │ │
│ │             │   │   │   │   'event_id':                                  │ │
│ │             'ab90fdcb-0135-400e-a6f7-4f28e576bcbb',                      │ │
│ │             │   │   │   │   'event_type': 'observation.input',           │ │
│ │             │   │   │   │   'occurred_at':                               │ │
│ │             '2026-10-06T14:08:04.648135Z',                               │ │
│ │             │   │   │   │   'session_id': 'uncertain-commit',            │ │
│ │             │   │   │   │   'agent_id': 'compat-resume',                 │ │
│ │             │   │   │   │   'trace_id': 'uncertain-commit',              │ │
│ │             │   │   │   │   'payload_ref': 'compat:resume',              │ │
│ │             │   │   │   │   'global_position': None,                     │ │
│ │             │   │   │   │   'tool_name': None,                           │ │
│ │             │   │   │   │   'parent_event_id': None,                     │ │
│ │             │   │   │   │   ... +6                                       │ │
│ │             │   │   │   },                                               │ │
│ │             │   │   │   1791295684648                                    │ │
│ │             │   │   )                                                    │ │
│ │             │   ],                                                       │ │
│ │             )                                                            │ │
│ │       ctx = <_contextvars.Context object at 0x153c5d100>                 │ │
│ │      func = <bound method SpannerEventLog._append_outcomes_sync of       │ │
│ │             <context_graph.adapters.spanner.log.SpannerEventLog object   │ │
│ │             at 0x15455d280>>                                             │ │
│ │ func_call = functools.partial(<built-in method run of                    │ │
│ │             _contextvars.Context object at 0x153c5d100>, <bound method   │ │
│ │             SpannerEventLog._append_outcomes_sync of                     │ │
│ │             <context_graph.adapters.spanner.log.SpannerEventLog object   │ │
│ │             at 0x15455d280>>, [('ab90fdcb-0135-400e-a6f7-4f28e576bcbb',  │ │
│ │             'uncertain-commit', {'event_id':                             │ │
│ │             'ab90fdcb-0135-400e-a6f7-4f28e576bcbb', 'event_type':        │ │
│ │             'observation.input', 'occurred_at':                          │ │
│ │             '2026-10-06T14:08:04.648135Z', 'session_id':                 │ │
│ │             'uncertain-commit', 'agent_id': 'compat-resume', 'trace_id': │ │
│ │             'uncertain-commit', 'payload_ref': 'compat:resume',          │ │
│ │             'global_position': None, 'tool_name': None,                  │ │
│ │             'parent_event_id': None, 'ended_at': None, 'status': None,   │ │
│ │             'schema_version': 1, 'importance_hint': None, 'payload':     │ │
│ │             {'content': 'Spanner recovery evidence'}, 'search_text':     │ │
│ │             'Spanner recovery evidence'}, 1791295684648)])               │ │
│ │    kwargs = {}                                                           │ │
│ │      loop = <_UnixSelectorEventLoop running=True closed=False            │ │
│ │             debug=False>                                                 │ │
│ ╰──────────────────────────────────────────────────────────────────────────╯ │
│                                                                              │
│ /opt/homebrew/Cellar/python@3.12/3.12.7_1/Frameworks/Python.framework/Versio │
│ ns/3.12/lib/python3.12/concurrent/futures/thread.py:58 in run                │
│                                                                              │
│    55 │   │   │   return                                                     │
│    56 │   │                                                                  │
│    57 │   │   try:                                                           │
│ ❱  58 │   │   │   result = self.fn(*self.args, **self.kwargs)                │
│    59 │   │   except BaseException as exc:                                   │
│    60 │   │   │   self.future.set_exception(exc)                             │
│    61 │   │   │   # Break a reference cycle with the exception 'exc'         │
│                                                                              │
│ ╭── locals ───╮                                                              │
│ │ self = None │                                                              │
│ ╰─────────────╯                                                              │
│                                                                              │
│ /Users/arunmenon/projects/Engram/src/context_graph/adapters/spanner/log.py:3 │
│ 13 in _append_outcomes_sync                                                  │
│                                                                              │
│   310 │   │   chunks = self._budget.chunks(entries, lambda entry: event_row_ │
│   311 │   │   for number, chunk in enumerate(chunks):                        │
│   312 │   │   │   try:                                                       │
│ ❱ 313 │   │   │   │   outcomes += self._append_chunk_sync(chunk)             │
│   314 │   │   │   except Exception as exc:                                   │
│   315 │   │   │   │   if number == 0:                                        │
│   316 │   │   │   │   │   raise                                              │
│                                                                              │
│ ╭───────────────────────────────── locals ─────────────────────────────────╮ │
│ │    chunk = [                                                             │ │
│ │            │   (                                                         │ │
│ │            │   │   'ab90fdcb-0135-400e-a6f7-4f28e576bcbb',               │ │
│ │            │   │   'uncertain-commit',                                   │ │
│ │            │   │   {                                                     │ │
│ │            │   │   │   'event_id':                                       │ │
│ │            'ab90fdcb-0135-400e-a6f7-4f28e576bcbb',                       │ │
│ │            │   │   │   'event_type': 'observation.input',                │ │
│ │            │   │   │   'occurred_at': '2026-10-06T14:08:04.648135Z',     │ │
│ │            │   │   │   'session_id': 'uncertain-commit',                 │ │
│ │            │   │   │   'agent_id': 'compat-resume',                      │ │
│ │            │   │   │   'trace_id': 'uncertain-commit',                   │ │
│ │            │   │   │   'payload_ref': 'compat:resume',                   │ │
│ │            │   │   │   'global_position': None,                          │ │
│ │            │   │   │   'tool_name': None,                                │ │
│ │            │   │   │   'parent_event_id': None,                          │ │
│ │            │   │   │   ... +6                                            │ │
│ │            │   │   },                                                    │ │
│ │            │   │   1791295684648                                         │ │
│ │            │   )                                                         │ │
│ │            ]                                                             │ │
│ │   chunks = [                                                             │ │
│ │            │   [                                                         │ │
│ │            │   │   (                                                     │ │
│ │            │   │   │   'ab90fdcb-0135-400e-a6f7-4f28e576bcbb',           │ │
│ │            │   │   │   'uncertain-commit',                               │ │
│ │            │   │   │   {                                                 │ │
│ │            │   │   │   │   'event_id':                                   │ │
│ │            'ab90fdcb-0135-400e-a6f7-4f28e576bcbb',                       │ │
│ │            │   │   │   │   'event_type': 'observation.input',            │ │
│ │            │   │   │   │   'occurred_at': '2026-10-06T14:08:04.648135Z', │ │
│ │            │   │   │   │   'session_id': 'uncertain-commit',             │ │
│ │            │   │   │   │   'agent_id': 'compat-resume',                  │ │
│ │            │   │   │   │   'trace_id': 'uncertain-commit',               │ │
│ │            │   │   │   │   'payload_ref': 'compat:resume',               │ │
│ │            │   │   │   │   'global_position': None,                      │ │
│ │            │   │   │   │   'tool_name': None,                            │ │
│ │            │   │   │   │   'parent_event_id': None,                      │ │
│ │            │   │   │   │   ... +6                                        │ │
│ │            │   │   │   },                                                │ │
│ │            │   │   │   1791295684648                                     │ │
│ │            │   │   )                                                     │ │
│ │            │   ]                                                         │ │
│ │            ]                                                             │ │
│ │  entries = [                                                             │ │
│ │            │   (                                                         │ │
│ │            │   │   'ab90fdcb-0135-400e-a6f7-4f28e576bcbb',               │ │
│ │            │   │   'uncertain-commit',                                   │ │
│ │            │   │   {                                                     │ │
│ │            │   │   │   'event_id':                                       │ │
│ │            'ab90fdcb-0135-400e-a6f7-4f28e576bcbb',                       │ │
│ │            │   │   │   'event_type': 'observation.input',                │ │
│ │            │   │   │   'occurred_at': '2026-10-06T14:08:04.648135Z',     │ │
│ │            │   │   │   'session_id': 'uncertain-commit',                 │ │
│ │            │   │   │   'agent_id': 'compat-resume',                      │ │
│ │            │   │   │   'trace_id': 'uncertain-commit',                   │ │
│ │            │   │   │   'payload_ref': 'compat:resume',                   │ │
│ │            │   │   │   'global_position': None,                          │ │
│ │            │   │   │   'tool_name': None,                                │ │
│ │            │   │   │   'parent_event_id': None,                          │ │
│ │            │   │   │   ... +6                                            │ │
│ │            │   │   },                                                    │ │
│ │            │   │   1791295684648                                         │ │
│ │            │   )                                                         │ │
│ │            ]                                                             │ │
│ │   number = 0                                                             │ │
│ │ outcomes = []                                                            │ │
│ │     self = <context_graph.adapters.spanner.log.SpannerEventLog object at │ │
│ │            0x15455d280>                                                  │ │
│ ╰──────────────────────────────────────────────────────────────────────────╯ │
│                                                                              │
│ /Users/arunmenon/projects/Engram/scripts/engram_spanner_compat_pack_cases.py │
│ :519 in committed_then_lost                                                  │
│                                                                              │
│   516 │   │   │   original=stores.event_log._append_chunk_sync               │
│   517 │   │   │   def committed_then_lost(entries):                          │
│   518 │   │   │   │   original(entries)                                      │
│ ❱ 519 │   │   │   │   raise ServiceUnavailable('synthetic lost response afte │
│       commit')                                                               │
│   520 │   │   │   row=event('uncertain-commit')                              │
│   521 │   │   │   stores.event_log._append_chunk_sync=committed_then_lost    │
│   522 │   │   │   try:first=await client.post('/v1/events',json=row)         │
│                                                                              │
│ ╭───────────────────────────────── locals ─────────────────────────────────╮ │
│ │  entries = [                                                             │ │
│ │            │   (                                                         │ │
│ │            │   │   'ab90fdcb-0135-400e-a6f7-4f28e576bcbb',               │ │
│ │            │   │   'uncertain-commit',                                   │ │
│ │            │   │   {                                                     │ │
│ │            │   │   │   'event_id':                                       │ │
│ │            'ab90fdcb-0135-400e-a6f7-4f28e576bcbb',                       │ │
│ │            │   │   │   'event_type': 'observation.input',                │ │
│ │            │   │   │   'occurred_at': '2026-10-06T14:08:04.648135Z',     │ │
│ │            │   │   │   'session_id': 'uncertain-commit',                 │ │
│ │            │   │   │   'agent_id': 'compat-resume',                      │ │
│ │            │   │   │   'trace_id': 'uncertain-commit',                   │ │
│ │            │   │   │   'payload_ref': 'compat:resume',                   │ │
│ │            │   │   │   'global_position': None,                          │ │
│ │            │   │   │   'tool_name': None,                                │ │
│ │            │   │   │   'parent_event_id': None,                          │ │
│ │            │   │   │   ... +6                                            │ │
│ │            │   │   },                                                    │ │
│ │            │   │   1791295684648                                         │ │
│ │            │   )                                                         │ │
│ │            ]                                                             │ │
│ │ original = <bound method SpannerEventLog._append_chunk_sync of           │ │
│ │            <context_graph.adapters.spanner.log.SpannerEventLog object at │ │
│ │            0x15455d280>>                                                 │ │
│ ╰──────────────────────────────────────────────────────────────────────────╯ │
╰──────────────────────────────────────────────────────────────────────────────╯
ServiceUnavailable: 503 synthetic lost response after confirmed real commit

The above exception was the direct cause of the following exception:

╭───────────────────── Traceback (most recent call last) ──────────────────────╮
│ /private/tmp/engram-ontology-review-venv/lib/python3.12/site-packages/starle │
│ tte/middleware/errors.py:164 in __call__                                     │
│                                                                              │
│   161 │   │   │   await send(message)                                        │
│   162 │   │                                                                  │
│   163 │   │   try:                                                           │
│ ❱ 164 │   │   │   await self.app(scope, receive, _send)                      │
│   165 │   │   except Exception as exc:                                       │
│   166 │   │   │   request = Request(scope)                                   │
│   167 │   │   │   if self.debug:                                             │
│                                                                              │
│ ╭───────────────────────────────── locals ─────────────────────────────────╮ │
│ │              exc = UnavailableError('503 synthetic lost response after   │ │
│ │                    confirmed real commit')                               │ │
│ │          request = <starlette.requests.Request object at 0x153ba3fe0>    │ │
│ │ response_started = False                                                 │ │
│ │            scope = {                                                     │ │
│ │                    │   'type': 'http',                                   │ │
│ │                    │   'asgi': {'version': '3.0'},                       │ │
│ │                    │   'http_version': '1.1',                            │ │
│ │                    │   'method': 'POST',                                 │ │
│ │                    │   'headers': [                                      │ │
│ │                    │   │   (b'host', b'compat'),                         │ │
│ │                    │   │   (b'accept', b'*/*'),                          │ │
│ │                    │   │   (b'accept-encoding', b'gzip, deflate'),       │ │
│ │                    │   │   (b'connection', b'keep-alive'),               │ │
│ │                    │   │   (b'user-agent', b'python-httpx/0.28.1'),      │ │
│ │                    │   │   (b'content-length', b'302'),                  │ │
│ │                    │   │   (b'content-type', b'application/json')        │ │
│ │                    │   ],                                                │ │
│ │                    │   'scheme': 'http',                                 │ │
│ │                    │   'path': '/v1/events',                             │ │
│ │                    │   'raw_path': b'/v1/events',                        │ │
│ │                    │   'query_string': b'',                              │ │
│ │                    │   'server': ('compat', None),                       │ │
│ │                    │   ... +13                                           │ │
│ │                    }                                                     │ │
│ │             self = <starlette.middleware.errors.ServerErrorMiddleware    │ │
│ │                    object at 0x1545675f0>                                │ │
│ ╰──────────────────────────────────────────────────────────────────────────╯ │
│                                                                              │
│ /private/tmp/engram-ontology-review-venv/lib/python3.12/site-packages/fastap │
│ i/telemetry/_asgi.py:151 in __call__                                         │
│                                                                              │
│   148 │                                                                      │
│   149 │   async def __call__(self, scope: Scope, receive: Receive, send: Sen │
│   150 │   │   try:                                                           │
│ ❱ 151 │   │   │   await self.app(scope, receive, send)                       │
│   152 │   │   except Exception as exc:                                       │
│   153 │   │   │   _exception(scope=scope, exc=exc)                           │
│   154 │   │   │   raise                                                      │
│                                                                              │
│ ╭───────────────────────────────── locals ─────────────────────────────────╮ │
│ │ scope = {                                                                │ │
│ │         │   'type': 'http',                                              │ │
│ │         │   'asgi': {'version': '3.0'},                                  │ │
│ │         │   'http_version': '1.1',                                       │ │
│ │         │   'method': 'POST',                                            │ │
│ │         │   'headers': [                                                 │ │
│ │         │   │   (b'host', b'compat'),                                    │ │
│ │         │   │   (b'accept', b'*/*'),                                     │ │
│ │         │   │   (b'accept-encoding', b'gzip, deflate'),                  │ │
│ │         │   │   (b'connection', b'keep-alive'),                          │ │
│ │         │   │   (b'user-agent', b'python-httpx/0.28.1'),                 │ │
│ │         │   │   (b'content-length', b'302'),                             │ │
│ │         │   │   (b'content-type', b'application/json')                   │ │
│ │         │   ],                                                           │ │
│ │         │   'scheme': 'http',                                            │ │
│ │         │   'path': '/v1/events',                                        │ │
│ │         │   'raw_path': b'/v1/events',                                   │ │
│ │         │   'query_string': b'',                                         │ │
│ │         │   'server': ('compat', None),                                  │ │
│ │         │   ... +13                                                      │ │
│ │         }                                                                │ │
│ │  self = <fastapi.telemetry._asgi.ExceptionTelemetryMiddleware object at  │ │
│ │         0x154565760>                                                     │ │
│ ╰──────────────────────────────────────────────────────────────────────────╯ │
│                                                                              │
│ /private/tmp/engram-ontology-review-venv/lib/python3.12/site-packages/starle │
│ tte/middleware/cors.py:91 in __call__                                        │
│                                                                              │
│    88 │   │   │   await response(scope, receive, send)                       │
│    89 │   │   │   return                                                     │
│    90 │   │                                                                  │
│ ❱  91 │   │   await self.simple_response(scope, receive, send, request_heade │
│    92 │                                                                      │
│    93 │   def is_allowed_origin(self, origin: str) -> bool:                  │
│    94 │   │   if self.allow_all_origins:                                     │
│                                                                              │
│ ╭───────────────────────────────── locals ─────────────────────────────────╮ │
│ │ headers = Headers({'host': 'compat', 'accept': '*/*', 'accept-encoding': │ │
│ │           'gzip, deflate', 'connection': 'keep-alive', 'user-agent':     │ │
│ │           'python-httpx/0.28.1', 'content-length': '302',                │ │
│ │           'content-type': 'application/json'})                           │ │
│ │  method = 'POST'                                                         │ │
│ │  origin = None                                                           │ │
│ │   scope = {                                                              │ │
│ │           │   'type': 'http',                                            │ │
│ │           │   'asgi': {'version': '3.0'},                                │ │
│ │           │   'http_version': '1.1',                                     │ │
│ │           │   'method': 'POST',                                          │ │
│ │           │   'headers': [                                               │ │
│ │           │   │   (b'host', b'compat'),                                  │ │
│ │           │   │   (b'accept', b'*/*'),                                   │ │
│ │           │   │   (b'accept-encoding', b'gzip, deflate'),                │ │
│ │           │   │   (b'connection', b'keep-alive'),                        │ │
│ │           │   │   (b'user-agent', b'python-httpx/0.28.1'),               │ │
│ │           │   │   (b'content-length', b'302'),                           │ │
│ │           │   │   (b'content-type', b'application/json')                 │ │
│ │           │   ],                                                         │ │
│ │           │   'scheme': 'http',                                          │ │
│ │           │   'path': '/v1/events',                                      │ │
│ │           │   'raw_path': b'/v1/events',                                 │ │
│ │           │   'query_string': b'',                                       │ │
│ │           │   'server': ('compat', None),                                │ │
│ │           │   ... +13                                                    │ │
│ │           }                                                              │ │
│ │    self = <starlette.middleware.cors.CORSMiddleware object at            │ │
│ │           0x1545655e0>                                                   │ │
│ ╰──────────────────────────────────────────────────────────────────────────╯ │
│                                                                              │
│ /private/tmp/engram-ontology-review-venv/lib/python3.12/site-packages/starle │
│ tte/middleware/cors.py:149 in simple_response                                │
│                                                                              │
│   146 │                                                                      │
│   147 │   async def simple_response(self, scope: Scope, receive: Receive, se │
│       request_headers: Headers) -> None:                                     │
│   148 │   │   send = functools.partial(self.send, send=send, request_headers │
│ ❱ 149 │   │   await self.app(scope, receive, send)                           │
│   150 │                                                                      │
│   151 │   async def send(self, message: Message, send: Send, request_headers │
│       None:                                                                  │
│   152 │   │   if message["type"] != "http.response.start":                   │
│                                                                              │
│ ╭───────────────────────────────── locals ─────────────────────────────────╮ │
│ │ request_headers = Headers({'host': 'compat', 'accept': '*/*',            │ │
│ │                   'accept-encoding': 'gzip, deflate', 'connection':      │ │
│ │                   'keep-alive', 'user-agent': 'python-httpx/0.28.1',     │ │
│ │                   'content-length': '302', 'content-type':               │ │
│ │                   'application/json'})                                   │ │
│ │           scope = {                                                      │ │
│ │                   │   'type': 'http',                                    │ │
│ │                   │   'asgi': {'version': '3.0'},                        │ │
│ │                   │   'http_version': '1.1',                             │ │
│ │                   │   'method': 'POST',                                  │ │
│ │                   │   'headers': [                                       │ │
│ │                   │   │   (b'host', b'compat'),                          │ │
│ │                   │   │   (b'accept', b'*/*'),                           │ │
│ │                   │   │   (b'accept-encoding', b'gzip, deflate'),        │ │
│ │                   │   │   (b'connection', b'keep-alive'),                │ │
│ │                   │   │   (b'user-agent', b'python-httpx/0.28.1'),       │ │
│ │                   │   │   (b'content-length', b'302'),                   │ │
│ │                   │   │   (b'content-type', b'application/json')         │ │
│ │                   │   ],                                                 │ │
│ │                   │   'scheme': 'http',                                  │ │
│ │                   │   'path': '/v1/events',                              │ │
│ │                   │   'raw_path': b'/v1/events',                         │ │
│ │                   │   'query_string': b'',                               │ │
│ │                   │   'server': ('compat', None),                        │ │
│ │                   │   ... +13                                            │ │
│ │                   }                                                      │ │
│ │            self = <starlette.middleware.cors.CORSMiddleware object at    │ │
│ │                   0x1545655e0>                                           │ │
│ │            send = functools.partial(<bound method CORSMiddleware.send of │ │
│ │                   <starlette.middleware.cors.CORSMiddleware object at    │ │
│ │                   0x1545655e0>>, send=<function                          │ │
│ │                   ServerErrorMiddleware.__call__.<locals>._send at       │ │
│ │                   0x1547ab880>, request_headers=Headers({'host':         │ │
│ │                   'compat', 'accept': '*/*', 'accept-encoding': 'gzip,   │ │
│ │                   deflate', 'connection': 'keep-alive', 'user-agent':    │ │
│ │                   'python-httpx/0.28.1', 'content-length': '302',        │ │
│ │                   'content-type': 'application/json'}))                  │ │
│ ╰──────────────────────────────────────────────────────────────────────────╯ │
│                                                                              │
│ /private/tmp/engram-ontology-review-venv/lib/python3.12/site-packages/starle │
│ tte/middleware/base.py:197 in __call__                                       │
│                                                                              │
│   194 │   │   send_stream, recv_stream = anyio.create_memory_object_stream[M │
│   195 │   │   with recv_stream, send_stream:                                 │
│   196 │   │   │   async with create_collapsing_task_group() as task_group:   │
│ ❱ 197 │   │   │   │   response = await self.dispatch_func(request, call_next │
│   198 │   │   │   │   await response(scope, wrapped_receive, send)           │
│   199 │   │   │   │   response_sent.set()                                    │
│   200 │   │   │   │   recv_stream.close()                                    │
│                                                                              │
│ ╭───────────────────────────────── locals ─────────────────────────────────╮ │
│ │                  app_exc = UnavailableError('503 synthetic lost response │ │
│ │                            after confirmed real commit')                 │ │
│ │ exception_already_raised = True                                          │ │
│ │              recv_stream = MemoryObjectReceiveStream(                    │ │
│ │                            │   _state=_MemoryObjectStreamState(          │ │
│ │                            │   │   max_buffer_size=0,                    │ │
│ │                            │   │   buffer=deque(),                       │ │
│ │                            │   │   open_send_channels=0,                 │ │
│ │                            │   │   open_receive_channels=0,              │ │
│ │                            │   │   waiting_receivers=OrderedDict(),      │ │
│ │                            │   │   waiting_senders=OrderedDict()         │ │
│ │                            │   ),                                        │ │
│ │                            │   _closed=True                              │ │
│ │                            )                                             │ │
│ │                  request = <starlette.middleware.base._CachedRequest     │ │
│ │                            object at 0x15453d1c0>                        │ │
│ │            response_sent = <anyio._backends._asyncio.Event object at     │ │
│ │                            0x1545937d0>                                  │ │
│ │                    scope = {                                             │ │
│ │                            │   'type': 'http',                           │ │
│ │                            │   'asgi': {'version': '3.0'},               │ │
│ │                            │   'http_version': '1.1',                    │ │
│ │                            │   'method': 'POST',                         │ │
│ │                            │   'headers': [                              │ │
│ │                            │   │   (b'host', b'compat'),                 │ │
│ │                            │   │   (b'accept', b'*/*'),                  │ │
│ │                            │   │   (                                     │ │
│ │                            │   │   │   b'accept-encoding',               │ │
│ │                            │   │   │   b'gzip, deflate'                  │ │
│ │                            │   │   ),                                    │ │
│ │                            │   │   (b'connection', b'keep-alive'),       │ │
│ │                            │   │   (                                     │ │
│ │                            │   │   │   b'user-agent',                    │ │
│ │                            │   │   │   b'python-httpx/0.28.1'            │ │
│ │                            │   │   ),                                    │ │
│ │                            │   │   (b'content-length', b'302'),          │ │
│ │                            │   │   (                                     │ │
│ │                            │   │   │   b'content-type',                  │ │
│ │                            │   │   │   b'application/json'               │ │
│ │                            │   │   )                                     │ │
│ │                            │   ],                                        │ │
│ │                            │   'scheme': 'http',                         │ │
│ │                            │   'path': '/v1/events',                     │ │
│ │                            │   'raw_path': b'/v1/events',                │ │
│ │                            │   'query_string': b'',                      │ │
│ │                            │   'server': ('compat', None),               │ │
│ │                            │   ... +13                                   │ │
│ │                            }                                             │ │
│ │                     self = <context_graph.api.middleware.RateLimitMiddl… │ │
│ │                            object at 0x154564d10>                        │ │
│ │                     send = functools.partial(<bound method               │ │
│ │                            CORSMiddleware.send of                        │ │
│ │                            <starlette.middleware.cors.CORSMiddleware     │ │
│ │                            object at 0x1545655e0>>, send=<function       │ │
│ │                            ServerErrorMiddleware.__call__.<locals>._send │ │
│ │                            at 0x1547ab880>,                              │ │
│ │                            request_headers=Headers({'host': 'compat',    │ │
│ │                            'accept': '*/*', 'accept-encoding': 'gzip,    │ │
│ │                            deflate', 'connection': 'keep-alive',         │ │
│ │                            'user-agent': 'python-httpx/0.28.1',          │ │
│ │                            'content-length': '302', 'content-type':      │ │
│ │                            'application/json'}))                         │ │
│ │              send_stream = MemoryObjectSendStream(                       │ │
│ │                            │   _state=_MemoryObjectStreamState(          │ │
│ │                            │   │   max_buffer_size=0,                    │ │
│ │                            │   │   buffer=deque(),                       │ │
│ │                            │   │   open_send_channels=0,                 │ │
│ │                            │   │   open_receive_channels=0,              │ │
│ │                            │   │   waiting_receivers=OrderedDict(),      │ │
│ │                            │   │   waiting_senders=OrderedDict()         │ │
│ │                            │   ),                                        │ │
│ │                            │   _closed=True                              │ │
│ │                            )                                             │ │
│ │               task_group = <anyio._backends._asyncio.TaskGroup object at │ │
│ │                            0x15453c680>                                  │ │
│ │          wrapped_receive = <bound method _CachedRequest.wrapped_receive  │ │
│ │                            of <starlette.middleware.base._CachedRequest  │ │
│ │                            object at 0x15453d1c0>>                       │ │
│ ╰──────────────────────────────────────────────────────────────────────────╯ │
│                                                                              │
│ /Users/arunmenon/projects/Engram/src/context_graph/api/middleware.py:166 in  │
│ dispatch                                                                     │
│                                                                              │
│   163 │   │   │   │   },                                                     │
│   164 │   │   │   )                                                          │
│   165 │   │                                                                  │
│ ❱ 166 │   │   response: Response = await call_next(request)                  │
│   167 │   │   response.headers["X-RateLimit-Limit"] = str(rpm)               │
│   168 │   │   response.headers["X-RateLimit-Remaining"] = str(int(bucket.tok │
│   169 │   │   return response                                                │
│                                                                              │
│ ╭───────────────────────────────── locals ─────────────────────────────────╮ │
│ │      bucket = <context_graph.api.rate_limit.TokenBucket object at        │ │
│ │               0x154686300>                                               │ │
│ │    capacity = 120.0                                                      │ │
│ │   client_id = '127.0.0.1'                                                │ │
│ │ refill_rate = 2.0                                                        │ │
│ │     request = <starlette.middleware.base._CachedRequest object at        │ │
│ │               0x15453d1c0>                                               │ │
│ │         rpm = 120                                                        │ │
│ │        self = <context_graph.api.middleware.RateLimitMiddleware object   │ │
│ │               at 0x154564d10>                                            │ │
│ │        tier = 'standard'                                                 │ │
│ ╰──────────────────────────────────────────────────────────────────────────╯ │
│                                                                              │
│ /private/tmp/engram-ontology-review-venv/lib/python3.12/site-packages/starle │
│ tte/middleware/base.py:173 in call_next                                      │
│                                                                              │
│   170 │   │   │   │   │   # propagated as a cause with the reraise. This is  │
│   171 │   │   │   │   │   # to prevent `anyio.EndOfStream` from polluting th │
│   172 │   │   │   │   │   # context.                                         │
│ ❱ 173 │   │   │   │   │   raise app_exc from app_exc.__cause__ or app_exc.__ │
│   174 │   │   │   │   raise RuntimeError("No response returned.")            │
│   175 │   │   │                                                              │
│   176 │   │   │   assert message["type"] == "http.response.start"            │
│                                                                              │
│ ╭───────────────────────────────── locals ─────────────────────────────────╮ │
│ │                  app_exc = UnavailableError('503 synthetic lost response │ │
│ │                            after confirmed real commit')                 │ │
│ │ exception_already_raised = True                                          │ │
│ │              recv_stream = MemoryObjectReceiveStream(                    │ │
│ │                            │   _state=_MemoryObjectStreamState(          │ │
│ │                            │   │   max_buffer_size=0,                    │ │
│ │                            │   │   buffer=deque(),                       │ │
│ │                            │   │   open_send_channels=0,                 │ │
│ │                            │   │   open_receive_channels=0,              │ │
│ │                            │   │   waiting_receivers=OrderedDict(),      │ │
│ │                            │   │   waiting_senders=OrderedDict()         │ │
│ │                            │   ),                                        │ │
│ │                            │   _closed=True                              │ │
│ │                            )                                             │ │
│ │                  request = <starlette.middleware.base._CachedRequest     │ │
│ │                            object at 0x15453d1c0>                        │ │
│ │            response_sent = <anyio._backends._asyncio.Event object at     │ │
│ │                            0x1545937d0>                                  │ │
│ │                    scope = {                                             │ │
│ │                            │   'type': 'http',                           │ │
│ │                            │   'asgi': {'version': '3.0'},               │ │
│ │                            │   'http_version': '1.1',                    │ │
│ │                            │   'method': 'POST',                         │ │
│ │                            │   'headers': [                              │ │
│ │                            │   │   (b'host', b'compat'),                 │ │
│ │                            │   │   (b'accept', b'*/*'),                  │ │
│ │                            │   │   (                                     │ │
│ │                            │   │   │   b'accept-encoding',               │ │
│ │                            │   │   │   b'gzip, deflate'                  │ │
│ │                            │   │   ),                                    │ │
│ │                            │   │   (b'connection', b'keep-alive'),       │ │
│ │                            │   │   (                                     │ │
│ │                            │   │   │   b'user-agent',                    │ │
│ │                            │   │   │   b'python-httpx/0.28.1'            │ │
│ │                            │   │   ),                                    │ │
│ │                            │   │   (b'content-length', b'302'),          │ │
│ │                            │   │   (                                     │ │
│ │                            │   │   │   b'content-type',                  │ │
│ │                            │   │   │   b'application/json'               │ │
│ │                            │   │   )                                     │ │
│ │                            │   ],                                        │ │
│ │                            │   'scheme': 'http',                         │ │
│ │                            │   'path': '/v1/events',                     │ │
│ │                            │   'raw_path': b'/v1/events',                │ │
│ │                            │   'query_string': b'',                      │ │
│ │                            │   'server': ('compat', None),               │ │
│ │                            │   ... +13                                   │ │
│ │                            }                                             │ │
│ │                     self = <context_graph.api.middleware.RateLimitMiddl… │ │
│ │                            object at 0x154564d10>                        │ │
│ │              send_stream = MemoryObjectSendStream(                       │ │
│ │                            │   _state=_MemoryObjectStreamState(          │ │
│ │                            │   │   max_buffer_size=0,                    │ │
│ │                            │   │   buffer=deque(),                       │ │
│ │                            │   │   open_send_channels=0,                 │ │
│ │                            │   │   open_receive_channels=0,              │ │
│ │                            │   │   waiting_receivers=OrderedDict(),      │ │
│ │                            │   │   waiting_senders=OrderedDict()         │ │
│ │                            │   ),                                        │ │
│ │                            │   _closed=True                              │ │
│ │                            )                                             │ │
│ │               task_group = <anyio._backends._asyncio.TaskGroup object at │ │
│ │                            0x15453c680>                                  │ │
│ │          wrapped_receive = <bound method _CachedRequest.wrapped_receive  │ │
│ │                            of <starlette.middleware.base._CachedRequest  │ │
│ │                            object at 0x15453d1c0>>                       │ │
│ ╰──────────────────────────────────────────────────────────────────────────╯ │
│                                                                              │
│ /private/tmp/engram-ontology-review-venv/lib/python3.12/site-packages/starle │
│ tte/middleware/base.py:149 in coro                                           │
│                                                                              │
│   146 │   │   │   │                                                          │
│   147 │   │   │   │   with send_stream:                                      │
│   148 │   │   │   │   │   try:                                               │
│ ❱ 149 │   │   │   │   │   │   await self.app(scope, receive_or_disconnect, s │
│   150 │   │   │   │   │   except Exception as exc:                           │
│   151 │   │   │   │   │   │   app_exc = exc                                  │
│   152                                                                        │
│                                                                              │
│ ╭───────────────────────────────── locals ─────────────────────────────────╮ │
│ │     app_exc = UnavailableError('503 synthetic lost response after        │ │
│ │               confirmed real commit')                                    │ │
│ │       scope = {                                                          │ │
│ │               │   'type': 'http',                                        │ │
│ │               │   'asgi': {'version': '3.0'},                            │ │
│ │               │   'http_version': '1.1',                                 │ │
│ │               │   'method': 'POST',                                      │ │
│ │               │   'headers': [                                           │ │
│ │               │   │   (b'host', b'compat'),                              │ │
│ │               │   │   (b'accept', b'*/*'),                               │ │
│ │               │   │   (b'accept-encoding', b'gzip, deflate'),            │ │
│ │               │   │   (b'connection', b'keep-alive'),                    │ │
│ │               │   │   (b'user-agent', b'python-httpx/0.28.1'),           │ │
│ │               │   │   (b'content-length', b'302'),                       │ │
│ │               │   │   (b'content-type', b'application/json')             │ │
│ │               │   ],                                                     │ │
│ │               │   'scheme': 'http',                                      │ │
│ │               │   'path': '/v1/events',                                  │ │
│ │               │   'raw_path': b'/v1/events',                             │ │
│ │               │   'query_string': b'',                                   │ │
│ │               │   'server': ('compat', None),                            │ │
│ │               │   ... +13                                                │ │
│ │               }                                                          │ │
│ │        self = <context_graph.api.middleware.RateLimitMiddleware object   │ │
│ │               at 0x154564d10>                                            │ │
│ │ send_stream = MemoryObjectSendStream(                                    │ │
│ │               │   _state=_MemoryObjectStreamState(                       │ │
│ │               │   │   max_buffer_size=0,                                 │ │
│ │               │   │   buffer=deque(),                                    │ │
│ │               │   │   open_send_channels=0,                              │ │
│ │               │   │   open_receive_channels=0,                           │ │
│ │               │   │   waiting_receivers=OrderedDict(),                   │ │
│ │               │   │   waiting_senders=OrderedDict()                      │ │
│ │               │   ),                                                     │ │
│ │               │   _closed=True                                           │ │
│ │               )                                                          │ │
│ ╰──────────────────────────────────────────────────────────────────────────╯ │
│                                                                              │
│ /private/tmp/engram-ontology-review-venv/lib/python3.12/site-packages/starle │
│ tte/middleware/base.py:197 in __call__                                       │
│                                                                              │
│   194 │   │   send_stream, recv_stream = anyio.create_memory_object_stream[M │
│   195 │   │   with recv_stream, send_stream:                                 │
│   196 │   │   │   async with create_collapsing_task_group() as task_group:   │
│ ❱ 197 │   │   │   │   response = await self.dispatch_func(request, call_next │
│   198 │   │   │   │   await response(scope, wrapped_receive, send)           │
│   199 │   │   │   │   response_sent.set()                                    │
│   200 │   │   │   │   recv_stream.close()                                    │
│                                                                              │
│ ╭───────────────────────────────── locals ─────────────────────────────────╮ │
│ │                  app_exc = UnavailableError('503 synthetic lost response │ │
│ │                            after confirmed real commit')                 │ │
│ │ exception_already_raised = True                                          │ │
│ │              recv_stream = MemoryObjectReceiveStream(                    │ │
│ │                            │   _state=_MemoryObjectStreamState(          │ │
│ │                            │   │   max_buffer_size=0,                    │ │
│ │                            │   │   buffer=deque(),                       │ │
│ │                            │   │   open_send_channels=0,                 │ │
│ │                            │   │   open_receive_channels=0,              │ │
│ │                            │   │   waiting_receivers=OrderedDict(),      │ │
│ │                            │   │   waiting_senders=OrderedDict()         │ │
│ │                            │   ),                                        │ │
│ │                            │   _closed=True                              │ │
│ │                            )                                             │ │
│ │                  request = <starlette.middleware.base._CachedRequest     │ │
│ │                            object at 0x15453c7a0>                        │ │
│ │            response_sent = <anyio._backends._asyncio.Event object at     │ │
│ │                            0x154706f10>                                  │ │
│ │                    scope = {                                             │ │
│ │                            │   'type': 'http',                           │ │
│ │                            │   'asgi': {'version': '3.0'},               │ │
│ │                            │   'http_version': '1.1',                    │ │
│ │                            │   'method': 'POST',                         │ │
│ │                            │   'headers': [                              │ │
│ │                            │   │   (b'host', b'compat'),                 │ │
│ │                            │   │   (b'accept', b'*/*'),                  │ │
│ │                            │   │   (                                     │ │
│ │                            │   │   │   b'accept-encoding',               │ │
│ │                            │   │   │   b'gzip, deflate'                  │ │
│ │                            │   │   ),                                    │ │
│ │                            │   │   (b'connection', b'keep-alive'),       │ │
│ │                            │   │   (                                     │ │
│ │                            │   │   │   b'user-agent',                    │ │
│ │                            │   │   │   b'python-httpx/0.28.1'            │ │
│ │                            │   │   ),                                    │ │
│ │                            │   │   (b'content-length', b'302'),          │ │
│ │                            │   │   (                                     │ │
│ │                            │   │   │   b'content-type',                  │ │
│ │                            │   │   │   b'application/json'               │ │
│ │                            │   │   )                                     │ │
│ │                            │   ],                                        │ │
│ │                            │   'scheme': 'http',                         │ │
│ │                            │   'path': '/v1/events',                     │ │
│ │                            │   'raw_path': b'/v1/events',                │ │
│ │                            │   'query_string': b'',                      │ │
│ │                            │   'server': ('compat', None),               │ │
│ │                            │   ... +13                                   │ │
│ │                            }                                             │ │
│ │                     self = <context_graph.api.middleware.RequestTimingM… │ │
│ │                            object at 0x1545663c0>                        │ │
│ │              send_stream = MemoryObjectSendStream(                       │ │
│ │                            │   _state=_MemoryObjectStreamState(          │ │
│ │                            │   │   max_buffer_size=0,                    │ │
│ │                            │   │   buffer=deque(),                       │ │
│ │                            │   │   open_send_channels=0,                 │ │
│ │                            │   │   open_receive_channels=0,              │ │
│ │                            │   │   waiting_receivers=OrderedDict(),      │ │
│ │                            │   │   waiting_senders=OrderedDict()         │ │
│ │                            │   ),                                        │ │
│ │                            │   _closed=True                              │ │
│ │                            )                                             │ │
│ │               task_group = <anyio._backends._asyncio.TaskGroup object at │ │
│ │                            0x15453de50>                                  │ │
│ │          wrapped_receive = <bound method _CachedRequest.wrapped_receive  │ │
│ │                            of <starlette.middleware.base._CachedRequest  │ │
│ │                            object at 0x15453c7a0>>                       │ │
│ ╰──────────────────────────────────────────────────────────────────────────╯ │
│                                                                              │
│ /Users/arunmenon/projects/Engram/src/context_graph/api/middleware.py:102 in  │
│ dispatch                                                                     │
│                                                                              │
│    99 │                                                                      │
│   100 │   async def dispatch(self, request: Request, call_next: Any) -> Resp │
│   101 │   │   start_time = time.monotonic()                                  │
│ ❱ 102 │   │   response: Response = await call_next(request)                  │
│   103 │   │   elapsed_seconds = time.monotonic() - start_time                │
│   104 │   │   elapsed_ms = elapsed_seconds * 1000                            │
│   105 │   │   response.headers["X-Request-Time-Ms"] = f"{elapsed_ms:.1f}"    │
│                                                                              │
│ ╭───────────────────────────────── locals ─────────────────────────────────╮ │
│ │    request = <starlette.middleware.base._CachedRequest object at         │ │
│ │              0x15453c7a0>                                                │ │
│ │       self = <context_graph.api.middleware.RequestTimingMiddleware       │ │
│ │              object at 0x1545663c0>                                      │ │
│ │ start_time = 3514730.611222541                                           │ │
│ ╰──────────────────────────────────────────────────────────────────────────╯ │
│                                                                              │
│ /private/tmp/engram-ontology-review-venv/lib/python3.12/site-packages/starle │
│ tte/middleware/base.py:173 in call_next                                      │
│                                                                              │
│   170 │   │   │   │   │   # propagated as a cause with the reraise. This is  │
│   171 │   │   │   │   │   # to prevent `anyio.EndOfStream` from polluting th │
│   172 │   │   │   │   │   # context.                                         │
│ ❱ 173 │   │   │   │   │   raise app_exc from app_exc.__cause__ or app_exc.__ │
│   174 │   │   │   │   raise RuntimeError("No response returned.")            │
│   175 │   │   │                                                              │
│   176 │   │   │   assert message["type"] == "http.response.start"            │
│                                                                              │
│ ╭───────────────────────────────── locals ─────────────────────────────────╮ │
│ │                  app_exc = UnavailableError('503 synthetic lost response │ │
│ │                            after confirmed real commit')                 │ │
│ │ exception_already_raised = True                                          │ │
│ │              recv_stream = MemoryObjectReceiveStream(                    │ │
│ │                            │   _state=_MemoryObjectStreamState(          │ │
│ │                            │   │   max_buffer_size=0,                    │ │
│ │                            │   │   buffer=deque(),                       │ │
│ │                            │   │   open_send_channels=0,                 │ │
│ │                            │   │   open_receive_channels=0,              │ │
│ │                            │   │   waiting_receivers=OrderedDict(),      │ │
│ │                            │   │   waiting_senders=OrderedDict()         │ │
│ │                            │   ),                                        │ │
│ │                            │   _closed=True                              │ │
│ │                            )                                             │ │
│ │                  request = <starlette.middleware.base._CachedRequest     │ │
│ │                            object at 0x15453c7a0>                        │ │
│ │            response_sent = <anyio._backends._asyncio.Event object at     │ │
│ │                            0x154706f10>                                  │ │
│ │                    scope = {                                             │ │
│ │                            │   'type': 'http',                           │ │
│ │                            │   'asgi': {'version': '3.0'},               │ │
│ │                            │   'http_version': '1.1',                    │ │
│ │                            │   'method': 'POST',                         │ │
│ │                            │   'headers': [                              │ │
│ │                            │   │   (b'host', b'compat'),                 │ │
│ │                            │   │   (b'accept', b'*/*'),                  │ │
│ │                            │   │   (                                     │ │
│ │                            │   │   │   b'accept-encoding',               │ │
│ │                            │   │   │   b'gzip, deflate'                  │ │
│ │                            │   │   ),                                    │ │
│ │                            │   │   (b'connection', b'keep-alive'),       │ │
│ │                            │   │   (                                     │ │
│ │                            │   │   │   b'user-agent',                    │ │
│ │                            │   │   │   b'python-httpx/0.28.1'            │ │
│ │                            │   │   ),                                    │ │
│ │                            │   │   (b'content-length', b'302'),          │ │
│ │                            │   │   (                                     │ │
│ │                            │   │   │   b'content-type',                  │ │
│ │                            │   │   │   b'application/json'               │ │
│ │                            │   │   )                                     │ │
│ │                            │   ],                                        │ │
│ │                            │   'scheme': 'http',                         │ │
│ │                            │   'path': '/v1/events',                     │ │
│ │                            │   'raw_path': b'/v1/events',                │ │
│ │                            │   'query_string': b'',                      │ │
│ │                            │   'server': ('compat', None),               │ │
│ │                            │   ... +13                                   │ │
│ │                            }                                             │ │
│ │                     self = <context_graph.api.middleware.RequestTimingM… │ │
│ │                            object at 0x1545663c0>                        │ │
│ │              send_stream = MemoryObjectSendStream(                       │ │
│ │                            │   _state=_MemoryObjectStreamState(          │ │
│ │                            │   │   max_buffer_size=0,                    │ │
│ │                            │   │   buffer=deque(),                       │ │
│ │                            │   │   open_send_channels=0,                 │ │
│ │                            │   │   open_receive_channels=0,              │ │
│ │                            │   │   waiting_receivers=OrderedDict(),      │ │
│ │                            │   │   waiting_senders=OrderedDict()         │ │
│ │                            │   ),                                        │ │
│ │                            │   _closed=True                              │ │
│ │                            )                                             │ │
│ │               task_group = <anyio._backends._asyncio.TaskGroup object at │ │
│ │                            0x15453de50>                                  │ │
│ │          wrapped_receive = <bound method _CachedRequest.wrapped_receive  │ │
│ │                            of <starlette.middleware.base._CachedRequest  │ │
│ │                            object at 0x15453c7a0>>                       │ │
│ ╰──────────────────────────────────────────────────────────────────────────╯ │
│                                                                              │
│ /private/tmp/engram-ontology-review-venv/lib/python3.12/site-packages/starle │
│ tte/middleware/base.py:149 in coro                                           │
│                                                                              │
│   146 │   │   │   │                                                          │
│   147 │   │   │   │   with send_stream:                                      │
│   148 │   │   │   │   │   try:                                               │
│ ❱ 149 │   │   │   │   │   │   await self.app(scope, receive_or_disconnect, s │
│   150 │   │   │   │   │   except Exception as exc:                           │
│   151 │   │   │   │   │   │   app_exc = exc                                  │
│   152                                                                        │
│                                                                              │
│ ╭───────────────────────────────── locals ─────────────────────────────────╮ │
│ │     app_exc = UnavailableError('503 synthetic lost response after        │ │
│ │               confirmed real commit')                                    │ │
│ │       scope = {                                                          │ │
│ │               │   'type': 'http',                                        │ │
│ │               │   'asgi': {'version': '3.0'},                            │ │
│ │               │   'http_version': '1.1',                                 │ │
│ │               │   'method': 'POST',                                      │ │
│ │               │   'headers': [                                           │ │
│ │               │   │   (b'host', b'compat'),                              │ │
│ │               │   │   (b'accept', b'*/*'),                               │ │
│ │               │   │   (b'accept-encoding', b'gzip, deflate'),            │ │
│ │               │   │   (b'connection', b'keep-alive'),                    │ │
│ │               │   │   (b'user-agent', b'python-httpx/0.28.1'),           │ │
│ │               │   │   (b'content-length', b'302'),                       │ │
│ │               │   │   (b'content-type', b'application/json')             │ │
│ │               │   ],                                                     │ │
│ │               │   'scheme': 'http',                                      │ │
│ │               │   'path': '/v1/events',                                  │ │
│ │               │   'raw_path': b'/v1/events',                             │ │
│ │               │   'query_string': b'',                                   │ │
│ │               │   'server': ('compat', None),                            │ │
│ │               │   ... +13                                                │ │
│ │               }                                                          │ │
│ │        self = <context_graph.api.middleware.RequestTimingMiddleware      │ │
│ │               object at 0x1545663c0>                                     │ │
│ │ send_stream = MemoryObjectSendStream(                                    │ │
│ │               │   _state=_MemoryObjectStreamState(                       │ │
│ │               │   │   max_buffer_size=0,                                 │ │
│ │               │   │   buffer=deque(),                                    │ │
│ │               │   │   open_send_channels=0,                              │ │
│ │               │   │   open_receive_channels=0,                           │ │
│ │               │   │   waiting_receivers=OrderedDict(),                   │ │
│ │               │   │   waiting_senders=OrderedDict()                      │ │
│ │               │   ),                                                     │ │
│ │               │   _closed=True                                           │ │
│ │               )                                                          │ │
│ ╰──────────────────────────────────────────────────────────────────────────╯ │
│                                                                              │
│ /private/tmp/engram-ontology-review-venv/lib/python3.12/site-packages/starle │
│ tte/middleware/base.py:197 in __call__                                       │
│                                                                              │
│   194 │   │   send_stream, recv_stream = anyio.create_memory_object_stream[M │
│   195 │   │   with recv_stream, send_stream:                                 │
│   196 │   │   │   async with create_collapsing_task_group() as task_group:   │
│ ❱ 197 │   │   │   │   response = await self.dispatch_func(request, call_next │
│   198 │   │   │   │   await response(scope, wrapped_receive, send)           │
│   199 │   │   │   │   response_sent.set()                                    │
│   200 │   │   │   │   recv_stream.close()                                    │
│                                                                              │
│ ╭───────────────────────────────── locals ─────────────────────────────────╮ │
│ │                  app_exc = UnavailableError('503 synthetic lost response │ │
│ │                            after confirmed real commit')                 │ │
│ │ exception_already_raised = True                                          │ │
│ │              recv_stream = MemoryObjectReceiveStream(                    │ │
│ │                            │   _state=_MemoryObjectStreamState(          │ │
│ │                            │   │   max_buffer_size=0,                    │ │
│ │                            │   │   buffer=deque(),                       │ │
│ │                            │   │   open_send_channels=0,                 │ │
│ │                            │   │   open_receive_channels=0,              │ │
│ │                            │   │   waiting_receivers=OrderedDict(),      │ │
│ │                            │   │   waiting_senders=OrderedDict()         │ │
│ │                            │   ),                                        │ │
│ │                            │   _closed=True                              │ │
│ │                            )                                             │ │
│ │                  request = <starlette.middleware.base._CachedRequest     │ │
│ │                            object at 0x15453fc50>                        │ │
│ │            response_sent = <anyio._backends._asyncio.Event object at     │ │
│ │                            0x1547053d0>                                  │ │
│ │                    scope = {                                             │ │
│ │                            │   'type': 'http',                           │ │
│ │                            │   'asgi': {'version': '3.0'},               │ │
│ │                            │   'http_version': '1.1',                    │ │
│ │                            │   'method': 'POST',                         │ │
│ │                            │   'headers': [                              │ │
│ │                            │   │   (b'host', b'compat'),                 │ │
│ │                            │   │   (b'accept', b'*/*'),                  │ │
│ │                            │   │   (                                     │ │
│ │                            │   │   │   b'accept-encoding',               │ │
│ │                            │   │   │   b'gzip, deflate'                  │ │
│ │                            │   │   ),                                    │ │
│ │                            │   │   (b'connection', b'keep-alive'),       │ │
│ │                            │   │   (                                     │ │
│ │                            │   │   │   b'user-agent',                    │ │
│ │                            │   │   │   b'python-httpx/0.28.1'            │ │
│ │                            │   │   ),                                    │ │
│ │                            │   │   (b'content-length', b'302'),          │ │
│ │                            │   │   (                                     │ │
│ │                            │   │   │   b'content-type',                  │ │
│ │                            │   │   │   b'application/json'               │ │
│ │                            │   │   )                                     │ │
│ │                            │   ],                                        │ │
│ │                            │   'scheme': 'http',                         │ │
│ │                            │   'path': '/v1/events',                     │ │
│ │                            │   'raw_path': b'/v1/events',                │ │
│ │                            │   'query_string': b'',                      │ │
│ │                            │   'server': ('compat', None),               │ │
│ │                            │   ... +13                                   │ │
│ │                            }                                             │ │
│ │                     self = <context_graph.api.middleware.RequestIDMiddl… │ │
│ │                            object at 0x153bcca70>                        │ │
│ │              send_stream = MemoryObjectSendStream(                       │ │
│ │                            │   _state=_MemoryObjectStreamState(          │ │
│ │                            │   │   max_buffer_size=0,                    │ │
│ │                            │   │   buffer=deque(),                       │ │
│ │                            │   │   open_send_channels=0,                 │ │
│ │                            │   │   open_receive_channels=0,              │ │
│ │                            │   │   waiting_receivers=OrderedDict(),      │ │
│ │                            │   │   waiting_senders=OrderedDict()         │ │
│ │                            │   ),                                        │ │
│ │                            │   _closed=True                              │ │
│ │                            )                                             │ │
│ │               task_group = <anyio._backends._asyncio.TaskGroup object at │ │
│ │                            0x15453fef0>                                  │ │
│ │          wrapped_receive = <bound method _CachedRequest.wrapped_receive  │ │
│ │                            of <starlette.middleware.base._CachedRequest  │ │
│ │                            object at 0x15453fc50>>                       │ │
│ ╰──────────────────────────────────────────────────────────────────────────╯ │
│                                                                              │
│ /Users/arunmenon/projects/Engram/src/context_graph/api/middleware.py:86 in   │
│ dispatch                                                                     │
│                                                                              │
│    83 │   async def dispatch(self, request: Request, call_next: Any) -> Resp │
│    84 │   │   request_id = request.headers.get("x-request-id") or str(uuid.u │
│    85 │   │   structlog.contextvars.bind_contextvars(request_id=request_id)  │
│ ❱  86 │   │   response: Response = await call_next(request)                  │
│    87 │   │   response.headers["X-Request-ID"] = request_id                  │
│    88 │   │   structlog.contextvars.unbind_contextvars("request_id")         │
│    89 │   │   return response                                                │
│                                                                              │
│ ╭───────────────────────────────── locals ─────────────────────────────────╮ │
│ │    request = <starlette.middleware.base._CachedRequest object at         │ │
│ │              0x15453fc50>                                                │ │
│ │ request_id = 'c00a14e7-febc-4874-9462-90e67063ffeb'                      │ │
│ │       self = <context_graph.api.middleware.RequestIDMiddleware object at │ │
│ │              0x153bcca70>                                                │ │
│ ╰──────────────────────────────────────────────────────────────────────────╯ │
│                                                                              │
│ /private/tmp/engram-ontology-review-venv/lib/python3.12/site-packages/starle │
│ tte/middleware/base.py:173 in call_next                                      │
│                                                                              │
│   170 │   │   │   │   │   # propagated as a cause with the reraise. This is  │
│   171 │   │   │   │   │   # to prevent `anyio.EndOfStream` from polluting th │
│   172 │   │   │   │   │   # context.                                         │
│ ❱ 173 │   │   │   │   │   raise app_exc from app_exc.__cause__ or app_exc.__ │
│   174 │   │   │   │   raise RuntimeError("No response returned.")            │
│   175 │   │   │                                                              │
│   176 │   │   │   assert message["type"] == "http.response.start"            │
│                                                                              │
│ ╭───────────────────────────────── locals ─────────────────────────────────╮ │
│ │                  app_exc = UnavailableError('503 synthetic lost response │ │
│ │                            after confirmed real commit')                 │ │
│ │ exception_already_raised = True                                          │ │
│ │              recv_stream = MemoryObjectReceiveStream(                    │ │
│ │                            │   _state=_MemoryObjectStreamState(          │ │
│ │                            │   │   max_buffer_size=0,                    │ │
│ │                            │   │   buffer=deque(),                       │ │
│ │                            │   │   open_send_channels=0,                 │ │
│ │                            │   │   open_receive_channels=0,              │ │
│ │                            │   │   waiting_receivers=OrderedDict(),      │ │
│ │                            │   │   waiting_senders=OrderedDict()         │ │
│ │                            │   ),                                        │ │
│ │                            │   _closed=True                              │ │
│ │                            )                                             │ │
│ │                  request = <starlette.middleware.base._CachedRequest     │ │
│ │                            object at 0x15453fc50>                        │ │
│ │            response_sent = <anyio._backends._asyncio.Event object at     │ │
│ │                            0x1547053d0>                                  │ │
│ │                    scope = {                                             │ │
│ │                            │   'type': 'http',                           │ │
│ │                            │   'asgi': {'version': '3.0'},               │ │
│ │                            │   'http_version': '1.1',                    │ │
│ │                            │   'method': 'POST',                         │ │
│ │                            │   'headers': [                              │ │
│ │                            │   │   (b'host', b'compat'),                 │ │
│ │                            │   │   (b'accept', b'*/*'),                  │ │
│ │                            │   │   (                                     │ │
│ │                            │   │   │   b'accept-encoding',               │ │
│ │                            │   │   │   b'gzip, deflate'                  │ │
│ │                            │   │   ),                                    │ │
│ │                            │   │   (b'connection', b'keep-alive'),       │ │
│ │                            │   │   (                                     │ │
│ │                            │   │   │   b'user-agent',                    │ │
│ │                            │   │   │   b'python-httpx/0.28.1'            │ │
│ │                            │   │   ),                                    │ │
│ │                            │   │   (b'content-length', b'302'),          │ │
│ │                            │   │   (                                     │ │
│ │                            │   │   │   b'content-type',                  │ │
│ │                            │   │   │   b'application/json'               │ │
│ │                            │   │   )                                     │ │
│ │                            │   ],                                        │ │
│ │                            │   'scheme': 'http',                         │ │
│ │                            │   'path': '/v1/events',                     │ │
│ │                            │   'raw_path': b'/v1/events',                │ │
│ │                            │   'query_string': b'',                      │ │
│ │                            │   'server': ('compat', None),               │ │
│ │                            │   ... +13                                   │ │
│ │                            }                                             │ │
│ │                     self = <context_graph.api.middleware.RequestIDMiddl… │ │
│ │                            object at 0x153bcca70>                        │ │
│ │              send_stream = MemoryObjectSendStream(                       │ │
│ │                            │   _state=_MemoryObjectStreamState(          │ │
│ │                            │   │   max_buffer_size=0,                    │ │
│ │                            │   │   buffer=deque(),                       │ │
│ │                            │   │   open_send_channels=0,                 │ │
│ │                            │   │   open_receive_channels=0,              │ │
│ │                            │   │   waiting_receivers=OrderedDict(),      │ │
│ │                            │   │   waiting_senders=OrderedDict()         │ │
│ │                            │   ),                                        │ │
│ │                            │   _closed=True                              │ │
│ │                            )                                             │ │
│ │               task_group = <anyio._backends._asyncio.TaskGroup object at │ │
│ │                            0x15453fef0>                                  │ │
│ │          wrapped_receive = <bound method _CachedRequest.wrapped_receive  │ │
│ │                            of <starlette.middleware.base._CachedRequest  │ │
│ │                            object at 0x15453fc50>>                       │ │
│ ╰──────────────────────────────────────────────────────────────────────────╯ │
│                                                                              │
│ /private/tmp/engram-ontology-review-venv/lib/python3.12/site-packages/starle │
│ tte/middleware/base.py:149 in coro                                           │
│                                                                              │
│   146 │   │   │   │                                                          │
│   147 │   │   │   │   with send_stream:                                      │
│   148 │   │   │   │   │   try:                                               │
│ ❱ 149 │   │   │   │   │   │   await self.app(scope, receive_or_disconnect, s │
│   150 │   │   │   │   │   except Exception as exc:                           │
│   151 │   │   │   │   │   │   app_exc = exc                                  │
│   152                                                                        │
│                                                                              │
│ ╭───────────────────────────────── locals ─────────────────────────────────╮ │
│ │     app_exc = UnavailableError('503 synthetic lost response after        │ │
│ │               confirmed real commit')                                    │ │
│ │       scope = {                                                          │ │
│ │               │   'type': 'http',                                        │ │
│ │               │   'asgi': {'version': '3.0'},                            │ │
│ │               │   'http_version': '1.1',                                 │ │
│ │               │   'method': 'POST',                                      │ │
│ │               │   'headers': [                                           │ │
│ │               │   │   (b'host', b'compat'),                              │ │
│ │               │   │   (b'accept', b'*/*'),                               │ │
│ │               │   │   (b'accept-encoding', b'gzip, deflate'),            │ │
│ │               │   │   (b'connection', b'keep-alive'),                    │ │
│ │               │   │   (b'user-agent', b'python-httpx/0.28.1'),           │ │
│ │               │   │   (b'content-length', b'302'),                       │ │
│ │               │   │   (b'content-type', b'application/json')             │ │
│ │               │   ],                                                     │ │
│ │               │   'scheme': 'http',                                      │ │
│ │               │   'path': '/v1/events',                                  │ │
│ │               │   'raw_path': b'/v1/events',                             │ │
│ │               │   'query_string': b'',                                   │ │
│ │               │   'server': ('compat', None),                            │ │
│ │               │   ... +13                                                │ │
│ │               }                                                          │ │
│ │        self = <context_graph.api.middleware.RequestIDMiddleware object   │ │
│ │               at 0x153bcca70>                                            │ │
│ │ send_stream = MemoryObjectSendStream(                                    │ │
│ │               │   _state=_MemoryObjectStreamState(                       │ │
│ │               │   │   max_buffer_size=0,                                 │ │
│ │               │   │   buffer=deque(),                                    │ │
│ │               │   │   open_send_channels=0,                              │ │
│ │               │   │   open_receive_channels=0,                           │ │
│ │               │   │   waiting_receivers=OrderedDict(),                   │ │
│ │               │   │   waiting_senders=OrderedDict()                      │ │
│ │               │   ),                                                     │ │
│ │               │   _closed=True                                           │ │
│ │               )                                                          │ │
│ ╰──────────────────────────────────────────────────────────────────────────╯ │
│                                                                              │
│ /private/tmp/engram-ontology-review-venv/lib/python3.12/site-packages/starle │
│ tte/middleware/exceptions.py:63 in __call__                                  │
│                                                                              │
│   60 │   │   else:                                                           │
│   61 │   │   │   conn = WebSocket(scope, receive, send)                      │
│   62 │   │                                                                   │
│ ❱ 63 │   │   await wrap_app_handling_exceptions(self.app, conn)(scope, recei │
│   64 │                                                                       │
│   65 │   async def http_exception(self, request: Request, exc: Exception) -> │
│   66 │   │   assert isinstance(exc, HTTPException)                           │
│                                                                              │
│ ╭───────────────────────────────── locals ─────────────────────────────────╮ │
│ │  conn = <starlette.requests.Request object at 0x15453e450>               │ │
│ │ scope = {                                                                │ │
│ │         │   'type': 'http',                                              │ │
│ │         │   'asgi': {'version': '3.0'},                                  │ │
│ │         │   'http_version': '1.1',                                       │ │
│ │         │   'method': 'POST',                                            │ │
│ │         │   'headers': [                                                 │ │
│ │         │   │   (b'host', b'compat'),                                    │ │
│ │         │   │   (b'accept', b'*/*'),                                     │ │
│ │         │   │   (b'accept-encoding', b'gzip, deflate'),                  │ │
│ │         │   │   (b'connection', b'keep-alive'),                          │ │
│ │         │   │   (b'user-agent', b'python-httpx/0.28.1'),                 │ │
│ │         │   │   (b'content-length', b'302'),                             │ │
│ │         │   │   (b'content-type', b'application/json')                   │ │
│ │         │   ],                                                           │ │
│ │         │   'scheme': 'http',                                            │ │
│ │         │   'path': '/v1/events',                                        │ │
│ │         │   'raw_path': b'/v1/events',                                   │ │
│ │         │   'query_string': b'',                                         │ │
│ │         │   'server': ('compat', None),                                  │ │
│ │         │   ... +13                                                      │ │
│ │         }                                                                │ │
│ │  self = <starlette.middleware.exceptions.ExceptionMiddleware object at   │ │
│ │         0x153d6df70>                                                     │ │
│ ╰──────────────────────────────────────────────────────────────────────────╯ │
│                                                                              │
│ /private/tmp/engram-ontology-review-venv/lib/python3.12/site-packages/starle │
│ tte/_exception_handler.py:53 in wrapped_app                                  │
│                                                                              │
│   50 │   │   │   │   handler = _lookup_exception_handler(exception_handlers, │
│   51 │   │   │                                                               │
│   52 │   │   │   if handler is None:                                         │
│ ❱ 53 │   │   │   │   raise exc                                               │
│   54 │   │   │                                                               │
│   55 │   │   │   if response_started:                                        │
│   56 │   │   │   │   raise RuntimeError("Caught handled exception, but respo │
│      started.") from exc                                                     │
│                                                                              │
│ ╭───────────────────────────────── locals ─────────────────────────────────╮ │
│ │                app = <fastapi.middleware.asyncexitstack.AsyncExitStackM… │ │
│ │                      object at 0x154566390>                              │ │
│ │               conn = <starlette.requests.Request object at 0x15453e450>  │ │
│ │ exception_handlers = {                                                   │ │
│ │                      │   <class 'starlette.exceptions.HTTPException'>:   │ │
│ │                      <function http_exception_handler at 0x1228b7880>,   │ │
│ │                      │   <class                                          │ │
│ │                      'starlette.exceptions.WebSocketException'>: <bound  │ │
│ │                      method ExceptionMiddleware.websocket_exception of   │ │
│ │                      <starlette.middleware.exceptions.ExceptionMiddlewa… │ │
│ │                      object at 0x153d6df70>>,                            │ │
│ │                      │   <class                                          │ │
│ │                      'fastapi.exceptions.RequestValidationError'>:       │ │
│ │                      <function request_validation_exception_handler at   │ │
│ │                      0x122bd2e80>,                                       │ │
│ │                      │   <class                                          │ │
│ │                      'fastapi.exceptions.WebSocketRequestValidationErro… │ │
│ │                      <function                                           │ │
│ │                      websocket_request_validation_exception_handler at   │ │
│ │                      0x122bd2f20>,                                       │ │
│ │                      │   <class                                          │ │
│ │                      'context_graph.domain.validation.ValidationError'>: │ │
│ │                      <function _validation_error_handler at 0x122b5ade0> │ │
│ │                      }                                                   │ │
│ │            handler = None                                                │ │
│ │   response_started = False                                               │ │
│ │              scope = {                                                   │ │
│ │                      │   'type': 'http',                                 │ │
│ │                      │   'asgi': {'version': '3.0'},                     │ │
│ │                      │   'http_version': '1.1',                          │ │
│ │                      │   'method': 'POST',                               │ │
│ │                      │   'headers': [                                    │ │
│ │                      │   │   (b'host', b'compat'),                       │ │
│ │                      │   │   (b'accept', b'*/*'),                        │ │
│ │                      │   │   (b'accept-encoding', b'gzip, deflate'),     │ │
│ │                      │   │   (b'connection', b'keep-alive'),             │ │
│ │                      │   │   (b'user-agent', b'python-httpx/0.28.1'),    │ │
│ │                      │   │   (b'content-length', b'302'),                │ │
│ │                      │   │   (b'content-type', b'application/json')      │ │
│ │                      │   ],                                              │ │
│ │                      │   'scheme': 'http',                               │ │
│ │                      │   'path': '/v1/events',                           │ │
│ │                      │   'raw_path': b'/v1/events',                      │ │
│ │                      │   'query_string': b'',                            │ │
│ │                      │   'server': ('compat', None),                     │ │
│ │                      │   ... +13                                         │ │
│ │                      }                                                   │ │
│ │    status_handlers = {}                                                  │ │
│ ╰──────────────────────────────────────────────────────────────────────────╯ │
│                                                                              │
│ /private/tmp/engram-ontology-review-venv/lib/python3.12/site-packages/starle │
│ tte/_exception_handler.py:42 in wrapped_app                                  │
│                                                                              │
│   39 │   │   │   await send(message)                                         │
│   40 │   │                                                                   │
│   41 │   │   try:                                                            │
│ ❱ 42 │   │   │   await app(scope, receive, sender)                           │
│   43 │   │   except Exception as exc:                                        │
│   44 │   │   │   handler = None                                              │
│   45                                                                         │
│                                                                              │
│ ╭───────────────────────────────── locals ─────────────────────────────────╮ │
│ │                app = <fastapi.middleware.asyncexitstack.AsyncExitStackM… │ │
│ │                      object at 0x154566390>                              │ │
│ │               conn = <starlette.requests.Request object at 0x15453e450>  │ │
│ │ exception_handlers = {                                                   │ │
│ │                      │   <class 'starlette.exceptions.HTTPException'>:   │ │
│ │                      <function http_exception_handler at 0x1228b7880>,   │ │
│ │                      │   <class                                          │ │
│ │                      'starlette.exceptions.WebSocketException'>: <bound  │ │
│ │                      method ExceptionMiddleware.websocket_exception of   │ │
│ │                      <starlette.middleware.exceptions.ExceptionMiddlewa… │ │
│ │                      object at 0x153d6df70>>,                            │ │
│ │                      │   <class                                          │ │
│ │                      'fastapi.exceptions.RequestValidationError'>:       │ │
│ │                      <function request_validation_exception_handler at   │ │
│ │                      0x122bd2e80>,                                       │ │
│ │                      │   <class                                          │ │
│ │                      'fastapi.exceptions.WebSocketRequestValidationErro… │ │
│ │                      <function                                           │ │
│ │                      websocket_request_validation_exception_handler at   │ │
│ │                      0x122bd2f20>,                                       │ │
│ │                      │   <class                                          │ │
│ │                      'context_graph.domain.validation.ValidationError'>: │ │
│ │                      <function _validation_error_handler at 0x122b5ade0> │ │
│ │                      }                                                   │ │
│ │            handler = None                                                │ │
│ │   response_started = False                                               │ │
│ │              scope = {                                                   │ │
│ │                      │   'type': 'http',                                 │ │
│ │                      │   'asgi': {'version': '3.0'},                     │ │
│ │                      │   'http_version': '1.1',                          │ │
│ │                      │   'method': 'POST',                               │ │
│ │                      │   'headers': [                                    │ │
│ │                      │   │   (b'host', b'compat'),                       │ │
│ │                      │   │   (b'accept', b'*/*'),                        │ │
│ │                      │   │   (b'accept-encoding', b'gzip, deflate'),     │ │
│ │                      │   │   (b'connection', b'keep-alive'),             │ │
│ │                      │   │   (b'user-agent', b'python-httpx/0.28.1'),    │ │
│ │                      │   │   (b'content-length', b'302'),                │ │
│ │                      │   │   (b'content-type', b'application/json')      │ │
│ │                      │   ],                                              │ │
│ │                      │   'scheme': 'http',                               │ │
│ │                      │   'path': '/v1/events',                           │ │
│ │                      │   'raw_path': b'/v1/events',                      │ │
│ │                      │   'query_string': b'',                            │ │
│ │                      │   'server': ('compat', None),                     │ │
│ │                      │   ... +13                                         │ │
│ │                      }                                                   │ │
│ │    status_handlers = {}                                                  │ │
│ ╰──────────────────────────────────────────────────────────────────────────╯ │
│                                                                              │
│ /private/tmp/engram-ontology-review-venv/lib/python3.12/site-packages/fastap │
│ i/middleware/asyncexitstack.py:18 in __call__                                │
│                                                                              │
│   15 │   async def __call__(self, scope: Scope, receive: Receive, send: Send │
│   16 │   │   async with AsyncExitStack() as stack:                           │
│   17 │   │   │   scope[self.context_name] = stack                            │
│ ❱ 18 │   │   │   await self.app(scope, receive, send)                        │
│   19                                                                         │
│                                                                              │
│ ╭───────────────────────────────── locals ─────────────────────────────────╮ │
│ │ scope = {                                                                │ │
│ │         │   'type': 'http',                                              │ │
│ │         │   'asgi': {'version': '3.0'},                                  │ │
│ │         │   'http_version': '1.1',                                       │ │
│ │         │   'method': 'POST',                                            │ │
│ │         │   'headers': [                                                 │ │
│ │         │   │   (b'host', b'compat'),                                    │ │
│ │         │   │   (b'accept', b'*/*'),                                     │ │
│ │         │   │   (b'accept-encoding', b'gzip, deflate'),                  │ │
│ │         │   │   (b'connection', b'keep-alive'),                          │ │
│ │         │   │   (b'user-agent', b'python-httpx/0.28.1'),                 │ │
│ │         │   │   (b'content-length', b'302'),                             │ │
│ │         │   │   (b'content-type', b'application/json')                   │ │
│ │         │   ],                                                           │ │
│ │         │   'scheme': 'http',                                            │ │
│ │         │   'path': '/v1/events',                                        │ │
│ │         │   'raw_path': b'/v1/events',                                   │ │
│ │         │   'query_string': b'',                                         │ │
│ │         │   'server': ('compat', None),                                  │ │
│ │         │   ... +13                                                      │ │
│ │         }                                                                │ │
│ │  self = <fastapi.middleware.asyncexitstack.AsyncExitStackMiddleware      │ │
│ │         object at 0x154566390>                                           │ │
│ │ stack = <contextlib.AsyncExitStack object at 0x15459fd10>                │ │
│ ╰──────────────────────────────────────────────────────────────────────────╯ │
│                                                                              │
│ /private/tmp/engram-ontology-review-venv/lib/python3.12/site-packages/starle │
│ tte/routing.py:676 in __call__                                               │
│                                                                              │
│   673 │   │   """                                                            │
│   674 │   │   The main entry point to the Router class.                      │
│   675 │   │   """                                                            │
│ ❱ 676 │   │   await self.middleware_stack(scope, receive, send)              │
│   677 │                                                                      │
│   678 │   async def app(self, scope: Scope, receive: Receive, send: Send) -> │
│   679 │   │   assert scope["type"] in ("http", "websocket", "lifespan")      │
│                                                                              │
│ ╭───────────────────────── locals ──────────────────────────╮                │
│ │ scope = {                                                 │                │
│ │         │   'type': 'http',                               │                │
│ │         │   'asgi': {'version': '3.0'},                   │                │
│ │         │   'http_version': '1.1',                        │                │
│ │         │   'method': 'POST',                             │                │
│ │         │   'headers': [                                  │                │
│ │         │   │   (b'host', b'compat'),                     │                │
│ │         │   │   (b'accept', b'*/*'),                      │                │
│ │         │   │   (b'accept-encoding', b'gzip, deflate'),   │                │
│ │         │   │   (b'connection', b'keep-alive'),           │                │
│ │         │   │   (b'user-agent', b'python-httpx/0.28.1'),  │                │
│ │         │   │   (b'content-length', b'302'),              │                │
│ │         │   │   (b'content-type', b'application/json')    │                │
│ │         │   ],                                            │                │
│ │         │   'scheme': 'http',                             │                │
│ │         │   'path': '/v1/events',                         │                │
│ │         │   'raw_path': b'/v1/events',                    │                │
│ │         │   'query_string': b'',                          │                │
│ │         │   'server': ('compat', None),                   │                │
│ │         │   ... +13                                       │                │
│ │         }                                                 │                │
│ │  self = <fastapi.routing.APIRouter object at 0x15393d910> │                │
│ ╰───────────────────────────────────────────────────────────╯                │
│                                                                              │
│ /private/tmp/engram-ontology-review-venv/lib/python3.12/site-packages/fastap │
│ i/routing.py:2786 in app                                                     │
│                                                                              │
│   2783 │   │   │   │   │   path=getattr(route, "path_format", None),         │
│   2784 │   │   │   │   │   mount=isinstance(route, routing.Mount),           │
│   2785 │   │   │   │   )                                                     │
│ ❱ 2786 │   │   │   │   await route.handle(scope, receive, send)              │
│   2787 │   │   │   │   return                                                │
│   2788 │   │   │   if match == Match.PARTIAL and partial is None:            │
│   2789 │   │   │   │   partial = (route, child_scope)                        │
│                                                                              │
│ ╭───────────────────────────────── locals ─────────────────────────────────╮ │
│ │ child_scope = {}                                                         │ │
│ │       match = <Match.FULL: 2>                                            │ │
│ │     partial = None                                                       │ │
│ │       route = _IncludedRouter(                                           │ │
│ │               │   original_router=<fastapi.routing.APIRouter object at   │ │
│ │               0x1240e5940>,                                              │ │
│ │               │   include_context=_RouterIncludeContext(                 │ │
│ │               │   │   included_router=<fastapi.routing.APIRouter object  │ │
│ │               at 0x1240e5940>,                                           │ │
│ │               │   │   prefix='/v1',                                      │ │
│ │               │   │   tags=[],                                           │ │
│ │               │   │   dependencies=[                                     │ │
│ │               │   │   │   Depends(                                       │ │
│ │               │   │   │   │   dependency=<function require_api_key at    │ │
│ │               0x122ca98a0>,                                              │ │
│ │               │   │   │   │   use_cache=True,                            │ │
│ │               │   │   │   │   scope=None                                 │ │
│ │               │   │   │   )                                              │ │
│ │               │   │   ],                                                 │ │
│ │               │   │   default_response_class=<class                      │ │
│ │               'fastapi.responses.ORJSONResponse'>,                       │ │
│ │               │   │   responses={},                                      │ │
│ │               │   │   callbacks=[],                                      │ │
│ │               │   │   deprecated=None,                                   │ │
│ │               │   │   include_in_schema=True,                            │ │
│ │               │   │                                                      │ │
│ │               generate_unique_id_function=<fastapi.datastructures.Defau… │ │
│ │               object at 0x1228f9a00>,                                    │ │
│ │               │   │   strict_content_type=True,                          │ │
│ │               │   │                                                      │ │
│ │               dependency_overrides_provider=<fastapi.applications.FastA… │ │
│ │               object at 0x121374da0>                                     │ │
│ │               │   ),                                                     │ │
│ │               │   _effective_candidates=[                                │ │
│ │               │   │   _EffectiveRouteContext(                            │ │
│ │               │   │   │   original_route=APIRoute(path='/events',        │ │
│ │               name='ingest_event', methods=['POST']),                    │ │
│ │               │   │   │   starlette_route=None,                          │ │
│ │               │   │   │   frontend_prefix='',                            │ │
│ │               │   │   │   path='/v1/events',                             │ │
│ │               │   │   │   endpoint=<function ingest_event at             │ │
│ │               0x1242a8e00>,                                              │ │
│ │               │   │   │   stream_item_type=None,                         │ │
│ │               │   │   │   response_model=None,                           │ │
│ │               │   │   │   summary=None,                                  │ │
│ │               │   │   │   response_description='Successful Response',    │ │
│ │               │   │   │   deprecated=None,                               │ │
│ │               │   │   │   operation_id=None,                             │ │
│ │               │   │   │   response_model_include=None,                   │ │
│ │               │   │   │   response_model_exclude=None,                   │ │
│ │               │   │   │   response_model_by_alias=True,                  │ │
│ │               │   │   │   response_model_exclude_unset=False,            │ │
│ │               │   │   │   response_model_exclude_defaults=False,         │ │
│ │               │   │   │   response_model_exclude_none=False,             │ │
│ │               │   │   │   include_in_schema=True,                        │ │
│ │               │   │   │   response_class=<class                          │ │
│ │               'fastapi.responses.ORJSONResponse'>,                       │ │
│ │               │   │   │                                                  │ │
│ │               dependency_overrides_provider=<fastapi.applications.FastA… │ │
│ │               object at 0x121374da0>,                                    │ │
│ │               │   │   │   callbacks=[],                                  │ │
│ │               │   │   │   openapi_extra=None,                            │ │
│ │               │   │   │                                                  │ │
│ │               generate_unique_id_function=<fastapi.datastructures.Defau… │ │
│ │               object at 0x121ffe8a0>,                                    │ │
│ │               │   │   │   strict_content_type=True,                      │ │
│ │               │   │   │   tags=['events'],                               │ │
│ │               │   │   │   responses={},                                  │ │
│ │               │   │   │   name='ingest_event',                           │ │
│ │               │   │   │   path_regex=re.compile('^/v1/events$'),         │ │
│ │               │   │   │   path_format='/v1/events',                      │ │
│ │               │   │   │   param_convertors={},                           │ │
│ │               │   │   │   methods={'POST'},                              │ │
│ │               │   │   │   unique_id='ingest_event_v1_events_post',       │ │
│ │               │   │   │   status_code=201,                               │ │
│ │               │   │   │   response_field=None,                           │ │
│ │               │   │   │   stream_item_field=None,                        │ │
│ │               │   │   │   dependencies=[                                 │ │
│ │               │   │   │   │   Depends(                                   │ │
│ │               │   │   │   │   │   dependency=<function require_api_key   │ │
│ │               at 0x122ca98a0>,                                           │ │
│ │               │   │   │   │   │   use_cache=True,                        │ │
│ │               │   │   │   │   │   scope=None                             │ │
│ │               │   │   │   │   )                                          │ │
│ │               │   │   │   ],                                             │ │
│ │               │   │   │   description='Ingest a single event into the    │ │
│ │               event ledger.\n\nValidates the event envelope, then'+105,  │ │
│ │               │   │   │   response_fields={},                            │ │
│ │               │   │   │   dependant=Dependant(                           │ │
│ │               │   │   │   │   path_params=[],                            │ │
│ │               │   │   │   │   query_params=[],                           │ │
│ │               │   │   │   │   header_params=[],                          │ │
│ │               │   │   │   │   cookie_params=[],                          │ │
│ │               │   │   │   │   body_params=[],                            │ │
│ │               │   │   │   │   dependencies=[                             │ │
│ │               │   │   │   │   │   Dependant(                             │ │
│ │               │   │   │   │   │   │   path_params=[],                    │ │
│ │               │   │   │   │   │   │   query_params=[],                   │ │
│ │               │   │   │   │   │   │   header_params=[],                  │ │
│ │               │   │   │   │   │   │   cookie_params=[],                  │ │
│ │               │   │   │   │   │   │   body_params=[],                    │ │
│ │               │   │   │   │   │   │   dependencies=[],                   │ │
│ │               │   │   │   │   │   │   name=None,                         │ │
│ │               │   │   │   │   │   │   call=<function require_api_key at  │ │
│ │               0x122ca98a0>,                                              │ │
│ │               │   │   │   │   │   │   request_param_name='request',      │ │
│ │               │   │   │   │   │   │   websocket_param_name=None,         │ │
│ │               │   │   │   │   │   │   http_connection_param_name=None,   │ │
│ │               │   │   │   │   │   │   response_param_name=None,          │ │
│ │               │   │   │   │   │   │   background_tasks_param_name=None,  │ │
│ │               │   │   │   │   │   │   security_scopes_param_name=None,   │ │
│ │               │   │   │   │   │   │   own_oauth_scopes=[],               │ │
│ │               │   │   │   │   │   │   parent_oauth_scopes=None,          │ │
│ │               │   │   │   │   │   │   use_cache=True,                    │ │
│ │               │   │   │   │   │   │   path='/v1/events',                 │ │
│ │               │   │   │   │   │   │   scope=None                         │ │
│ │               │   │   │   │   │   ),                                     │ │
│ │               │   │   │   │   │   Dependant(                             │ │
│ │               │   │   │   │   │   │   path_params=[],                    │ │
│ │               │   │   │   │   │   │   query_params=[],                   │ │
│ │               │   │   │   │   │   │   header_params=[],                  │ │
│ │               │   │   │   │   │   │   cookie_params=[],                  │ │
│ │               │   │   │   │   │   │   body_params=[],                    │ │
│ │               │   │   │   │   │   │   dependencies=[],                   │ │
│ │               │   │   │   │   │   │   name='event_store',                │ │
│ │               │   │   │   │   │   │   call=<function get_event_store at  │ │
│ │               0x122ca9120>,                                              │ │
│ │               │   │   │   │   │   │   request_param_name='request',      │ │
│ │               │   │   │   │   │   │   websocket_param_name=None,         │ │
│ │               │   │   │   │   │   │   http_connection_param_name=None,   │ │
│ │               │   │   │   │   │   │   response_param_name=None,          │ │
│ │               │   │   │   │   │   │   background_tasks_param_name=None,  │ │
│ │               │   │   │   │   │   │   security_scopes_param_name=None,   │ │
│ │               │   │   │   │   │   │   own_oauth_scopes=[],               │ │
│ │               │   │   │   │   │   │   parent_oauth_scopes=[],            │ │
│ │               │   │   │   │   │   │   use_cache=True,                    │ │
│ │               │   │   │   │   │   │   path='/v1/events',                 │ │
│ │               │   │   │   │   │   │   scope=None                         │ │
│ │               │   │   │   │   │   )                                      │ │
│ │               │   │   │   │   ],                                         │ │
│ │               │   │   │   │   name=None,                                 │ │
│ │               │   │   │   │   call=<function ingest_event at             │ │
│ │               0x1242a8e00>,                                              │ │
│ │               │   │   │   │   request_param_name='request',              │ │
│ │               │   │   │   │   websocket_param_name=None,                 │ │
│ │               │   │   │   │   http_connection_param_name=None,           │ │
│ │               │   │   │   │   response_param_name=None,                  │ │
│ │               │   │   │   │   background_tasks_param_name=None,          │ │
│ │               │   │   │   │   security_scopes_param_name=None,           │ │
│ │               │   │   │   │   own_oauth_scopes=None,                     │ │
│ │               │   │   │   │   parent_oauth_scopes=None,                  │ │
│ │               │   │   │   │   use_cache=True,                            │ │
│ │               │   │   │   │   path='/v1/events',                         │ │
│ │               │   │   │   │   scope='function'                           │ │
│ │               │   │   │   ),                                             │ │
│ │               │   │   │   _embed_body_fields=False,                      │ │
│ │               │   │   │   body_field=None,                               │ │
│ │               │   │   │   is_sse_stream=False,                           │ │
│ │               │   │   │   is_json_stream=False                           │ │
│ │               │   │   ),                                                 │ │
│ │               │   │   _EffectiveRouteContext(                            │ │
│ │               │   │   │   original_route=APIRoute(path='/events/batch',  │ │
│ │               name='ingest_event_batch', methods=['POST']),              │ │
│ │               │   │   │   starlette_route=None,                          │ │
│ │               │   │   │   frontend_prefix='',                            │ │
│ │               │   │   │   path='/v1/events/batch',                       │ │
│ │               │   │   │   endpoint=<function ingest_event_batch at       │ │
│ │               0x1242a8ea0>,                                              │ │
│ │               │   │   │   stream_item_type=None,                         │ │
│ │               │   │   │   response_model=None,                           │ │
│ │               │   │   │   summary=None,                                  │ │
│ │               │   │   │   response_description='Successful Response',    │ │
│ │               │   │   │   deprecated=None,                               │ │
│ │               │   │   │   operation_id=None,                             │ │
│ │               │   │   │   response_model_include=None,                   │ │
│ │               │   │   │   response_model_exclude=None,                   │ │
│ │               │   │   │   response_model_by_alias=True,                  │ │
│ │               │   │   │   response_model_exclude_unset=False,            │ │
│ │               │   │   │   response_model_exclude_defaults=False,         │ │
│ │               │   │   │   response_model_exclude_none=False,             │ │
│ │               │   │   │   include_in_schema=True,                        │ │
│ │               │   │   │   response_class=<class                          │ │
│ │               'fastapi.responses.ORJSONResponse'>,                       │ │
│ │               │   │   │                                                  │ │
│ │               dependency_overrides_provider=<fastapi.applications.FastA… │ │
│ │               object at 0x121374da0>,                                    │ │
│ │               │   │   │   callbacks=[],                                  │ │
│ │               │   │   │   openapi_extra=None,                            │ │
│ │               │   │   │                                                  │ │
│ │               generate_unique_id_function=<fastapi.datastructures.Defau… │ │
│ │               object at 0x121ffe8a0>,                                    │ │
│ │               │   │   │   strict_content_type=True,                      │ │
│ │               │   │   │   tags=['events'],                               │ │
│ │               │   │   │   responses={},                                  │ │
│ │               │   │   │   name='ingest_event_batch',                     │ │
│ │               │   │   │   path_regex=re.compile('^/v1/events/batch$'),   │ │
│ │               │   │   │   path_format='/v1/events/batch',                │ │
│ │               │   │   │   param_convertors={},                           │ │
│ │               │   │   │   methods={'POST'},                              │ │
│ │               │   │   │                                                  │ │
│ │               unique_id='ingest_event_batch_v1_events_batch_post',       │ │
│ │               │   │   │   status_code=201,                               │ │
│ │               │   │   │   response_field=None,                           │ │
│ │               │   │   │   stream_item_field=None,                        │ │
│ │               │   │   │   dependencies=[                                 │ │
│ │               │   │   │   │   Depends(                                   │ │
│ │               │   │   │   │   │   dependency=<function require_api_key   │ │
│ │               at 0x122ca98a0>,                                           │ │
│ │               │   │   │   │   │   use_cache=True,                        │ │
│ │               │   │   │   │   │   scope=None                             │ │
│ │               │   │   │   │   )                                          │ │
│ │               │   │   │   ],                                             │ │
│ │               │   │   │   description='Ingest a batch of events.\n\nEach │ │
│ │               event is validated on its own; valid ones are ap'+289,     │ │
│ │               │   │   │   response_fields={},                            │ │
│ │               │   │   │   dependant=Dependant(                           │ │
│ │               │   │   │   │   path_params=[],                            │ │
│ │               │   │   │   │   query_params=[],                           │ │
│ │               │   │   │   │   header_params=[],                          │ │
│ │               │   │   │   │   cookie_params=[],                          │ │
│ │               │   │   │   │   body_params=[],                            │ │
│ │               │   │   │   │   dependencies=[                             │ │
│ │               │   │   │   │   │   Dependant(                             │ │
│ │               │   │   │   │   │   │   path_params=[],                    │ │
│ │               │   │   │   │   │   │   query_params=[],                   │ │
│ │               │   │   │   │   │   │   header_params=[],                  │ │
│ │               │   │   │   │   │   │   cookie_params=[],                  │ │
│ │               │   │   │   │   │   │   body_params=[],                    │ │
│ │               │   │   │   │   │   │   dependencies=[],                   │ │
│ │               │   │   │   │   │   │   name=None,                         │ │
│ │               │   │   │   │   │   │   call=<function require_api_key at  │ │
│ │               0x122ca98a0>,                                              │ │
│ │               │   │   │   │   │   │   request_param_name='request',      │ │
│ │               │   │   │   │   │   │   websocket_param_name=None,         │ │
│ │               │   │   │   │   │   │   http_connection_param_name=None,   │ │
│ │               │   │   │   │   │   │   response_param_name=None,          │ │
│ │               │   │   │   │   │   │   background_tasks_param_name=None,  │ │
│ │               │   │   │   │   │   │   security_scopes_param_name=None,   │ │
│ │               │   │   │   │   │   │   own_oauth_scopes=[],               │ │
│ │               │   │   │   │   │   │   parent_oauth_scopes=None,          │ │
│ │               │   │   │   │   │   │   use_cache=True,                    │ │
│ │               │   │   │   │   │   │   path='/v1/events/batch',           │ │
│ │               │   │   │   │   │   │   scope=None                         │ │
│ │               │   │   │   │   │   ),                                     │ │
│ │               │   │   │   │   │   Dependant(                             │ │
│ │               │   │   │   │   │   │   path_params=[],                    │ │
│ │               │   │   │   │   │   │   query_params=[],                   │ │
│ │               │   │   │   │   │   │   header_params=[],                  │ │
│ │               │   │   │   │   │   │   cookie_params=[],                  │ │
│ │               │   │   │   │   │   │   body_params=[],                    │ │
│ │               │   │   │   │   │   │   dependencies=[],                   │ │
│ │               │   │   │   │   │   │   name='event_store',                │ │
│ │               │   │   │   │   │   │   call=<function get_event_store at  │ │
│ │               0x122ca9120>,                                              │ │
│ │               │   │   │   │   │   │   request_param_name='request',      │ │
│ │               │   │   │   │   │   │   websocket_param_name=None,         │ │
│ │               │   │   │   │   │   │   http_connection_param_name=None,   │ │
│ │               │   │   │   │   │   │   response_param_name=None,          │ │
│ │               │   │   │   │   │   │   background_tasks_param_name=None,  │ │
│ │               │   │   │   │   │   │   security_scopes_param_name=None,   │ │
│ │               │   │   │   │   │   │   own_oauth_scopes=[],               │ │
│ │               │   │   │   │   │   │   parent_oauth_scopes=[],            │ │
│ │               │   │   │   │   │   │   use_cache=True,                    │ │
│ │               │   │   │   │   │   │   path='/v1/events/batch',           │ │
│ │               │   │   │   │   │   │   scope=None                         │ │
│ │               │   │   │   │   │   )                                      │ │
│ │               │   │   │   │   ],                                         │ │
│ │               │   │   │   │   name=None,                                 │ │
│ │               │   │   │   │   call=<function ingest_event_batch at       │ │
│ │               0x1242a8ea0>,                                              │ │
│ │               │   │   │   │   request_param_name='request',              │ │
│ │               │   │   │   │   websocket_param_name=None,                 │ │
│ │               │   │   │   │   http_connection_param_name=None,           │ │
│ │               │   │   │   │   response_param_name=None,                  │ │
│ │               │   │   │   │   background_tasks_param_name=None,          │ │
│ │               │   │   │   │   security_scopes_param_name=None,           │ │
│ │               │   │   │   │   own_oauth_scopes=None,                     │ │
│ │               │   │   │   │   parent_oauth_scopes=None,                  │ │
│ │               │   │   │   │   use_cache=True,                            │ │
│ │               │   │   │   │   path='/v1/events/batch',                   │ │
│ │               │   │   │   │   scope='function'                           │ │
│ │               │   │   │   ),                                             │ │
│ │               │   │   │   _embed_body_fields=False,                      │ │
│ │               │   │   │   body_field=None,                               │ │
│ │               │   │   │   is_sse_stream=False,                           │ │
│ │               │   │   │   is_json_stream=False                           │ │
│ │               │   │   )                                                  │ │
│ │               │   ],                                                     │ │
│ │               │   _effective_candidates_version=2,                       │ │
│ │               │   _effective_low_priority_routes=[],                     │ │
│ │               │   _effective_low_priority_routes_version=None            │ │
│ │               )                                                          │ │
│ │       scope = {                                                          │ │
│ │               │   'type': 'http',                                        │ │
│ │               │   'asgi': {'version': '3.0'},                            │ │
│ │               │   'http_version': '1.1',                                 │ │
│ │               │   'method': 'POST',                                      │ │
│ │               │   'headers': [                                           │ │
│ │               │   │   (b'host', b'compat'),                              │ │
│ │               │   │   (b'accept', b'*/*'),                               │ │
│ │               │   │   (b'accept-encoding', b'gzip, deflate'),            │ │
│ │               │   │   (b'connection', b'keep-alive'),                    │ │
│ │               │   │   (b'user-agent', b'python-httpx/0.28.1'),           │ │
│ │               │   │   (b'content-length', b'302'),                       │ │
│ │               │   │   (b'content-type', b'application/json')             │ │
│ │               │   ],                                                     │ │
│ │               │   'scheme': 'http',                                      │ │
│ │               │   'path': '/v1/events',                                  │ │
│ │               │   'raw_path': b'/v1/events',                             │ │
│ │               │   'query_string': b'',                                   │ │
│ │               │   'server': ('compat', None),                            │ │
│ │               │   ... +13                                                │ │
│ │               }                                                          │ │
│ │        self = <fastapi.routing.APIRouter object at 0x15393d910>          │ │
│ ╰──────────────────────────────────────────────────────────────────────────╯ │
│                                                                              │
│ /private/tmp/engram-ontology-review-venv/lib/python3.12/site-packages/fastap │
│ i/routing.py:1817 in handle                                                  │
│                                                                              │
│   1814 │                                                                     │
│   1815 │   async def handle(self, scope: Scope, receive: Receive, send: Send │
│   1816 │   │   _get_fastapi_scope(scope)[_FASTAPI_INCLUDED_ROUTER_KEY] = sel │
│ ❱ 1817 │   │   await self.original_router.handle(scope, receive, send)       │
│   1818 │                                                                     │
│   1819 │   async def _handle_selected(                                       │
│   1820 │   │   self, scope: Scope, receive: Receive, send: Send              │
│                                                                              │
│ ╭───────────────────────────────── locals ─────────────────────────────────╮ │
│ │ scope = {                                                                │ │
│ │         │   'type': 'http',                                              │ │
│ │         │   'asgi': {'version': '3.0'},                                  │ │
│ │         │   'http_version': '1.1',                                       │ │
│ │         │   'method': 'POST',                                            │ │
│ │         │   'headers': [                                                 │ │
│ │         │   │   (b'host', b'compat'),                                    │ │
│ │         │   │   (b'accept', b'*/*'),                                     │ │
│ │         │   │   (b'accept-encoding', b'gzip, deflate'),                  │ │
│ │         │   │   (b'connection', b'keep-alive'),                          │ │
│ │         │   │   (b'user-agent', b'python-httpx/0.28.1'),                 │ │
│ │         │   │   (b'content-length', b'302'),                             │ │
│ │         │   │   (b'content-type', b'application/json')                   │ │
│ │         │   ],                                                           │ │
│ │         │   'scheme': 'http',                                            │ │
│ │         │   'path': '/v1/events',                                        │ │
│ │         │   'raw_path': b'/v1/events',                                   │ │
│ │         │   'query_string': b'',                                         │ │
│ │         │   'server': ('compat', None),                                  │ │
│ │         │   ... +13                                                      │ │
│ │         }                                                                │ │
│ │  self = _IncludedRouter(                                                 │ │
│ │         │   original_router=<fastapi.routing.APIRouter object at         │ │
│ │         0x1240e5940>,                                                    │ │
│ │         │   include_context=_RouterIncludeContext(                       │ │
│ │         │   │   included_router=<fastapi.routing.APIRouter object at     │ │
│ │         0x1240e5940>,                                                    │ │
│ │         │   │   prefix='/v1',                                            │ │
│ │         │   │   tags=[],                                                 │ │
│ │         │   │   dependencies=[                                           │ │
│ │         │   │   │   Depends(                                             │ │
│ │         │   │   │   │   dependency=<function require_api_key at          │ │
│ │         0x122ca98a0>,                                                    │ │
│ │         │   │   │   │   use_cache=True,                                  │ │
│ │         │   │   │   │   scope=None                                       │ │
│ │         │   │   │   )                                                    │ │
│ │         │   │   ],                                                       │ │
│ │         │   │   default_response_class=<class                            │ │
│ │         'fastapi.responses.ORJSONResponse'>,                             │ │
│ │         │   │   responses={},                                            │ │
│ │         │   │   callbacks=[],                                            │ │
│ │         │   │   deprecated=None,                                         │ │
│ │         │   │   include_in_schema=True,                                  │ │
│ │         │   │                                                            │ │
│ │         generate_unique_id_function=<fastapi.datastructures.DefaultPlac… │ │
│ │         object at 0x1228f9a00>,                                          │ │
│ │         │   │   strict_content_type=True,                                │ │
│ │         │   │                                                            │ │
│ │         dependency_overrides_provider=<fastapi.applications.FastAPI      │ │
│ │         object at 0x121374da0>                                           │ │
│ │         │   ),                                                           │ │
│ │         │   _effective_candidates=[                                      │ │
│ │         │   │   _EffectiveRouteContext(                                  │ │
│ │         │   │   │   original_route=APIRoute(path='/events',              │ │
│ │         name='ingest_event', methods=['POST']),                          │ │
│ │         │   │   │   starlette_route=None,                                │ │
│ │         │   │   │   frontend_prefix='',                                  │ │
│ │         │   │   │   path='/v1/events',                                   │ │
│ │         │   │   │   endpoint=<function ingest_event at 0x1242a8e00>,     │ │
│ │         │   │   │   stream_item_type=None,                               │ │
│ │         │   │   │   response_model=None,                                 │ │
│ │         │   │   │   summary=None,                                        │ │
│ │         │   │   │   response_description='Successful Response',          │ │
│ │         │   │   │   deprecated=None,                                     │ │
│ │         │   │   │   operation_id=None,                                   │ │
│ │         │   │   │   response_model_include=None,                         │ │
│ │         │   │   │   response_model_exclude=None,                         │ │
│ │         │   │   │   response_model_by_alias=True,                        │ │
│ │         │   │   │   response_model_exclude_unset=False,                  │ │
│ │         │   │   │   response_model_exclude_defaults=False,               │ │
│ │         │   │   │   response_model_exclude_none=False,                   │ │
│ │         │   │   │   include_in_schema=True,                              │ │
│ │         │   │   │   response_class=<class                                │ │
│ │         'fastapi.responses.ORJSONResponse'>,                             │ │
│ │         │   │   │                                                        │ │
│ │         dependency_overrides_provider=<fastapi.applications.FastAPI      │ │
│ │         object at 0x121374da0>,                                          │ │
│ │         │   │   │   callbacks=[],                                        │ │
│ │         │   │   │   openapi_extra=None,                                  │ │
│ │         │   │   │                                                        │ │
│ │         generate_unique_id_function=<fastapi.datastructures.DefaultPlac… │ │
│ │         object at 0x121ffe8a0>,                                          │ │
│ │         │   │   │   strict_content_type=True,                            │ │
│ │         │   │   │   tags=['events'],                                     │ │
│ │         │   │   │   responses={},                                        │ │
│ │         │   │   │   name='ingest_event',                                 │ │
│ │         │   │   │   path_regex=re.compile('^/v1/events$'),               │ │
│ │         │   │   │   path_format='/v1/events',                            │ │
│ │         │   │   │   param_convertors={},                                 │ │
│ │         │   │   │   methods={'POST'},                                    │ │
│ │         │   │   │   unique_id='ingest_event_v1_events_post',             │ │
│ │         │   │   │   status_code=201,                                     │ │
│ │         │   │   │   response_field=None,                                 │ │
│ │         │   │   │   stream_item_field=None,                              │ │
│ │         │   │   │   dependencies=[                                       │ │
│ │         │   │   │   │   Depends(                                         │ │
│ │         │   │   │   │   │   dependency=<function require_api_key at      │ │
│ │         0x122ca98a0>,                                                    │ │
│ │         │   │   │   │   │   use_cache=True,                              │ │
│ │         │   │   │   │   │   scope=None                                   │ │
│ │         │   │   │   │   )                                                │ │
│ │         │   │   │   ],                                                   │ │
│ │         │   │   │   description='Ingest a single event into the event    │ │
│ │         ledger.\n\nValidates the event envelope, then'+105,              │ │
│ │         │   │   │   response_fields={},                                  │ │
│ │         │   │   │   dependant=Dependant(                                 │ │
│ │         │   │   │   │   path_params=[],                                  │ │
│ │         │   │   │   │   query_params=[],                                 │ │
│ │         │   │   │   │   header_params=[],                                │ │
│ │         │   │   │   │   cookie_params=[],                                │ │
│ │         │   │   │   │   body_params=[],                                  │ │
│ │         │   │   │   │   dependencies=[                                   │ │
│ │         │   │   │   │   │   Dependant(                                   │ │
│ │         │   │   │   │   │   │   path_params=[],                          │ │
│ │         │   │   │   │   │   │   query_params=[],                         │ │
│ │         │   │   │   │   │   │   header_params=[],                        │ │
│ │         │   │   │   │   │   │   cookie_params=[],                        │ │
│ │         │   │   │   │   │   │   body_params=[],                          │ │
│ │         │   │   │   │   │   │   dependencies=[],                         │ │
│ │         │   │   │   │   │   │   name=None,                               │ │
│ │         │   │   │   │   │   │   call=<function require_api_key at        │ │
│ │         0x122ca98a0>,                                                    │ │
│ │         │   │   │   │   │   │   request_param_name='request',            │ │
│ │         │   │   │   │   │   │   websocket_param_name=None,               │ │
│ │         │   │   │   │   │   │   http_connection_param_name=None,         │ │
│ │         │   │   │   │   │   │   response_param_name=None,                │ │
│ │         │   │   │   │   │   │   background_tasks_param_name=None,        │ │
│ │         │   │   │   │   │   │   security_scopes_param_name=None,         │ │
│ │         │   │   │   │   │   │   own_oauth_scopes=[],                     │ │
│ │         │   │   │   │   │   │   parent_oauth_scopes=None,                │ │
│ │         │   │   │   │   │   │   use_cache=True,                          │ │
│ │         │   │   │   │   │   │   path='/v1/events',                       │ │
│ │         │   │   │   │   │   │   scope=None                               │ │
│ │         │   │   │   │   │   ),                                           │ │
│ │         │   │   │   │   │   Dependant(                                   │ │
│ │         │   │   │   │   │   │   path_params=[],                          │ │
│ │         │   │   │   │   │   │   query_params=[],                         │ │
│ │         │   │   │   │   │   │   header_params=[],                        │ │
│ │         │   │   │   │   │   │   cookie_params=[],                        │ │
│ │         │   │   │   │   │   │   body_params=[],                          │ │
│ │         │   │   │   │   │   │   dependencies=[],                         │ │
│ │         │   │   │   │   │   │   name='event_store',                      │ │
│ │         │   │   │   │   │   │   call=<function get_event_store at        │ │
│ │         0x122ca9120>,                                                    │ │
│ │         │   │   │   │   │   │   request_param_name='request',            │ │
│ │         │   │   │   │   │   │   websocket_param_name=None,               │ │
│ │         │   │   │   │   │   │   http_connection_param_name=None,         │ │
│ │         │   │   │   │   │   │   response_param_name=None,                │ │
│ │         │   │   │   │   │   │   background_tasks_param_name=None,        │ │
│ │         │   │   │   │   │   │   security_scopes_param_name=None,         │ │
│ │         │   │   │   │   │   │   own_oauth_scopes=[],                     │ │
│ │         │   │   │   │   │   │   parent_oauth_scopes=[],                  │ │
│ │         │   │   │   │   │   │   use_cache=True,                          │ │
│ │         │   │   │   │   │   │   path='/v1/events',                       │ │
│ │         │   │   │   │   │   │   scope=None                               │ │
│ │         │   │   │   │   │   )                                            │ │
│ │         │   │   │   │   ],                                               │ │
│ │         │   │   │   │   name=None,                                       │ │
│ │         │   │   │   │   call=<function ingest_event at 0x1242a8e00>,     │ │
│ │         │   │   │   │   request_param_name='request',                    │ │
│ │         │   │   │   │   websocket_param_name=None,                       │ │
│ │         │   │   │   │   http_connection_param_name=None,                 │ │
│ │         │   │   │   │   response_param_name=None,                        │ │
│ │         │   │   │   │   background_tasks_param_name=None,                │ │
│ │         │   │   │   │   security_scopes_param_name=None,                 │ │
│ │         │   │   │   │   own_oauth_scopes=None,                           │ │
│ │         │   │   │   │   parent_oauth_scopes=None,                        │ │
│ │         │   │   │   │   use_cache=True,                                  │ │
│ │         │   │   │   │   path='/v1/events',                               │ │
│ │         │   │   │   │   scope='function'                                 │ │
│ │         │   │   │   ),                                                   │ │
│ │         │   │   │   _embed_body_fields=False,                            │ │
│ │         │   │   │   body_field=None,                                     │ │
│ │         │   │   │   is_sse_stream=False,                                 │ │
│ │         │   │   │   is_json_stream=False                                 │ │
│ │         │   │   ),                                                       │ │
│ │         │   │   _EffectiveRouteContext(                                  │ │
│ │         │   │   │   original_route=APIRoute(path='/events/batch',        │ │
│ │         name='ingest_event_batch', methods=['POST']),                    │ │
│ │         │   │   │   starlette_route=None,                                │ │
│ │         │   │   │   frontend_prefix='',                                  │ │
│ │         │   │   │   path='/v1/events/batch',                             │ │
│ │         │   │   │   endpoint=<function ingest_event_batch at             │ │
│ │         0x1242a8ea0>,                                                    │ │
│ │         │   │   │   stream_item_type=None,                               │ │
│ │         │   │   │   response_model=None,                                 │ │
│ │         │   │   │   summary=None,                                        │ │
│ │         │   │   │   response_description='Successful Response',          │ │
│ │         │   │   │   deprecated=None,                                     │ │
│ │         │   │   │   operation_id=None,                                   │ │
│ │         │   │   │   response_model_include=None,                         │ │
│ │         │   │   │   response_model_exclude=None,                         │ │
│ │         │   │   │   response_model_by_alias=True,                        │ │
│ │         │   │   │   response_model_exclude_unset=False,                  │ │
│ │         │   │   │   response_model_exclude_defaults=False,               │ │
│ │         │   │   │   response_model_exclude_none=False,                   │ │
│ │         │   │   │   include_in_schema=True,                              │ │
│ │         │   │   │   response_class=<class                                │ │
│ │         'fastapi.responses.ORJSONResponse'>,                             │ │
│ │         │   │   │                                                        │ │
│ │         dependency_overrides_provider=<fastapi.applications.FastAPI      │ │
│ │         object at 0x121374da0>,                                          │ │
│ │         │   │   │   callbacks=[],                                        │ │
│ │         │   │   │   openapi_extra=None,                                  │ │
│ │         │   │   │                                                        │ │
│ │         generate_unique_id_function=<fastapi.datastructures.DefaultPlac… │ │
│ │         object at 0x121ffe8a0>,                                          │ │
│ │         │   │   │   strict_content_type=True,                            │ │
│ │         │   │   │   tags=['events'],                                     │ │
│ │         │   │   │   responses={},                                        │ │
│ │         │   │   │   name='ingest_event_batch',                           │ │
│ │         │   │   │   path_regex=re.compile('^/v1/events/batch$'),         │ │
│ │         │   │   │   path_format='/v1/events/batch',                      │ │
│ │         │   │   │   param_convertors={},                                 │ │
│ │         │   │   │   methods={'POST'},                                    │ │
│ │         │   │   │   unique_id='ingest_event_batch_v1_events_batch_post', │ │
│ │         │   │   │   status_code=201,                                     │ │
│ │         │   │   │   response_field=None,                                 │ │
│ │         │   │   │   stream_item_field=None,                              │ │
│ │         │   │   │   dependencies=[                                       │ │
│ │         │   │   │   │   Depends(                                         │ │
│ │         │   │   │   │   │   dependency=<function require_api_key at      │ │
│ │         0x122ca98a0>,                                                    │ │
│ │         │   │   │   │   │   use_cache=True,                              │ │
│ │         │   │   │   │   │   scope=None                                   │ │
│ │         │   │   │   │   )                                                │ │
│ │         │   │   │   ],                                                   │ │
│ │         │   │   │   description='Ingest a batch of events.\n\nEach event │ │
│ │         is validated on its own; valid ones are ap'+289,                 │ │
│ │         │   │   │   response_fields={},                                  │ │
│ │         │   │   │   dependant=Dependant(                                 │ │
│ │         │   │   │   │   path_params=[],                                  │ │
│ │         │   │   │   │   query_params=[],                                 │ │
│ │         │   │   │   │   header_params=[],                                │ │
│ │         │   │   │   │   cookie_params=[],                                │ │
│ │         │   │   │   │   body_params=[],                                  │ │
│ │         │   │   │   │   dependencies=[                                   │ │
│ │         │   │   │   │   │   Dependant(                                   │ │
│ │         │   │   │   │   │   │   path_params=[],                          │ │
│ │         │   │   │   │   │   │   query_params=[],                         │ │
│ │         │   │   │   │   │   │   header_params=[],                        │ │
│ │         │   │   │   │   │   │   cookie_params=[],                        │ │
│ │         │   │   │   │   │   │   body_params=[],                          │ │
│ │         │   │   │   │   │   │   dependencies=[],                         │ │
│ │         │   │   │   │   │   │   name=None,                               │ │
│ │         │   │   │   │   │   │   call=<function require_api_key at        │ │
│ │         0x122ca98a0>,                                                    │ │
│ │         │   │   │   │   │   │   request_param_name='request',            │ │
│ │         │   │   │   │   │   │   websocket_param_name=None,               │ │
│ │         │   │   │   │   │   │   http_connection_param_name=None,         │ │
│ │         │   │   │   │   │   │   response_param_name=None,                │ │
│ │         │   │   │   │   │   │   background_tasks_param_name=None,        │ │
│ │         │   │   │   │   │   │   security_scopes_param_name=None,         │ │
│ │         │   │   │   │   │   │   own_oauth_scopes=[],                     │ │
│ │         │   │   │   │   │   │   parent_oauth_scopes=None,                │ │
│ │         │   │   │   │   │   │   use_cache=True,                          │ │
│ │         │   │   │   │   │   │   path='/v1/events/batch',                 │ │
│ │         │   │   │   │   │   │   scope=None                               │ │
│ │         │   │   │   │   │   ),                                           │ │
│ │         │   │   │   │   │   Dependant(                                   │ │
│ │         │   │   │   │   │   │   path_params=[],                          │ │
│ │         │   │   │   │   │   │   query_params=[],                         │ │
│ │         │   │   │   │   │   │   header_params=[],                        │ │
│ │         │   │   │   │   │   │   cookie_params=[],                        │ │
│ │         │   │   │   │   │   │   body_params=[],                          │ │
│ │         │   │   │   │   │   │   dependencies=[],                         │ │
│ │         │   │   │   │   │   │   name='event_store',                      │ │
│ │         │   │   │   │   │   │   call=<function get_event_store at        │ │
│ │         0x122ca9120>,                                                    │ │
│ │         │   │   │   │   │   │   request_param_name='request',            │ │
│ │         │   │   │   │   │   │   websocket_param_name=None,               │ │
│ │         │   │   │   │   │   │   http_connection_param_name=None,         │ │
│ │         │   │   │   │   │   │   response_param_name=None,                │ │
│ │         │   │   │   │   │   │   background_tasks_param_name=None,        │ │
│ │         │   │   │   │   │   │   security_scopes_param_name=None,         │ │
│ │         │   │   │   │   │   │   own_oauth_scopes=[],                     │ │
│ │         │   │   │   │   │   │   parent_oauth_scopes=[],                  │ │
│ │         │   │   │   │   │   │   use_cache=True,                          │ │
│ │         │   │   │   │   │   │   path='/v1/events/batch',                 │ │
│ │         │   │   │   │   │   │   scope=None                               │ │
│ │         │   │   │   │   │   )                                            │ │
│ │         │   │   │   │   ],                                               │ │
│ │         │   │   │   │   name=None,                                       │ │
│ │         │   │   │   │   call=<function ingest_event_batch at             │ │
│ │         0x1242a8ea0>,                                                    │ │
│ │         │   │   │   │   request_param_name='request',                    │ │
│ │         │   │   │   │   websocket_param_name=None,                       │ │
│ │         │   │   │   │   http_connection_param_name=None,                 │ │
│ │         │   │   │   │   response_param_name=None,                        │ │
│ │         │   │   │   │   background_tasks_param_name=None,                │ │
│ │         │   │   │   │   security_scopes_param_name=None,                 │ │
│ │         │   │   │   │   own_oauth_scopes=None,                           │ │
│ │         │   │   │   │   parent_oauth_scopes=None,                        │ │
│ │         │   │   │   │   use_cache=True,                                  │ │
│ │         │   │   │   │   path='/v1/events/batch',                         │ │
│ │         │   │   │   │   scope='function'                                 │ │
│ │         │   │   │   ),                                                   │ │
│ │         │   │   │   _embed_body_fields=False,                            │ │
│ │         │   │   │   body_field=None,                                     │ │
│ │         │   │   │   is_sse_stream=False,                                 │ │
│ │         │   │   │   is_json_stream=False                                 │ │
│ │         │   │   )                                                        │ │
│ │         │   ],                                                           │ │
│ │         │   _effective_candidates_version=2,                             │ │
│ │         │   _effective_low_priority_routes=[],                           │ │
│ │         │   _effective_low_priority_routes_version=None                  │ │
│ │         )                                                                │ │
│ ╰──────────────────────────────────────────────────────────────────────────╯ │
│                                                                              │
│ /private/tmp/engram-ontology-review-venv/lib/python3.12/site-packages/fastap │
│ i/routing.py:2869 in handle                                                  │
│                                                                              │
│   2866 │   │   │   isinstance(included_router, _IncludedRouter)              │
│   2867 │   │   │   and included_router.original_router is self               │
│   2868 │   │   ):                                                            │
│ ❱ 2869 │   │   │   await included_router._handle_selected(scope, receive, se │
│   2870 │   │   │   return                                                    │
│   2871 │   │   await self.app(scope, receive, send)                          │
│   2872                                                                       │
│                                                                              │
│ ╭───────────────────────────────── locals ─────────────────────────────────╮ │
│ │ included_router = _IncludedRouter(                                       │ │
│ │                   │   original_router=<fastapi.routing.APIRouter object  │ │
│ │                   at 0x1240e5940>,                                       │ │
│ │                   │   include_context=_RouterIncludeContext(             │ │
│ │                   │   │   included_router=<fastapi.routing.APIRouter     │ │
│ │                   object at 0x1240e5940>,                                │ │
│ │                   │   │   prefix='/v1',                                  │ │
│ │                   │   │   tags=[],                                       │ │
│ │                   │   │   dependencies=[                                 │ │
│ │                   │   │   │   Depends(                                   │ │
│ │                   │   │   │   │   dependency=<function require_api_key   │ │
│ │                   at 0x122ca98a0>,                                       │ │
│ │                   │   │   │   │   use_cache=True,                        │ │
│ │                   │   │   │   │   scope=None                             │ │
│ │                   │   │   │   )                                          │ │
│ │                   │   │   ],                                             │ │
│ │                   │   │   default_response_class=<class                  │ │
│ │                   'fastapi.responses.ORJSONResponse'>,                   │ │
│ │                   │   │   responses={},                                  │ │
│ │                   │   │   callbacks=[],                                  │ │
│ │                   │   │   deprecated=None,                               │ │
│ │                   │   │   include_in_schema=True,                        │ │
│ │                   │   │                                                  │ │
│ │                   generate_unique_id_function=<fastapi.datastructures.D… │ │
│ │                   object at 0x1228f9a00>,                                │ │
│ │                   │   │   strict_content_type=True,                      │ │
│ │                   │   │                                                  │ │
│ │                   dependency_overrides_provider=<fastapi.applications.F… │ │
│ │                   object at 0x121374da0>                                 │ │
│ │                   │   ),                                                 │ │
│ │                   │   _effective_candidates=[                            │ │
│ │                   │   │   _EffectiveRouteContext(                        │ │
│ │                   │   │   │   original_route=APIRoute(path='/events',    │ │
│ │                   name='ingest_event', methods=['POST']),                │ │
│ │                   │   │   │   starlette_route=None,                      │ │
│ │                   │   │   │   frontend_prefix='',                        │ │
│ │                   │   │   │   path='/v1/events',                         │ │
│ │                   │   │   │   endpoint=<function ingest_event at         │ │
│ │                   0x1242a8e00>,                                          │ │
│ │                   │   │   │   stream_item_type=None,                     │ │
│ │                   │   │   │   response_model=None,                       │ │
│ │                   │   │   │   summary=None,                              │ │
│ │                   │   │   │   response_description='Successful           │ │
│ │                   Response',                                             │ │
│ │                   │   │   │   deprecated=None,                           │ │
│ │                   │   │   │   operation_id=None,                         │ │
│ │                   │   │   │   response_model_include=None,               │ │
│ │                   │   │   │   response_model_exclude=None,               │ │
│ │                   │   │   │   response_model_by_alias=True,              │ │
│ │                   │   │   │   response_model_exclude_unset=False,        │ │
│ │                   │   │   │   response_model_exclude_defaults=False,     │ │
│ │                   │   │   │   response_model_exclude_none=False,         │ │
│ │                   │   │   │   include_in_schema=True,                    │ │
│ │                   │   │   │   response_class=<class                      │ │
│ │                   'fastapi.responses.ORJSONResponse'>,                   │ │
│ │                   │   │   │                                              │ │
│ │                   dependency_overrides_provider=<fastapi.applications.F… │ │
│ │                   object at 0x121374da0>,                                │ │
│ │                   │   │   │   callbacks=[],                              │ │
│ │                   │   │   │   openapi_extra=None,                        │ │
│ │                   │   │   │                                              │ │
│ │                   generate_unique_id_function=<fastapi.datastructures.D… │ │
│ │                   object at 0x121ffe8a0>,                                │ │
│ │                   │   │   │   strict_content_type=True,                  │ │
│ │                   │   │   │   tags=['events'],                           │ │
│ │                   │   │   │   responses={},                              │ │
│ │                   │   │   │   name='ingest_event',                       │ │
│ │                   │   │   │   path_regex=re.compile('^/v1/events$'),     │ │
│ │                   │   │   │   path_format='/v1/events',                  │ │
│ │                   │   │   │   param_convertors={},                       │ │
│ │                   │   │   │   methods={'POST'},                          │ │
│ │                   │   │   │   unique_id='ingest_event_v1_events_post',   │ │
│ │                   │   │   │   status_code=201,                           │ │
│ │                   │   │   │   response_field=None,                       │ │
│ │                   │   │   │   stream_item_field=None,                    │ │
│ │                   │   │   │   dependencies=[                             │ │
│ │                   │   │   │   │   Depends(                               │ │
│ │                   │   │   │   │   │   dependency=<function               │ │
│ │                   require_api_key at 0x122ca98a0>,                       │ │
│ │                   │   │   │   │   │   use_cache=True,                    │ │
│ │                   │   │   │   │   │   scope=None                         │ │
│ │                   │   │   │   │   )                                      │ │
│ │                   │   │   │   ],                                         │ │
│ │                   │   │   │   description='Ingest a single event into    │ │
│ │                   the event ledger.\n\nValidates the event envelope,     │ │
│ │                   then'+105,                                             │ │
│ │                   │   │   │   response_fields={},                        │ │
│ │                   │   │   │   dependant=Dependant(                       │ │
│ │                   │   │   │   │   path_params=[],                        │ │
│ │                   │   │   │   │   query_params=[],                       │ │
│ │                   │   │   │   │   header_params=[],                      │ │
│ │                   │   │   │   │   cookie_params=[],                      │ │
│ │                   │   │   │   │   body_params=[],                        │ │
│ │                   │   │   │   │   dependencies=[                         │ │
│ │                   │   │   │   │   │   Dependant(                         │ │
│ │                   │   │   │   │   │   │   path_params=[],                │ │
│ │                   │   │   │   │   │   │   query_params=[],               │ │
│ │                   │   │   │   │   │   │   header_params=[],              │ │
│ │                   │   │   │   │   │   │   cookie_params=[],              │ │
│ │                   │   │   │   │   │   │   body_params=[],                │ │
│ │                   │   │   │   │   │   │   dependencies=[],               │ │
│ │                   │   │   │   │   │   │   name=None,                     │ │
│ │                   │   │   │   │   │   │   call=<function require_api_key │ │
│ │                   at 0x122ca98a0>,                                       │ │
│ │                   │   │   │   │   │   │   request_param_name='request',  │ │
│ │                   │   │   │   │   │   │   websocket_param_name=None,     │ │
│ │                   │   │   │   │   │   │                                  │ │
│ │                   http_connection_param_name=None,                       │ │
│ │                   │   │   │   │   │   │   response_param_name=None,      │ │
│ │                   │   │   │   │   │   │                                  │ │
│ │                   background_tasks_param_name=None,                      │ │
│ │                   │   │   │   │   │   │                                  │ │
│ │                   security_scopes_param_name=None,                       │ │
│ │                   │   │   │   │   │   │   own_oauth_scopes=[],           │ │
│ │                   │   │   │   │   │   │   parent_oauth_scopes=None,      │ │
│ │                   │   │   │   │   │   │   use_cache=True,                │ │
│ │                   │   │   │   │   │   │   path='/v1/events',             │ │
│ │                   │   │   │   │   │   │   scope=None                     │ │
│ │                   │   │   │   │   │   ),                                 │ │
│ │                   │   │   │   │   │   Dependant(                         │ │
│ │                   │   │   │   │   │   │   path_params=[],                │ │
│ │                   │   │   │   │   │   │   query_params=[],               │ │
│ │                   │   │   │   │   │   │   header_params=[],              │ │
│ │                   │   │   │   │   │   │   cookie_params=[],              │ │
│ │                   │   │   │   │   │   │   body_params=[],                │ │
│ │                   │   │   │   │   │   │   dependencies=[],               │ │
│ │                   │   │   │   │   │   │   name='event_store',            │ │
│ │                   │   │   │   │   │   │   call=<function get_event_store │ │
│ │                   at 0x122ca9120>,                                       │ │
│ │                   │   │   │   │   │   │   request_param_name='request',  │ │
│ │                   │   │   │   │   │   │   websocket_param_name=None,     │ │
│ │                   │   │   │   │   │   │                                  │ │
│ │                   http_connection_param_name=None,                       │ │
│ │                   │   │   │   │   │   │   response_param_name=None,      │ │
│ │                   │   │   │   │   │   │                                  │ │
│ │                   background_tasks_param_name=None,                      │ │
│ │                   │   │   │   │   │   │                                  │ │
│ │                   security_scopes_param_name=None,                       │ │
│ │                   │   │   │   │   │   │   own_oauth_scopes=[],           │ │
│ │                   │   │   │   │   │   │   parent_oauth_scopes=[],        │ │
│ │                   │   │   │   │   │   │   use_cache=True,                │ │
│ │                   │   │   │   │   │   │   path='/v1/events',             │ │
│ │                   │   │   │   │   │   │   scope=None                     │ │
│ │                   │   │   │   │   │   )                                  │ │
│ │                   │   │   │   │   ],                                     │ │
│ │                   │   │   │   │   name=None,                             │ │
│ │                   │   │   │   │   call=<function ingest_event at         │ │
│ │                   0x1242a8e00>,                                          │ │
│ │                   │   │   │   │   request_param_name='request',          │ │
│ │                   │   │   │   │   websocket_param_name=None,             │ │
│ │                   │   │   │   │   http_connection_param_name=None,       │ │
│ │                   │   │   │   │   response_param_name=None,              │ │
│ │                   │   │   │   │   background_tasks_param_name=None,      │ │
│ │                   │   │   │   │   security_scopes_param_name=None,       │ │
│ │                   │   │   │   │   own_oauth_scopes=None,                 │ │
│ │                   │   │   │   │   parent_oauth_scopes=None,              │ │
│ │                   │   │   │   │   use_cache=True,                        │ │
│ │                   │   │   │   │   path='/v1/events',                     │ │
│ │                   │   │   │   │   scope='function'                       │ │
│ │                   │   │   │   ),                                         │ │
│ │                   │   │   │   _embed_body_fields=False,                  │ │
│ │                   │   │   │   body_field=None,                           │ │
│ │                   │   │   │   is_sse_stream=False,                       │ │
│ │                   │   │   │   is_json_stream=False                       │ │
│ │                   │   │   ),                                             │ │
│ │                   │   │   _EffectiveRouteContext(                        │ │
│ │                   │   │   │                                              │ │
│ │                   original_route=APIRoute(path='/events/batch',          │ │
│ │                   name='ingest_event_batch', methods=['POST']),          │ │
│ │                   │   │   │   starlette_route=None,                      │ │
│ │                   │   │   │   frontend_prefix='',                        │ │
│ │                   │   │   │   path='/v1/events/batch',                   │ │
│ │                   │   │   │   endpoint=<function ingest_event_batch at   │ │
│ │                   0x1242a8ea0>,                                          │ │
│ │                   │   │   │   stream_item_type=None,                     │ │
│ │                   │   │   │   response_model=None,                       │ │
│ │                   │   │   │   summary=None,                              │ │
│ │                   │   │   │   response_description='Successful           │ │
│ │                   Response',                                             │ │
│ │                   │   │   │   deprecated=None,                           │ │
│ │                   │   │   │   operation_id=None,                         │ │
│ │                   │   │   │   response_model_include=None,               │ │
│ │                   │   │   │   response_model_exclude=None,               │ │
│ │                   │   │   │   response_model_by_alias=True,              │ │
│ │                   │   │   │   response_model_exclude_unset=False,        │ │
│ │                   │   │   │   response_model_exclude_defaults=False,     │ │
│ │                   │   │   │   response_model_exclude_none=False,         │ │
│ │                   │   │   │   include_in_schema=True,                    │ │
│ │                   │   │   │   response_class=<class                      │ │
│ │                   'fastapi.responses.ORJSONResponse'>,                   │ │
│ │                   │   │   │                                              │ │
│ │                   dependency_overrides_provider=<fastapi.applications.F… │ │
│ │                   object at 0x121374da0>,                                │ │
│ │                   │   │   │   callbacks=[],                              │ │
│ │                   │   │   │   openapi_extra=None,                        │ │
│ │                   │   │   │                                              │ │
│ │                   generate_unique_id_function=<fastapi.datastructures.D… │ │
│ │                   object at 0x121ffe8a0>,                                │ │
│ │                   │   │   │   strict_content_type=True,                  │ │
│ │                   │   │   │   tags=['events'],                           │ │
│ │                   │   │   │   responses={},                              │ │
│ │                   │   │   │   name='ingest_event_batch',                 │ │
│ │                   │   │   │                                              │ │
│ │                   path_regex=re.compile('^/v1/events/batch$'),           │ │
│ │                   │   │   │   path_format='/v1/events/batch',            │ │
│ │                   │   │   │   param_convertors={},                       │ │
│ │                   │   │   │   methods={'POST'},                          │ │
│ │                   │   │   │                                              │ │
│ │                   unique_id='ingest_event_batch_v1_events_batch_post',   │ │
│ │                   │   │   │   status_code=201,                           │ │
│ │                   │   │   │   response_field=None,                       │ │
│ │                   │   │   │   stream_item_field=None,                    │ │
│ │                   │   │   │   dependencies=[                             │ │
│ │                   │   │   │   │   Depends(                               │ │
│ │                   │   │   │   │   │   dependency=<function               │ │
│ │                   require_api_key at 0x122ca98a0>,                       │ │
│ │                   │   │   │   │   │   use_cache=True,                    │ │
│ │                   │   │   │   │   │   scope=None                         │ │
│ │                   │   │   │   │   )                                      │ │
│ │                   │   │   │   ],                                         │ │
│ │                   │   │   │   description='Ingest a batch of             │ │
│ │                   events.\n\nEach event is validated on its own; valid   │ │
│ │                   ones are ap'+289,                                      │ │
│ │                   │   │   │   response_fields={},                        │ │
│ │                   │   │   │   dependant=Dependant(                       │ │
│ │                   │   │   │   │   path_params=[],                        │ │
│ │                   │   │   │   │   query_params=[],                       │ │
│ │                   │   │   │   │   header_params=[],                      │ │
│ │                   │   │   │   │   cookie_params=[],                      │ │
│ │                   │   │   │   │   body_params=[],                        │ │
│ │                   │   │   │   │   dependencies=[                         │ │
│ │                   │   │   │   │   │   Dependant(                         │ │
│ │                   │   │   │   │   │   │   path_params=[],                │ │
│ │                   │   │   │   │   │   │   query_params=[],               │ │
│ │                   │   │   │   │   │   │   header_params=[],              │ │
│ │                   │   │   │   │   │   │   cookie_params=[],              │ │
│ │                   │   │   │   │   │   │   body_params=[],                │ │
│ │                   │   │   │   │   │   │   dependencies=[],               │ │
│ │                   │   │   │   │   │   │   name=None,                     │ │
│ │                   │   │   │   │   │   │   call=<function require_api_key │ │
│ │                   at 0x122ca98a0>,                                       │ │
│ │                   │   │   │   │   │   │   request_param_name='request',  │ │
│ │                   │   │   │   │   │   │   websocket_param_name=None,     │ │
│ │                   │   │   │   │   │   │                                  │ │
│ │                   http_connection_param_name=None,                       │ │
│ │                   │   │   │   │   │   │   response_param_name=None,      │ │
│ │                   │   │   │   │   │   │                                  │ │
│ │                   background_tasks_param_name=None,                      │ │
│ │                   │   │   │   │   │   │                                  │ │
│ │                   security_scopes_param_name=None,                       │ │
│ │                   │   │   │   │   │   │   own_oauth_scopes=[],           │ │
│ │                   │   │   │   │   │   │   parent_oauth_scopes=None,      │ │
│ │                   │   │   │   │   │   │   use_cache=True,                │ │
│ │                   │   │   │   │   │   │   path='/v1/events/batch',       │ │
│ │                   │   │   │   │   │   │   scope=None                     │ │
│ │                   │   │   │   │   │   ),                                 │ │
│ │                   │   │   │   │   │   Dependant(                         │ │
│ │                   │   │   │   │   │   │   path_params=[],                │ │
│ │                   │   │   │   │   │   │   query_params=[],               │ │
│ │                   │   │   │   │   │   │   header_params=[],              │ │
│ │                   │   │   │   │   │   │   cookie_params=[],              │ │
│ │                   │   │   │   │   │   │   body_params=[],                │ │
│ │                   │   │   │   │   │   │   dependencies=[],               │ │
│ │                   │   │   │   │   │   │   name='event_store',            │ │
│ │                   │   │   │   │   │   │   call=<function get_event_store │ │
│ │                   at 0x122ca9120>,                                       │ │
│ │                   │   │   │   │   │   │   request_param_name='request',  │ │
│ │                   │   │   │   │   │   │   websocket_param_name=None,     │ │
│ │                   │   │   │   │   │   │                                  │ │
│ │                   http_connection_param_name=None,                       │ │
│ │                   │   │   │   │   │   │   response_param_name=None,      │ │
│ │                   │   │   │   │   │   │                                  │ │
│ │                   background_tasks_param_name=None,                      │ │
│ │                   │   │   │   │   │   │                                  │ │
│ │                   security_scopes_param_name=None,                       │ │
│ │                   │   │   │   │   │   │   own_oauth_scopes=[],           │ │
│ │                   │   │   │   │   │   │   parent_oauth_scopes=[],        │ │
│ │                   │   │   │   │   │   │   use_cache=True,                │ │
│ │                   │   │   │   │   │   │   path='/v1/events/batch',       │ │
│ │                   │   │   │   │   │   │   scope=None                     │ │
│ │                   │   │   │   │   │   )                                  │ │
│ │                   │   │   │   │   ],                                     │ │
│ │                   │   │   │   │   name=None,                             │ │
│ │                   │   │   │   │   call=<function ingest_event_batch at   │ │
│ │                   0x1242a8ea0>,                                          │ │
│ │                   │   │   │   │   request_param_name='request',          │ │
│ │                   │   │   │   │   websocket_param_name=None,             │ │
│ │                   │   │   │   │   http_connection_param_name=None,       │ │
│ │                   │   │   │   │   response_param_name=None,              │ │
│ │                   │   │   │   │   background_tasks_param_name=None,      │ │
│ │                   │   │   │   │   security_scopes_param_name=None,       │ │
│ │                   │   │   │   │   own_oauth_scopes=None,                 │ │
│ │                   │   │   │   │   parent_oauth_scopes=None,              │ │
│ │                   │   │   │   │   use_cache=True,                        │ │
│ │                   │   │   │   │   path='/v1/events/batch',               │ │
│ │                   │   │   │   │   scope='function'                       │ │
│ │                   │   │   │   ),                                         │ │
│ │                   │   │   │   _embed_body_fields=False,                  │ │
│ │                   │   │   │   body_field=None,                           │ │
│ │                   │   │   │   is_sse_stream=False,                       │ │
│ │                   │   │   │   is_json_stream=False                       │ │
│ │                   │   │   )                                              │ │
│ │                   │   ],                                                 │ │
│ │                   │   _effective_candidates_version=2,                   │ │
│ │                   │   _effective_low_priority_routes=[],                 │ │
│ │                   │   _effective_low_priority_routes_version=None        │ │
│ │                   )                                                      │ │
│ │           scope = {                                                      │ │
│ │                   │   'type': 'http',                                    │ │
│ │                   │   'asgi': {'version': '3.0'},                        │ │
│ │                   │   'http_version': '1.1',                             │ │
│ │                   │   'method': 'POST',                                  │ │
│ │                   │   'headers': [                                       │ │
│ │                   │   │   (b'host', b'compat'),                          │ │
│ │                   │   │   (b'accept', b'*/*'),                           │ │
│ │                   │   │   (b'accept-encoding', b'gzip, deflate'),        │ │
│ │                   │   │   (b'connection', b'keep-alive'),                │ │
│ │                   │   │   (b'user-agent', b'python-httpx/0.28.1'),       │ │
│ │                   │   │   (b'content-length', b'302'),                   │ │
│ │                   │   │   (b'content-type', b'application/json')         │ │
│ │                   │   ],                                                 │ │
│ │                   │   'scheme': 'http',                                  │ │
│ │                   │   'path': '/v1/events',                              │ │
│ │                   │   'raw_path': b'/v1/events',                         │ │
│ │                   │   'query_string': b'',                               │ │
│ │                   │   'server': ('compat', None),                        │ │
│ │                   │   ... +13                                            │ │
│ │                   }                                                      │ │
│ │            self = <fastapi.routing.APIRouter object at 0x1240e5940>      │ │
│ ╰──────────────────────────────────────────────────────────────────────────╯ │
│                                                                              │
│ /private/tmp/engram-ontology-review-venv/lib/python3.12/site-packages/fastap │
│ i/routing.py:1843 in _handle_selected                                        │
│                                                                              │
│   1840 │   │   │   original_route = effective_context.original_route         │
│   1841 │   │   │   if isinstance(original_route, APIRoute):                  │
│   1842 │   │   │   │   scope["route"] = original_route                       │
│ ❱ 1843 │   │   │   │   await original_route.handle(scope, receive, send)     │
│   1844 │   │   │   │   return                                                │
│   1845 │   │   await route.handle(scope, receive, send)                      │
│   1846                                                                       │
│                                                                              │
│ ╭───────────────────────────────── locals ─────────────────────────────────╮ │
│ │       child_scope = {                                                    │ │
│ │                     │   'endpoint': <function ingest_event at            │ │
│ │                     0x1242a8e00>,                                        │ │
│ │                     │   'path_params': {},                               │ │
│ │                     │   'route': APIRoute(path='/events',                │ │
│ │                     name='ingest_event', methods=['POST'])               │ │
│ │                     }                                                    │ │
│ │ effective_context = _EffectiveRouteContext(                              │ │
│ │                     │   original_route=APIRoute(path='/events',          │ │
│ │                     name='ingest_event', methods=['POST']),              │ │
│ │                     │   starlette_route=None,                            │ │
│ │                     │   frontend_prefix='',                              │ │
│ │                     │   path='/v1/events',                               │ │
│ │                     │   endpoint=<function ingest_event at 0x1242a8e00>, │ │
│ │                     │   stream_item_type=None,                           │ │
│ │                     │   response_model=None,                             │ │
│ │                     │   summary=None,                                    │ │
│ │                     │   response_description='Successful Response',      │ │
│ │                     │   deprecated=None,                                 │ │
│ │                     │   operation_id=None,                               │ │
│ │                     │   response_model_include=None,                     │ │
│ │                     │   response_model_exclude=None,                     │ │
│ │                     │   response_model_by_alias=True,                    │ │
│ │                     │   response_model_exclude_unset=False,              │ │
│ │                     │   response_model_exclude_defaults=False,           │ │
│ │                     │   response_model_exclude_none=False,               │ │
│ │                     │   include_in_schema=True,                          │ │
│ │                     │   response_class=<class                            │ │
│ │                     'fastapi.responses.ORJSONResponse'>,                 │ │
│ │                     │                                                    │ │
│ │                     dependency_overrides_provider=<fastapi.applications… │ │
│ │                     object at 0x121374da0>,                              │ │
│ │                     │   callbacks=[],                                    │ │
│ │                     │   openapi_extra=None,                              │ │
│ │                     │                                                    │ │
│ │                     generate_unique_id_function=<fastapi.datastructures… │ │
│ │                     object at 0x121ffe8a0>,                              │ │
│ │                     │   strict_content_type=True,                        │ │
│ │                     │   tags=['events'],                                 │ │
│ │                     │   responses={},                                    │ │
│ │                     │   name='ingest_event',                             │ │
│ │                     │   path_regex=re.compile('^/v1/events$'),           │ │
│ │                     │   path_format='/v1/events',                        │ │
│ │                     │   param_convertors={},                             │ │
│ │                     │   methods={'POST'},                                │ │
│ │                     │   unique_id='ingest_event_v1_events_post',         │ │
│ │                     │   status_code=201,                                 │ │
│ │                     │   response_field=None,                             │ │
│ │                     │   stream_item_field=None,                          │ │
│ │                     │   dependencies=[                                   │ │
│ │                     │   │   Depends(                                     │ │
│ │                     │   │   │   dependency=<function require_api_key at  │ │
│ │                     0x122ca98a0>,                                        │ │
│ │                     │   │   │   use_cache=True,                          │ │
│ │                     │   │   │   scope=None                               │ │
│ │                     │   │   )                                            │ │
│ │                     │   ],                                               │ │
│ │                     │   description='Ingest a single event into the      │ │
│ │                     event ledger.\n\nValidates the event envelope,       │ │
│ │                     then'+105,                                           │ │
│ │                     │   response_fields={},                              │ │
│ │                     │   dependant=Dependant(                             │ │
│ │                     │   │   path_params=[],                              │ │
│ │                     │   │   query_params=[],                             │ │
│ │                     │   │   header_params=[],                            │ │
│ │                     │   │   cookie_params=[],                            │ │
│ │                     │   │   body_params=[],                              │ │
│ │                     │   │   dependencies=[                               │ │
│ │                     │   │   │   Dependant(                               │ │
│ │                     │   │   │   │   path_params=[],                      │ │
│ │                     │   │   │   │   query_params=[],                     │ │
│ │                     │   │   │   │   header_params=[],                    │ │
│ │                     │   │   │   │   cookie_params=[],                    │ │
│ │                     │   │   │   │   body_params=[],                      │ │
│ │                     │   │   │   │   dependencies=[],                     │ │
│ │                     │   │   │   │   name=None,                           │ │
│ │                     │   │   │   │   call=<function require_api_key at    │ │
│ │                     0x122ca98a0>,                                        │ │
│ │                     │   │   │   │   request_param_name='request',        │ │
│ │                     │   │   │   │   websocket_param_name=None,           │ │
│ │                     │   │   │   │   http_connection_param_name=None,     │ │
│ │                     │   │   │   │   response_param_name=None,            │ │
│ │                     │   │   │   │   background_tasks_param_name=None,    │ │
│ │                     │   │   │   │   security_scopes_param_name=None,     │ │
│ │                     │   │   │   │   own_oauth_scopes=[],                 │ │
│ │                     │   │   │   │   parent_oauth_scopes=None,            │ │
│ │                     │   │   │   │   use_cache=True,                      │ │
│ │                     │   │   │   │   path='/v1/events',                   │ │
│ │                     │   │   │   │   scope=None                           │ │
│ │                     │   │   │   ),                                       │ │
│ │                     │   │   │   Dependant(                               │ │
│ │                     │   │   │   │   path_params=[],                      │ │
│ │                     │   │   │   │   query_params=[],                     │ │
│ │                     │   │   │   │   header_params=[],                    │ │
│ │                     │   │   │   │   cookie_params=[],                    │ │
│ │                     │   │   │   │   body_params=[],                      │ │
│ │                     │   │   │   │   dependencies=[],                     │ │
│ │                     │   │   │   │   name='event_store',                  │ │
│ │                     │   │   │   │   call=<function get_event_store at    │ │
│ │                     0x122ca9120>,                                        │ │
│ │                     │   │   │   │   request_param_name='request',        │ │
│ │                     │   │   │   │   websocket_param_name=None,           │ │
│ │                     │   │   │   │   http_connection_param_name=None,     │ │
│ │                     │   │   │   │   response_param_name=None,            │ │
│ │                     │   │   │   │   background_tasks_param_name=None,    │ │
│ │                     │   │   │   │   security_scopes_param_name=None,     │ │
│ │                     │   │   │   │   own_oauth_scopes=[],                 │ │
│ │                     │   │   │   │   parent_oauth_scopes=[],              │ │
│ │                     │   │   │   │   use_cache=True,                      │ │
│ │                     │   │   │   │   path='/v1/events',                   │ │
│ │                     │   │   │   │   scope=None                           │ │
│ │                     │   │   │   )                                        │ │
│ │                     │   │   ],                                           │ │
│ │                     │   │   name=None,                                   │ │
│ │                     │   │   call=<function ingest_event at 0x1242a8e00>, │ │
│ │                     │   │   request_param_name='request',                │ │
│ │                     │   │   websocket_param_name=None,                   │ │
│ │                     │   │   http_connection_param_name=None,             │ │
│ │                     │   │   response_param_name=None,                    │ │
│ │                     │   │   background_tasks_param_name=None,            │ │
│ │                     │   │   security_scopes_param_name=None,             │ │
│ │                     │   │   own_oauth_scopes=None,                       │ │
│ │                     │   │   parent_oauth_scopes=None,                    │ │
│ │                     │   │   use_cache=True,                              │ │
│ │                     │   │   path='/v1/events',                           │ │
│ │                     │   │   scope='function'                             │ │
│ │                     │   ),                                               │ │
│ │                     │   _embed_body_fields=False,                        │ │
│ │                     │   body_field=None,                                 │ │
│ │                     │   is_sse_stream=False,                             │ │
│ │                     │   is_json_stream=False                             │ │
│ │                     )                                                    │ │
│ │             match = <Match.FULL: 2>                                      │ │
│ │    original_route = APIRoute(path='/events', name='ingest_event',        │ │
│ │                     methods=['POST'])                                    │ │
│ │             route = APIRoute(path='/events', name='ingest_event',        │ │
│ │                     methods=['POST'])                                    │ │
│ │             scope = {                                                    │ │
│ │                     │   'type': 'http',                                  │ │
│ │                     │   'asgi': {'version': '3.0'},                      │ │
│ │                     │   'http_version': '1.1',                           │ │
│ │                     │   'method': 'POST',                                │ │
│ │                     │   'headers': [                                     │ │
│ │                     │   │   (b'host', b'compat'),                        │ │
│ │                     │   │   (b'accept', b'*/*'),                         │ │
│ │                     │   │   (b'accept-encoding', b'gzip, deflate'),      │ │
│ │                     │   │   (b'connection', b'keep-alive'),              │ │
│ │                     │   │   (b'user-agent', b'python-httpx/0.28.1'),     │ │
│ │                     │   │   (b'content-length', b'302'),                 │ │
│ │                     │   │   (b'content-type', b'application/json')       │ │
│ │                     │   ],                                               │ │
│ │                     │   'scheme': 'http',                                │ │
│ │                     │   'path': '/v1/events',                            │ │
│ │                     │   'raw_path': b'/v1/events',                       │ │
│ │                     │   'query_string': b'',                             │ │
│ │                     │   'server': ('compat', None),                      │ │
│ │                     │   ... +13                                          │ │
│ │                     }                                                    │ │
│ │              self = _IncludedRouter(                                     │ │
│ │                     │   original_router=<fastapi.routing.APIRouter       │ │
│ │                     object at 0x1240e5940>,                              │ │
│ │                     │   include_context=_RouterIncludeContext(           │ │
│ │                     │   │   included_router=<fastapi.routing.APIRouter   │ │
│ │                     object at 0x1240e5940>,                              │ │
│ │                     │   │   prefix='/v1',                                │ │
│ │                     │   │   tags=[],                                     │ │
│ │                     │   │   dependencies=[                               │ │
│ │                     │   │   │   Depends(                                 │ │
│ │                     │   │   │   │   dependency=<function require_api_key │ │
│ │                     at 0x122ca98a0>,                                     │ │
│ │                     │   │   │   │   use_cache=True,                      │ │
│ │                     │   │   │   │   scope=None                           │ │
│ │                     │   │   │   )                                        │ │
│ │                     │   │   ],                                           │ │
│ │                     │   │   default_response_class=<class                │ │
│ │                     'fastapi.responses.ORJSONResponse'>,                 │ │
│ │                     │   │   responses={},                                │ │
│ │                     │   │   callbacks=[],                                │ │
│ │                     │   │   deprecated=None,                             │ │
│ │                     │   │   include_in_schema=True,                      │ │
│ │                     │   │                                                │ │
│ │                     generate_unique_id_function=<fastapi.datastructures… │ │
│ │                     object at 0x1228f9a00>,                              │ │
│ │                     │   │   strict_content_type=True,                    │ │
│ │                     │   │                                                │ │
│ │                     dependency_overrides_provider=<fastapi.applications… │ │
│ │                     object at 0x121374da0>                               │ │
│ │                     │   ),                                               │ │
│ │                     │   _effective_candidates=[                          │ │
│ │                     │   │   _EffectiveRouteContext(                      │ │
│ │                     │   │   │   original_route=APIRoute(path='/events',  │ │
│ │                     name='ingest_event', methods=['POST']),              │ │
│ │                     │   │   │   starlette_route=None,                    │ │
│ │                     │   │   │   frontend_prefix='',                      │ │
│ │                     │   │   │   path='/v1/events',                       │ │
│ │                     │   │   │   endpoint=<function ingest_event at       │ │
│ │                     0x1242a8e00>,                                        │ │
│ │                     │   │   │   stream_item_type=None,                   │ │
│ │                     │   │   │   response_model=None,                     │ │
│ │                     │   │   │   summary=None,                            │ │
│ │                     │   │   │   response_description='Successful         │ │
│ │                     Response',                                           │ │
│ │                     │   │   │   deprecated=None,                         │ │
│ │                     │   │   │   operation_id=None,                       │ │
│ │                     │   │   │   response_model_include=None,             │ │
│ │                     │   │   │   response_model_exclude=None,             │ │
│ │                     │   │   │   response_model_by_alias=True,            │ │
│ │                     │   │   │   response_model_exclude_unset=False,      │ │
│ │                     │   │   │   response_model_exclude_defaults=False,   │ │
│ │                     │   │   │   response_model_exclude_none=False,       │ │
│ │                     │   │   │   include_in_schema=True,                  │ │
│ │                     │   │   │   response_class=<class                    │ │
│ │                     'fastapi.responses.ORJSONResponse'>,                 │ │
│ │                     │   │   │                                            │ │
│ │                     dependency_overrides_provider=<fastapi.applications… │ │
│ │                     object at 0x121374da0>,                              │ │
│ │                     │   │   │   callbacks=[],                            │ │
│ │                     │   │   │   openapi_extra=None,                      │ │
│ │                     │   │   │                                            │ │
│ │                     generate_unique_id_function=<fastapi.datastructures… │ │
│ │                     object at 0x121ffe8a0>,                              │ │
│ │                     │   │   │   strict_content_type=True,                │ │
│ │                     │   │   │   tags=['events'],                         │ │
│ │                     │   │   │   responses={},                            │ │
│ │                     │   │   │   name='ingest_event',                     │ │
│ │                     │   │   │   path_regex=re.compile('^/v1/events$'),   │ │
│ │                     │   │   │   path_format='/v1/events',                │ │
│ │                     │   │   │   param_convertors={},                     │ │
│ │                     │   │   │   methods={'POST'},                        │ │
│ │                     │   │   │   unique_id='ingest_event_v1_events_post', │ │
│ │                     │   │   │   status_code=201,                         │ │
│ │                     │   │   │   response_field=None,                     │ │
│ │                     │   │   │   stream_item_field=None,                  │ │
│ │                     │   │   │   dependencies=[                           │ │
│ │                     │   │   │   │   Depends(                             │ │
│ │                     │   │   │   │   │   dependency=<function             │ │
│ │                     require_api_key at 0x122ca98a0>,                     │ │
│ │                     │   │   │   │   │   use_cache=True,                  │ │
│ │                     │   │   │   │   │   scope=None                       │ │
│ │                     │   │   │   │   )                                    │ │
│ │                     │   │   │   ],                                       │ │
│ │                     │   │   │   description='Ingest a single event into  │ │
│ │                     the event ledger.\n\nValidates the event envelope,   │ │
│ │                     then'+105,                                           │ │
│ │                     │   │   │   response_fields={},                      │ │
│ │                     │   │   │   dependant=Dependant(                     │ │
│ │                     │   │   │   │   path_params=[],                      │ │
│ │                     │   │   │   │   query_params=[],                     │ │
│ │                     │   │   │   │   header_params=[],                    │ │
│ │                     │   │   │   │   cookie_params=[],                    │ │
│ │                     │   │   │   │   body_params=[],                      │ │
│ │                     │   │   │   │   dependencies=[                       │ │
│ │                     │   │   │   │   │   Dependant(                       │ │
│ │                     │   │   │   │   │   │   path_params=[],              │ │
│ │                     │   │   │   │   │   │   query_params=[],             │ │
│ │                     │   │   │   │   │   │   header_params=[],            │ │
│ │                     │   │   │   │   │   │   cookie_params=[],            │ │
│ │                     │   │   │   │   │   │   body_params=[],              │ │
│ │                     │   │   │   │   │   │   dependencies=[],             │ │
│ │                     │   │   │   │   │   │   name=None,                   │ │
│ │                     │   │   │   │   │   │   call=<function               │ │
│ │                     require_api_key at 0x122ca98a0>,                     │ │
│ │                     │   │   │   │   │   │                                │ │
│ │                     request_param_name='request',                        │ │
│ │                     │   │   │   │   │   │   websocket_param_name=None,   │ │
│ │                     │   │   │   │   │   │                                │ │
│ │                     http_connection_param_name=None,                     │ │
│ │                     │   │   │   │   │   │   response_param_name=None,    │ │
│ │                     │   │   │   │   │   │                                │ │
│ │                     background_tasks_param_name=None,                    │ │
│ │                     │   │   │   │   │   │                                │ │
│ │                     security_scopes_param_name=None,                     │ │
│ │                     │   │   │   │   │   │   own_oauth_scopes=[],         │ │
│ │                     │   │   │   │   │   │   parent_oauth_scopes=None,    │ │
│ │                     │   │   │   │   │   │   use_cache=True,              │ │
│ │                     │   │   │   │   │   │   path='/v1/events',           │ │
│ │                     │   │   │   │   │   │   scope=None                   │ │
│ │                     │   │   │   │   │   ),                               │ │
│ │                     │   │   │   │   │   Dependant(                       │ │
│ │                     │   │   │   │   │   │   path_params=[],              │ │
│ │                     │   │   │   │   │   │   query_params=[],             │ │
│ │                     │   │   │   │   │   │   header_params=[],            │ │
│ │                     │   │   │   │   │   │   cookie_params=[],            │ │
│ │                     │   │   │   │   │   │   body_params=[],              │ │
│ │                     │   │   │   │   │   │   dependencies=[],             │ │
│ │                     │   │   │   │   │   │   name='event_store',          │ │
│ │                     │   │   │   │   │   │   call=<function               │ │
│ │                     get_event_store at 0x122ca9120>,                     │ │
│ │                     │   │   │   │   │   │                                │ │
│ │                     request_param_name='request',                        │ │
│ │                     │   │   │   │   │   │   websocket_param_name=None,   │ │
│ │                     │   │   │   │   │   │                                │ │
│ │                     http_connection_param_name=None,                     │ │
│ │                     │   │   │   │   │   │   response_param_name=None,    │ │
│ │                     │   │   │   │   │   │                                │ │
│ │                     background_tasks_param_name=None,                    │ │
│ │                     │   │   │   │   │   │                                │ │
│ │                     security_scopes_param_name=None,                     │ │
│ │                     │   │   │   │   │   │   own_oauth_scopes=[],         │ │
│ │                     │   │   │   │   │   │   parent_oauth_scopes=[],      │ │
│ │                     │   │   │   │   │   │   use_cache=True,              │ │
│ │                     │   │   │   │   │   │   path='/v1/events',           │ │
│ │                     │   │   │   │   │   │   scope=None                   │ │
│ │                     │   │   │   │   │   )                                │ │
│ │                     │   │   │   │   ],                                   │ │
│ │                     │   │   │   │   name=None,                           │ │
│ │                     │   │   │   │   call=<function ingest_event at       │ │
│ │                     0x1242a8e00>,                                        │ │
│ │                     │   │   │   │   request_param_name='request',        │ │
│ │                     │   │   │   │   websocket_param_name=None,           │ │
│ │                     │   │   │   │   http_connection_param_name=None,     │ │
│ │                     │   │   │   │   response_param_name=None,            │ │
│ │                     │   │   │   │   background_tasks_param_name=None,    │ │
│ │                     │   │   │   │   security_scopes_param_name=None,     │ │
│ │                     │   │   │   │   own_oauth_scopes=None,               │ │
│ │                     │   │   │   │   parent_oauth_scopes=None,            │ │
│ │                     │   │   │   │   use_cache=True,                      │ │
│ │                     │   │   │   │   path='/v1/events',                   │ │
│ │                     │   │   │   │   scope='function'                     │ │
│ │                     │   │   │   ),                                       │ │
│ │                     │   │   │   _embed_body_fields=False,                │ │
│ │                     │   │   │   body_field=None,                         │ │
│ │                     │   │   │   is_sse_stream=False,                     │ │
│ │                     │   │   │   is_json_stream=False                     │ │
│ │                     │   │   ),                                           │ │
│ │                     │   │   _EffectiveRouteContext(                      │ │
│ │                     │   │   │                                            │ │
│ │                     original_route=APIRoute(path='/events/batch',        │ │
│ │                     name='ingest_event_batch', methods=['POST']),        │ │
│ │                     │   │   │   starlette_route=None,                    │ │
│ │                     │   │   │   frontend_prefix='',                      │ │
│ │                     │   │   │   path='/v1/events/batch',                 │ │
│ │                     │   │   │   endpoint=<function ingest_event_batch at │ │
│ │                     0x1242a8ea0>,                                        │ │
│ │                     │   │   │   stream_item_type=None,                   │ │
│ │                     │   │   │   response_model=None,                     │ │
│ │                     │   │   │   summary=None,                            │ │
│ │                     │   │   │   response_description='Successful         │ │
│ │                     Response',                                           │ │
│ │                     │   │   │   deprecated=None,                         │ │
│ │                     │   │   │   operation_id=None,                       │ │
│ │                     │   │   │   response_model_include=None,             │ │
│ │                     │   │   │   response_model_exclude=None,             │ │
│ │                     │   │   │   response_model_by_alias=True,            │ │
│ │                     │   │   │   response_model_exclude_unset=False,      │ │
│ │                     │   │   │   response_model_exclude_defaults=False,   │ │
│ │                     │   │   │   response_model_exclude_none=False,       │ │
│ │                     │   │   │   include_in_schema=True,                  │ │
│ │                     │   │   │   response_class=<class                    │ │
│ │                     'fastapi.responses.ORJSONResponse'>,                 │ │
│ │                     │   │   │                                            │ │
│ │                     dependency_overrides_provider=<fastapi.applications… │ │
│ │                     object at 0x121374da0>,                              │ │
│ │                     │   │   │   callbacks=[],                            │ │
│ │                     │   │   │   openapi_extra=None,                      │ │
│ │                     │   │   │                                            │ │
│ │                     generate_unique_id_function=<fastapi.datastructures… │ │
│ │                     object at 0x121ffe8a0>,                              │ │
│ │                     │   │   │   strict_content_type=True,                │ │
│ │                     │   │   │   tags=['events'],                         │ │
│ │                     │   │   │   responses={},                            │ │
│ │                     │   │   │   name='ingest_event_batch',               │ │
│ │                     │   │   │                                            │ │
│ │                     path_regex=re.compile('^/v1/events/batch$'),         │ │
│ │                     │   │   │   path_format='/v1/events/batch',          │ │
│ │                     │   │   │   param_convertors={},                     │ │
│ │                     │   │   │   methods={'POST'},                        │ │
│ │                     │   │   │                                            │ │
│ │                     unique_id='ingest_event_batch_v1_events_batch_post', │ │
│ │                     │   │   │   status_code=201,                         │ │
│ │                     │   │   │   response_field=None,                     │ │
│ │                     │   │   │   stream_item_field=None,                  │ │
│ │                     │   │   │   dependencies=[                           │ │
│ │                     │   │   │   │   Depends(                             │ │
│ │                     │   │   │   │   │   dependency=<function             │ │
│ │                     require_api_key at 0x122ca98a0>,                     │ │
│ │                     │   │   │   │   │   use_cache=True,                  │ │
│ │                     │   │   │   │   │   scope=None                       │ │
│ │                     │   │   │   │   )                                    │ │
│ │                     │   │   │   ],                                       │ │
│ │                     │   │   │   description='Ingest a batch of           │ │
│ │                     events.\n\nEach event is validated on its own; valid │ │
│ │                     ones are ap'+289,                                    │ │
│ │                     │   │   │   response_fields={},                      │ │
│ │                     │   │   │   dependant=Dependant(                     │ │
│ │                     │   │   │   │   path_params=[],                      │ │
│ │                     │   │   │   │   query_params=[],                     │ │
│ │                     │   │   │   │   header_params=[],                    │ │
│ │                     │   │   │   │   cookie_params=[],                    │ │
│ │                     │   │   │   │   body_params=[],                      │ │
│ │                     │   │   │   │   dependencies=[                       │ │
│ │                     │   │   │   │   │   Dependant(                       │ │
│ │                     │   │   │   │   │   │   path_params=[],              │ │
│ │                     │   │   │   │   │   │   query_params=[],             │ │
│ │                     │   │   │   │   │   │   header_params=[],            │ │
│ │                     │   │   │   │   │   │   cookie_params=[],            │ │
│ │                     │   │   │   │   │   │   body_params=[],              │ │
│ │                     │   │   │   │   │   │   dependencies=[],             │ │
│ │                     │   │   │   │   │   │   name=None,                   │ │
│ │                     │   │   │   │   │   │   call=<function               │ │
│ │                     require_api_key at 0x122ca98a0>,                     │ │
│ │                     │   │   │   │   │   │                                │ │
│ │                     request_param_name='request',                        │ │
│ │                     │   │   │   │   │   │   websocket_param_name=None,   │ │
│ │                     │   │   │   │   │   │                                │ │
│ │                     http_connection_param_name=None,                     │ │
│ │                     │   │   │   │   │   │   response_param_name=None,    │ │
│ │                     │   │   │   │   │   │                                │ │
│ │                     background_tasks_param_name=None,                    │ │
│ │                     │   │   │   │   │   │                                │ │
│ │                     security_scopes_param_name=None,                     │ │
│ │                     │   │   │   │   │   │   own_oauth_scopes=[],         │ │
│ │                     │   │   │   │   │   │   parent_oauth_scopes=None,    │ │
│ │                     │   │   │   │   │   │   use_cache=True,              │ │
│ │                     │   │   │   │   │   │   path='/v1/events/batch',     │ │
│ │                     │   │   │   │   │   │   scope=None                   │ │
│ │                     │   │   │   │   │   ),                               │ │
│ │                     │   │   │   │   │   Dependant(                       │ │
│ │                     │   │   │   │   │   │   path_params=[],              │ │
│ │                     │   │   │   │   │   │   query_params=[],             │ │
│ │                     │   │   │   │   │   │   header_params=[],            │ │
│ │                     │   │   │   │   │   │   cookie_params=[],            │ │
│ │                     │   │   │   │   │   │   body_params=[],              │ │
│ │                     │   │   │   │   │   │   dependencies=[],             │ │
│ │                     │   │   │   │   │   │   name='event_store',          │ │
│ │                     │   │   │   │   │   │   call=<function               │ │
│ │                     get_event_store at 0x122ca9120>,                     │ │
│ │                     │   │   │   │   │   │                                │ │
│ │                     request_param_name='request',                        │ │
│ │                     │   │   │   │   │   │   websocket_param_name=None,   │ │
│ │                     │   │   │   │   │   │                                │ │
│ │                     http_connection_param_name=None,                     │ │
│ │                     │   │   │   │   │   │   response_param_name=None,    │ │
│ │                     │   │   │   │   │   │                                │ │
│ │                     background_tasks_param_name=None,                    │ │
│ │                     │   │   │   │   │   │                                │ │
│ │                     security_scopes_param_name=None,                     │ │
│ │                     │   │   │   │   │   │   own_oauth_scopes=[],         │ │
│ │                     │   │   │   │   │   │   parent_oauth_scopes=[],      │ │
│ │                     │   │   │   │   │   │   use_cache=True,              │ │
│ │                     │   │   │   │   │   │   path='/v1/events/batch',     │ │
│ │                     │   │   │   │   │   │   scope=None                   │ │
│ │                     │   │   │   │   │   )                                │ │
│ │                     │   │   │   │   ],                                   │ │
│ │                     │   │   │   │   name=None,                           │ │
│ │                     │   │   │   │   call=<function ingest_event_batch at │ │
│ │                     0x1242a8ea0>,                                        │ │
│ │                     │   │   │   │   request_param_name='request',        │ │
│ │                     │   │   │   │   websocket_param_name=None,           │ │
│ │                     │   │   │   │   http_connection_param_name=None,     │ │
│ │                     │   │   │   │   response_param_name=None,            │ │
│ │                     │   │   │   │   background_tasks_param_name=None,    │ │
│ │                     │   │   │   │   security_scopes_param_name=None,     │ │
│ │                     │   │   │   │   own_oauth_scopes=None,               │ │
│ │                     │   │   │   │   parent_oauth_scopes=None,            │ │
│ │                     │   │   │   │   use_cache=True,                      │ │
│ │                     │   │   │   │   path='/v1/events/batch',             │ │
│ │                     │   │   │   │   scope='function'                     │ │
│ │                     │   │   │   ),                                       │ │
│ │                     │   │   │   _embed_body_fields=False,                │ │
│ │                     │   │   │   body_field=None,                         │ │
│ │                     │   │   │   is_sse_stream=False,                     │ │
│ │                     │   │   │   is_json_stream=False                     │ │
│ │                     │   │   )                                            │ │
│ │                     │   ],                                               │ │
│ │                     │   _effective_candidates_version=2,                 │ │
│ │                     │   _effective_low_priority_routes=[],               │ │
│ │                     │   _effective_low_priority_routes_version=None      │ │
│ │                     )                                                    │ │
│ ╰──────────────────────────────────────────────────────────────────────────╯ │
│                                                                              │
│ /private/tmp/engram-ontology-review-venv/lib/python3.12/site-packages/fastap │
│ i/routing.py:1308 in handle                                                  │
│                                                                              │
│   1305 │   │   │   │   await response(scope, receive, send)                  │
│   1306 │   │   │   │   return                                                │
│   1307 │   │   │   assert effective_context.app is not None                  │
│ ❱ 1308 │   │   │   await effective_context.app(scope, receive, send)         │
│   1309 │   │   │   return                                                    │
│   1310 │   │   await super().handle(scope, receive, send)                    │
│   1311                                                                       │
│                                                                              │
│ ╭───────────────────────────────── locals ─────────────────────────────────╮ │
│ │ effective_context = _EffectiveRouteContext(                              │ │
│ │                     │   original_route=APIRoute(path='/events',          │ │
│ │                     name='ingest_event', methods=['POST']),              │ │
│ │                     │   starlette_route=None,                            │ │
│ │                     │   frontend_prefix='',                              │ │
│ │                     │   path='/v1/events',                               │ │
│ │                     │   endpoint=<function ingest_event at 0x1242a8e00>, │ │
│ │                     │   stream_item_type=None,                           │ │
│ │                     │   response_model=None,                             │ │
│ │                     │   summary=None,                                    │ │
│ │                     │   response_description='Successful Response',      │ │
│ │                     │   deprecated=None,                                 │ │
│ │                     │   operation_id=None,                               │ │
│ │                     │   response_model_include=None,                     │ │
│ │                     │   response_model_exclude=None,                     │ │
│ │                     │   response_model_by_alias=True,                    │ │
│ │                     │   response_model_exclude_unset=False,              │ │
│ │                     │   response_model_exclude_defaults=False,           │ │
│ │                     │   response_model_exclude_none=False,               │ │
│ │                     │   include_in_schema=True,                          │ │
│ │                     │   response_class=<class                            │ │
│ │                     'fastapi.responses.ORJSONResponse'>,                 │ │
│ │                     │                                                    │ │
│ │                     dependency_overrides_provider=<fastapi.applications… │ │
│ │                     object at 0x121374da0>,                              │ │
│ │                     │   callbacks=[],                                    │ │
│ │                     │   openapi_extra=None,                              │ │
│ │                     │                                                    │ │
│ │                     generate_unique_id_function=<fastapi.datastructures… │ │
│ │                     object at 0x121ffe8a0>,                              │ │
│ │                     │   strict_content_type=True,                        │ │
│ │                     │   tags=['events'],                                 │ │
│ │                     │   responses={},                                    │ │
│ │                     │   name='ingest_event',                             │ │
│ │                     │   path_regex=re.compile('^/v1/events$'),           │ │
│ │                     │   path_format='/v1/events',                        │ │
│ │                     │   param_convertors={},                             │ │
│ │                     │   methods={'POST'},                                │ │
│ │                     │   unique_id='ingest_event_v1_events_post',         │ │
│ │                     │   status_code=201,                                 │ │
│ │                     │   response_field=None,                             │ │
│ │                     │   stream_item_field=None,                          │ │
│ │                     │   dependencies=[                                   │ │
│ │                     │   │   Depends(                                     │ │
│ │                     │   │   │   dependency=<function require_api_key at  │ │
│ │                     0x122ca98a0>,                                        │ │
│ │                     │   │   │   use_cache=True,                          │ │
│ │                     │   │   │   scope=None                               │ │
│ │                     │   │   )                                            │ │
│ │                     │   ],                                               │ │
│ │                     │   description='Ingest a single event into the      │ │
│ │                     event ledger.\n\nValidates the event envelope,       │ │
│ │                     then'+105,                                           │ │
│ │                     │   response_fields={},                              │ │
│ │                     │   dependant=Dependant(                             │ │
│ │                     │   │   path_params=[],                              │ │
│ │                     │   │   query_params=[],                             │ │
│ │                     │   │   header_params=[],                            │ │
│ │                     │   │   cookie_params=[],                            │ │
│ │                     │   │   body_params=[],                              │ │
│ │                     │   │   dependencies=[                               │ │
│ │                     │   │   │   Dependant(                               │ │
│ │                     │   │   │   │   path_params=[],                      │ │
│ │                     │   │   │   │   query_params=[],                     │ │
│ │                     │   │   │   │   header_params=[],                    │ │
│ │                     │   │   │   │   cookie_params=[],                    │ │
│ │                     │   │   │   │   body_params=[],                      │ │
│ │                     │   │   │   │   dependencies=[],                     │ │
│ │                     │   │   │   │   name=None,                           │ │
│ │                     │   │   │   │   call=<function require_api_key at    │ │
│ │                     0x122ca98a0>,                                        │ │
│ │                     │   │   │   │   request_param_name='request',        │ │
│ │                     │   │   │   │   websocket_param_name=None,           │ │
│ │                     │   │   │   │   http_connection_param_name=None,     │ │
│ │                     │   │   │   │   response_param_name=None,            │ │
│ │                     │   │   │   │   background_tasks_param_name=None,    │ │
│ │                     │   │   │   │   security_scopes_param_name=None,     │ │
│ │                     │   │   │   │   own_oauth_scopes=[],                 │ │
│ │                     │   │   │   │   parent_oauth_scopes=None,            │ │
│ │                     │   │   │   │   use_cache=True,                      │ │
│ │                     │   │   │   │   path='/v1/events',                   │ │
│ │                     │   │   │   │   scope=None                           │ │
│ │                     │   │   │   ),                                       │ │
│ │                     │   │   │   Dependant(                               │ │
│ │                     │   │   │   │   path_params=[],                      │ │
│ │                     │   │   │   │   query_params=[],                     │ │
│ │                     │   │   │   │   header_params=[],                    │ │
│ │                     │   │   │   │   cookie_params=[],                    │ │
│ │                     │   │   │   │   body_params=[],                      │ │
│ │                     │   │   │   │   dependencies=[],                     │ │
│ │                     │   │   │   │   name='event_store',                  │ │
│ │                     │   │   │   │   call=<function get_event_store at    │ │
│ │                     0x122ca9120>,                                        │ │
│ │                     │   │   │   │   request_param_name='request',        │ │
│ │                     │   │   │   │   websocket_param_name=None,           │ │
│ │                     │   │   │   │   http_connection_param_name=None,     │ │
│ │                     │   │   │   │   response_param_name=None,            │ │
│ │                     │   │   │   │   background_tasks_param_name=None,    │ │
│ │                     │   │   │   │   security_scopes_param_name=None,     │ │
│ │                     │   │   │   │   own_oauth_scopes=[],                 │ │
│ │                     │   │   │   │   parent_oauth_scopes=[],              │ │
│ │                     │   │   │   │   use_cache=True,                      │ │
│ │                     │   │   │   │   path='/v1/events',                   │ │
│ │                     │   │   │   │   scope=None                           │ │
│ │                     │   │   │   )                                        │ │
│ │                     │   │   ],                                           │ │
│ │                     │   │   name=None,                                   │ │
│ │                     │   │   call=<function ingest_event at 0x1242a8e00>, │ │
│ │                     │   │   request_param_name='request',                │ │
│ │                     │   │   websocket_param_name=None,                   │ │
│ │                     │   │   http_connection_param_name=None,             │ │
│ │                     │   │   response_param_name=None,                    │ │
│ │                     │   │   background_tasks_param_name=None,            │ │
│ │                     │   │   security_scopes_param_name=None,             │ │
│ │                     │   │   own_oauth_scopes=None,                       │ │
│ │                     │   │   parent_oauth_scopes=None,                    │ │
│ │                     │   │   use_cache=True,                              │ │
│ │                     │   │   path='/v1/events',                           │ │
│ │                     │   │   scope='function'                             │ │
│ │                     │   ),                                               │ │
│ │                     │   _embed_body_fields=False,                        │ │
│ │                     │   body_field=None,                                 │ │
│ │                     │   is_sse_stream=False,                             │ │
│ │                     │   is_json_stream=False                             │ │
│ │                     )                                                    │ │
│ │           methods = {'POST'}                                             │ │
│ │             scope = {                                                    │ │
│ │                     │   'type': 'http',                                  │ │
│ │                     │   'asgi': {'version': '3.0'},                      │ │
│ │                     │   'http_version': '1.1',                           │ │
│ │                     │   'method': 'POST',                                │ │
│ │                     │   'headers': [                                     │ │
│ │                     │   │   (b'host', b'compat'),                        │ │
│ │                     │   │   (b'accept', b'*/*'),                         │ │
│ │                     │   │   (b'accept-encoding', b'gzip, deflate'),      │ │
│ │                     │   │   (b'connection', b'keep-alive'),              │ │
│ │                     │   │   (b'user-agent', b'python-httpx/0.28.1'),     │ │
│ │                     │   │   (b'content-length', b'302'),                 │ │
│ │                     │   │   (b'content-type', b'application/json')       │ │
│ │                     │   ],                                               │ │
│ │                     │   'scheme': 'http',                                │ │
│ │                     │   'path': '/v1/events',                            │ │
│ │                     │   'raw_path': b'/v1/events',                       │ │
│ │                     │   'query_string': b'',                             │ │
│ │                     │   'server': ('compat', None),                      │ │
│ │                     │   ... +13                                          │ │
│ │                     }                                                    │ │
│ │              self = APIRoute(path='/events', name='ingest_event',        │ │
│ │                     methods=['POST'])                                    │ │
│ ╰──────────────────────────────────────────────────────────────────────────╯ │
│                                                                              │
│ /private/tmp/engram-ontology-review-venv/lib/python3.12/site-packages/fastap │
│ i/routing.py:165 in app                                                      │
│                                                                              │
│    162 │   │   │   │   )                                                     │
│    163 │   │                                                                 │
│    164 │   │   # Same as in Starlette                                        │
│ ❱  165 │   │   await wrap_app_handling_exceptions(app, request)(scope, recei │
│    166 │                                                                     │
│    167 │   return app                                                        │
│    168                                                                       │
│                                                                              │
│ ╭─────────────────────────── locals ───────────────────────────╮             │
│ │ request = <starlette.requests.Request object at 0x15459f3e0> │             │
│ │   scope = {                                                  │             │
│ │           │   'type': 'http',                                │             │
│ │           │   'asgi': {'version': '3.0'},                    │             │
│ │           │   'http_version': '1.1',                         │             │
│ │           │   'method': 'POST',                              │             │
│ │           │   'headers': [                                   │             │
│ │           │   │   (b'host', b'compat'),                      │             │
│ │           │   │   (b'accept', b'*/*'),                       │             │
│ │           │   │   (b'accept-encoding', b'gzip, deflate'),    │             │
│ │           │   │   (b'connection', b'keep-alive'),            │             │
│ │           │   │   (b'user-agent', b'python-httpx/0.28.1'),   │             │
│ │           │   │   (b'content-length', b'302'),               │             │
│ │           │   │   (b'content-type', b'application/json')     │             │
│ │           │   ],                                             │             │
│ │           │   'scheme': 'http',                              │             │
│ │           │   'path': '/v1/events',                          │             │
│ │           │   'raw_path': b'/v1/events',                     │             │
│ │           │   'query_string': b'',                           │             │
│ │           │   'server': ('compat', None),                    │             │
│ │           │   ... +13                                        │             │
│ │           }                                                  │             │
│ ╰──────────────────────────────────────────────────────────────╯             │
│                                                                              │
│ /private/tmp/engram-ontology-review-venv/lib/python3.12/site-packages/starle │
│ tte/_exception_handler.py:53 in wrapped_app                                  │
│                                                                              │
│   50 │   │   │   │   handler = _lookup_exception_handler(exception_handlers, │
│   51 │   │   │                                                               │
│   52 │   │   │   if handler is None:                                         │
│ ❱ 53 │   │   │   │   raise exc                                               │
│   54 │   │   │                                                               │
│   55 │   │   │   if response_started:                                        │
│   56 │   │   │   │   raise RuntimeError("Caught handled exception, but respo │
│      started.") from exc                                                     │
│                                                                              │
│ ╭───────────────────────────────── locals ─────────────────────────────────╮ │
│ │               conn = <starlette.requests.Request object at 0x15459f3e0>  │ │
│ │ exception_handlers = {                                                   │ │
│ │                      │   <class 'starlette.exceptions.HTTPException'>:   │ │
│ │                      <function http_exception_handler at 0x1228b7880>,   │ │
│ │                      │   <class                                          │ │
│ │                      'starlette.exceptions.WebSocketException'>: <bound  │ │
│ │                      method ExceptionMiddleware.websocket_exception of   │ │
│ │                      <starlette.middleware.exceptions.ExceptionMiddlewa… │ │
│ │                      object at 0x153d6df70>>,                            │ │
│ │                      │   <class                                          │ │
│ │                      'fastapi.exceptions.RequestValidationError'>:       │ │
│ │                      <function request_validation_exception_handler at   │ │
│ │                      0x122bd2e80>,                                       │ │
│ │                      │   <class                                          │ │
│ │                      'fastapi.exceptions.WebSocketRequestValidationErro… │ │
│ │                      <function                                           │ │
│ │                      websocket_request_validation_exception_handler at   │ │
│ │                      0x122bd2f20>,                                       │ │
│ │                      │   <class                                          │ │
│ │                      'context_graph.domain.validation.ValidationError'>: │ │
│ │                      <function _validation_error_handler at 0x122b5ade0> │ │
│ │                      }                                                   │ │
│ │            handler = None                                                │ │
│ │   response_started = False                                               │ │
│ │              scope = {                                                   │ │
│ │                      │   'type': 'http',                                 │ │
│ │                      │   'asgi': {'version': '3.0'},                     │ │
│ │                      │   'http_version': '1.1',                          │ │
│ │                      │   'method': 'POST',                               │ │
│ │                      │   'headers': [                                    │ │
│ │                      │   │   (b'host', b'compat'),                       │ │
│ │                      │   │   (b'accept', b'*/*'),                        │ │
│ │                      │   │   (b'accept-encoding', b'gzip, deflate'),     │ │
│ │                      │   │   (b'connection', b'keep-alive'),             │ │
│ │                      │   │   (b'user-agent', b'python-httpx/0.28.1'),    │ │
│ │                      │   │   (b'content-length', b'302'),                │ │
│ │                      │   │   (b'content-type', b'application/json')      │ │
│ │                      │   ],                                              │ │
│ │                      │   'scheme': 'http',                               │ │
│ │                      │   'path': '/v1/events',                           │ │
│ │                      │   'raw_path': b'/v1/events',                      │ │
│ │                      │   'query_string': b'',                            │ │
│ │                      │   'server': ('compat', None),                     │ │
│ │                      │   ... +13                                         │ │
│ │                      }                                                   │ │
│ │    status_handlers = {}                                                  │ │
│ ╰──────────────────────────────────────────────────────────────────────────╯ │
│                                                                              │
│ /private/tmp/engram-ontology-review-venv/lib/python3.12/site-packages/starle │
│ tte/_exception_handler.py:42 in wrapped_app                                  │
│                                                                              │
│   39 │   │   │   await send(message)                                         │
│   40 │   │                                                                   │
│   41 │   │   try:                                                            │
│ ❱ 42 │   │   │   await app(scope, receive, sender)                           │
│   43 │   │   except Exception as exc:                                        │
│   44 │   │   │   handler = None                                              │
│   45                                                                         │
│                                                                              │
│ ╭───────────────────────────────── locals ─────────────────────────────────╮ │
│ │               conn = <starlette.requests.Request object at 0x15459f3e0>  │ │
│ │ exception_handlers = {                                                   │ │
│ │                      │   <class 'starlette.exceptions.HTTPException'>:   │ │
│ │                      <function http_exception_handler at 0x1228b7880>,   │ │
│ │                      │   <class                                          │ │
│ │                      'starlette.exceptions.WebSocketException'>: <bound  │ │
│ │                      method ExceptionMiddleware.websocket_exception of   │ │
│ │                      <starlette.middleware.exceptions.ExceptionMiddlewa… │ │
│ │                      object at 0x153d6df70>>,                            │ │
│ │                      │   <class                                          │ │
│ │                      'fastapi.exceptions.RequestValidationError'>:       │ │
│ │                      <function request_validation_exception_handler at   │ │
│ │                      0x122bd2e80>,                                       │ │
│ │                      │   <class                                          │ │
│ │                      'fastapi.exceptions.WebSocketRequestValidationErro… │ │
│ │                      <function                                           │ │
│ │                      websocket_request_validation_exception_handler at   │ │
│ │                      0x122bd2f20>,                                       │ │
│ │                      │   <class                                          │ │
│ │                      'context_graph.domain.validation.ValidationError'>: │ │
│ │                      <function _validation_error_handler at 0x122b5ade0> │ │
│ │                      }                                                   │ │
│ │            handler = None                                                │ │
│ │   response_started = False                                               │ │
│ │              scope = {                                                   │ │
│ │                      │   'type': 'http',                                 │ │
│ │                      │   'asgi': {'version': '3.0'},                     │ │
│ │                      │   'http_version': '1.1',                          │ │
│ │                      │   'method': 'POST',                               │ │
│ │                      │   'headers': [                                    │ │
│ │                      │   │   (b'host', b'compat'),                       │ │
│ │                      │   │   (b'accept', b'*/*'),                        │ │
│ │                      │   │   (b'accept-encoding', b'gzip, deflate'),     │ │
│ │                      │   │   (b'connection', b'keep-alive'),             │ │
│ │                      │   │   (b'user-agent', b'python-httpx/0.28.1'),    │ │
│ │                      │   │   (b'content-length', b'302'),                │ │
│ │                      │   │   (b'content-type', b'application/json')      │ │
│ │                      │   ],                                              │ │
│ │                      │   'scheme': 'http',                               │ │
│ │                      │   'path': '/v1/events',                           │ │
│ │                      │   'raw_path': b'/v1/events',                      │ │
│ │                      │   'query_string': b'',                            │ │
│ │                      │   'server': ('compat', None),                     │ │
│ │                      │   ... +13                                         │ │
│ │                      }                                                   │ │
│ │    status_handlers = {}                                                  │ │
│ ╰──────────────────────────────────────────────────────────────────────────╯ │
│                                                                              │
│ /private/tmp/engram-ontology-review-venv/lib/python3.12/site-packages/fastap │
│ i/routing.py:151 in app                                                      │
│                                                                              │
│    148 │   │   │   │   scope["fastapi_inner_astack"] = request_stack         │
│    149 │   │   │   │   async with AsyncExitStack() as function_stack:        │
│    150 │   │   │   │   │   scope["fastapi_function_astack"] = function_stack │
│ ❱  151 │   │   │   │   │   response = await f(request)                       │
│    152 │   │   │   │   await response(scope, receive, send)                  │
│    153 │   │   │   │   # Continues customization                             │
│    154 │   │   │   │   response_awaited = True                               │
│                                                                              │
│ ╭─────────────────────────────── locals ────────────────────────────────╮    │
│ │   function_stack = <contextlib.AsyncExitStack object at 0x15459ee10>  │    │
│ │          request = <starlette.requests.Request object at 0x15459f3e0> │    │
│ │    request_stack = <contextlib.AsyncExitStack object at 0x15459ff50>  │    │
│ │ response_awaited = False                                              │    │
│ │            scope = {                                                  │    │
│ │                    │   'type': 'http',                                │    │
│ │                    │   'asgi': {'version': '3.0'},                    │    │
│ │                    │   'http_version': '1.1',                         │    │
│ │                    │   'method': 'POST',                              │    │
│ │                    │   'headers': [                                   │    │
│ │                    │   │   (b'host', b'compat'),                      │    │
│ │                    │   │   (b'accept', b'*/*'),                       │    │
│ │                    │   │   (b'accept-encoding', b'gzip, deflate'),    │    │
│ │                    │   │   (b'connection', b'keep-alive'),            │    │
│ │                    │   │   (b'user-agent', b'python-httpx/0.28.1'),   │    │
│ │                    │   │   (b'content-length', b'302'),               │    │
│ │                    │   │   (b'content-type', b'application/json')     │    │
│ │                    │   ],                                             │    │
│ │                    │   'scheme': 'http',                              │    │
│ │                    │   'path': '/v1/events',                          │    │
│ │                    │   'raw_path': b'/v1/events',                     │    │
│ │                    │   'query_string': b'',                           │    │
│ │                    │   'server': ('compat', None),                    │    │
│ │                    │   ... +13                                        │    │
│ │                    }                                                  │    │
│ ╰───────────────────────────────────────────────────────────────────────╯    │
│                                                                              │
│ /private/tmp/engram-ontology-review-venv/lib/python3.12/site-packages/fastap │
│ i/routing.py:727 in app                                                      │
│                                                                              │
│    724 │   │   │   │   response = actual_response_class(content=gen, **respo │
│    725 │   │   │   │   response.headers.raw.extend(solved_result.response.he │
│    726 │   │   │   else:                                                     │
│ ❱  727 │   │   │   │   raw_response = await run_endpoint_function(           │
│    728 │   │   │   │   │   dependant=dependant,                              │
│    729 │   │   │   │   │   values=solved_result.values,                      │
│    730 │   │   │   │   │   is_coroutine=is_coroutine,                        │
│                                                                              │
│ ╭───────────────────────────────── locals ─────────────────────────────────╮ │
│ │      actual_strict_content_type = True                                   │ │
│ │                async_exit_stack = <contextlib.AsyncExitStack object at   │ │
│ │                                   0x15459ff50>                           │ │
│ │                            body = None                                   │ │
│ │                      body_field = None                                   │ │
│ │                       dependant = Dependant(                             │ │
│ │                                   │   path_params=[],                    │ │
│ │                                   │   query_params=[],                   │ │
│ │                                   │   header_params=[],                  │ │
│ │                                   │   cookie_params=[],                  │ │
│ │                                   │   body_params=[],                    │ │
│ │                                   │   dependencies=[                     │ │
│ │                                   │   │   Dependant(                     │ │
│ │                                   │   │   │   path_params=[],            │ │
│ │                                   │   │   │   query_params=[],           │ │
│ │                                   │   │   │   header_params=[],          │ │
│ │                                   │   │   │   cookie_params=[],          │ │
│ │                                   │   │   │   body_params=[],            │ │
│ │                                   │   │   │   dependencies=[],           │ │
│ │                                   │   │   │   name=None,                 │ │
│ │                                   │   │   │   call=<function             │ │
│ │                                   require_api_key at 0x122ca98a0>,       │ │
│ │                                   │   │   │                              │ │
│ │                                   request_param_name='request',          │ │
│ │                                   │   │   │   websocket_param_name=None, │ │
│ │                                   │   │   │                              │ │
│ │                                   http_connection_param_name=None,       │ │
│ │                                   │   │   │   response_param_name=None,  │ │
│ │                                   │   │   │                              │ │
│ │                                   background_tasks_param_name=None,      │ │
│ │                                   │   │   │                              │ │
│ │                                   security_scopes_param_name=None,       │ │
│ │                                   │   │   │   own_oauth_scopes=[],       │ │
│ │                                   │   │   │   parent_oauth_scopes=None,  │ │
│ │                                   │   │   │   use_cache=True,            │ │
│ │                                   │   │   │   path='/v1/events',         │ │
│ │                                   │   │   │   scope=None                 │ │
│ │                                   │   │   ),                             │ │
│ │                                   │   │   Dependant(                     │ │
│ │                                   │   │   │   path_params=[],            │ │
│ │                                   │   │   │   query_params=[],           │ │
│ │                                   │   │   │   header_params=[],          │ │
│ │                                   │   │   │   cookie_params=[],          │ │
│ │                                   │   │   │   body_params=[],            │ │
│ │                                   │   │   │   dependencies=[],           │ │
│ │                                   │   │   │   name='event_store',        │ │
│ │                                   │   │   │   call=<function             │ │
│ │                                   get_event_store at 0x122ca9120>,       │ │
│ │                                   │   │   │                              │ │
│ │                                   request_param_name='request',          │ │
│ │                                   │   │   │   websocket_param_name=None, │ │
│ │                                   │   │   │                              │ │
│ │                                   http_connection_param_name=None,       │ │
│ │                                   │   │   │   response_param_name=None,  │ │
│ │                                   │   │   │                              │ │
│ │                                   background_tasks_param_name=None,      │ │
│ │                                   │   │   │                              │ │
│ │                                   security_scopes_param_name=None,       │ │
│ │                                   │   │   │   own_oauth_scopes=[],       │ │
│ │                                   │   │   │   parent_oauth_scopes=[],    │ │
│ │                                   │   │   │   use_cache=True,            │ │
│ │                                   │   │   │   path='/v1/events',         │ │
│ │                                   │   │   │   scope=None                 │ │
│ │                                   │   │   )                              │ │
│ │                                   │   ],                                 │ │
│ │                                   │   name=None,                         │ │
│ │                                   │   call=<function ingest_event at     │ │
│ │                                   0x1242a8e00>,                          │ │
│ │                                   │   request_param_name='request',      │ │
│ │                                   │   websocket_param_name=None,         │ │
│ │                                   │   http_connection_param_name=None,   │ │
│ │                                   │   response_param_name=None,          │ │
│ │                                   │   background_tasks_param_name=None,  │ │
│ │                                   │   security_scopes_param_name=None,   │ │
│ │                                   │   own_oauth_scopes=None,             │ │
│ │                                   │   parent_oauth_scopes=None,          │ │
│ │                                   │   use_cache=True,                    │ │
│ │                                   │   path='/v1/events',                 │ │
│ │                                   │   scope='function'                   │ │
│ │                                   )                                      │ │
│ │   dependency_overrides_provider = <fastapi.applications.FastAPI object   │ │
│ │                                   at 0x121374da0>                        │ │
│ │               embed_body_fields = False                                  │ │
│ │                    endpoint_ctx = {                                      │ │
│ │                                   │   'file':                            │ │
│ │                                   '/Users/arunmenon/projects/Engram/src… │ │
│ │                                   │   'line': 165,                       │ │
│ │                                   │   'function': 'ingest_event',        │ │
│ │                                   │   'path': 'POST /v1/events'          │ │
│ │                                   }                                      │ │
│ │                          errors = []                                     │ │
│ │                      file_stack = <contextlib.AsyncExitStack object at   │ │
│ │                                   0x15459fd10>                           │ │
│ │                    is_body_form = None                                   │ │
│ │                    is_coroutine = True                                   │ │
│ │                  is_json_stream = False                                  │ │
│ │                   is_sse_stream = False                                  │ │
│ │                      mount_path = ''                                     │ │
│ │                         request = <starlette.requests.Request object at  │ │
│ │                                   0x15459f3e0>                           │ │
│ │                        response = None                                   │ │
│ │                  response_field = None                                   │ │
│ │         response_model_by_alias = True                                   │ │
│ │          response_model_exclude = None                                   │ │
│ │ response_model_exclude_defaults = False                                  │ │
│ │     response_model_exclude_none = False                                  │ │
│ │    response_model_exclude_unset = False                                  │ │
│ │          response_model_include = None                                   │ │
│ │                   solved_result = SolvedDependency(                      │ │
│ │                                   │   values={                           │ │
│ │                                   │   │   'event_store':                 │ │
│ │                                   <context_graph.adapters.spanner.log.S… │ │
│ │                                   object at 0x15455d280>,                │ │
│ │                                   │   │   'request':                     │ │
│ │                                   <starlette.requests.Request object at  │ │
│ │                                   0x15459f3e0>                           │ │
│ │                                   │   },                                 │ │
│ │                                   │   errors=[],                         │ │
│ │                                   │   background_tasks=None,             │ │
│ │                                   │                                      │ │
│ │                                   response=<starlette.responses.Response │ │
│ │                                   object at 0x15459dd00>,                │ │
│ │                                   │   dependency_cache={                 │ │
│ │                                   │   │   (<function require_api_key at  │ │
│ │                                   0x122ca98a0>, (), ''): None,           │ │
│ │                                   │   │   (<function get_event_store at  │ │
│ │                                   0x122ca9120>, (), ''):                 │ │
│ │                                   <context_graph.adapters.spanner.log.S… │ │
│ │                                   object at 0x15455d280>                 │ │
│ │                                   │   }                                  │ │
│ │                                   )                                      │ │
│ │                     status_code = 201                                    │ │
│ │               stream_item_field = None                                   │ │
│ │                  telemetry_data = TelemetryData(                         │ │
│ │                                   │                                      │ │
│ │                                   request=<starlette.requests.Request    │ │
│ │                                   object at 0x15459f3e0>,                │ │
│ │                                   │   websocket=None,                    │ │
│ │                                   │   body=None,                         │ │
│ │                                   │   values={                           │ │
│ │                                   │   │   'event_store':                 │ │
│ │                                   <context_graph.adapters.spanner.log.S… │ │
│ │                                   object at 0x15455d280>,                │ │
│ │                                   │   │   'request':                     │ │
│ │                                   <starlette.requests.Request object at  │ │
│ │                                   0x15459f3e0>                           │ │
│ │                                   │   },                                 │ │
│ │                                   │   errors=[]                          │ │
│ │                                   )                                      │ │
│ ╰──────────────────────────────────────────────────────────────────────────╯ │
│                                                                              │
│ /private/tmp/engram-ontology-review-venv/lib/python3.12/site-packages/fastap │
│ i/routing.py:360 in run_endpoint_function                                    │
│                                                                              │
│    357 │                                                                     │
│    358 │   if is_coroutine:                                                  │
│    359 │   │   with _operation(name="endpoint", function=dependant.call):    │
│ ❱  360 │   │   │   return await dependant.call(**values)                     │
│    361 │   else:                                                             │
│    362 │   │   return await run_in_threadpool(                               │
│    363 │   │   │   _run_sync_endpoint, function=dependant.call, arguments=va │
│                                                                              │
│ ╭───────────────────────────────── locals ─────────────────────────────────╮ │
│ │    dependant = Dependant(                                                │ │
│ │                │   path_params=[],                                       │ │
│ │                │   query_params=[],                                      │ │
│ │                │   header_params=[],                                     │ │
│ │                │   cookie_params=[],                                     │ │
│ │                │   body_params=[],                                       │ │
│ │                │   dependencies=[                                        │ │
│ │                │   │   Dependant(                                        │ │
│ │                │   │   │   path_params=[],                               │ │
│ │                │   │   │   query_params=[],                              │ │
│ │                │   │   │   header_params=[],                             │ │
│ │                │   │   │   cookie_params=[],                             │ │
│ │                │   │   │   body_params=[],                               │ │
│ │                │   │   │   dependencies=[],                              │ │
│ │                │   │   │   name=None,                                    │ │
│ │                │   │   │   call=<function require_api_key at             │ │
│ │                0x122ca98a0>,                                             │ │
│ │                │   │   │   request_param_name='request',                 │ │
│ │                │   │   │   websocket_param_name=None,                    │ │
│ │                │   │   │   http_connection_param_name=None,              │ │
│ │                │   │   │   response_param_name=None,                     │ │
│ │                │   │   │   background_tasks_param_name=None,             │ │
│ │                │   │   │   security_scopes_param_name=None,              │ │
│ │                │   │   │   own_oauth_scopes=[],                          │ │
│ │                │   │   │   parent_oauth_scopes=None,                     │ │
│ │                │   │   │   use_cache=True,                               │ │
│ │                │   │   │   path='/v1/events',                            │ │
│ │                │   │   │   scope=None                                    │ │
│ │                │   │   ),                                                │ │
│ │                │   │   Dependant(                                        │ │
│ │                │   │   │   path_params=[],                               │ │
│ │                │   │   │   query_params=[],                              │ │
│ │                │   │   │   header_params=[],                             │ │
│ │                │   │   │   cookie_params=[],                             │ │
│ │                │   │   │   body_params=[],                               │ │
│ │                │   │   │   dependencies=[],                              │ │
│ │                │   │   │   name='event_store',                           │ │
│ │                │   │   │   call=<function get_event_store at             │ │
│ │                0x122ca9120>,                                             │ │
│ │                │   │   │   request_param_name='request',                 │ │
│ │                │   │   │   websocket_param_name=None,                    │ │
│ │                │   │   │   http_connection_param_name=None,              │ │
│ │                │   │   │   response_param_name=None,                     │ │
│ │                │   │   │   background_tasks_param_name=None,             │ │
│ │                │   │   │   security_scopes_param_name=None,              │ │
│ │                │   │   │   own_oauth_scopes=[],                          │ │
│ │                │   │   │   parent_oauth_scopes=[],                       │ │
│ │                │   │   │   use_cache=True,                               │ │
│ │                │   │   │   path='/v1/events',                            │ │
│ │                │   │   │   scope=None                                    │ │
│ │                │   │   )                                                 │ │
│ │                │   ],                                                    │ │
│ │                │   name=None,                                            │ │
│ │                │   call=<function ingest_event at 0x1242a8e00>,          │ │
│ │                │   request_param_name='request',                         │ │
│ │                │   websocket_param_name=None,                            │ │
│ │                │   http_connection_param_name=None,                      │ │
│ │                │   response_param_name=None,                             │ │
│ │                │   background_tasks_param_name=None,                     │ │
│ │                │   security_scopes_param_name=None,                      │ │
│ │                │   own_oauth_scopes=None,                                │ │
│ │                │   parent_oauth_scopes=None,                             │ │
│ │                │   use_cache=True,                                       │ │
│ │                │   path='/v1/events',                                    │ │
│ │                │   scope='function'                                      │ │
│ │                )                                                         │ │
│ │ is_coroutine = True                                                      │ │
│ │       values = {                                                         │ │
│ │                │   'event_store':                                        │ │
│ │                <context_graph.adapters.spanner.log.SpannerEventLog       │ │
│ │                object at 0x15455d280>,                                   │ │
│ │                │   'request': <starlette.requests.Request object at      │ │
│ │                0x15459f3e0>                                              │ │
│ │                }                                                         │ │
│ ╰──────────────────────────────────────────────────────────────────────────╯ │
│                                                                              │
│ /Users/arunmenon/projects/Engram/src/context_graph/api/routes/events.py:201  │
│ in ingest_event                                                              │
│                                                                              │
│   198 │   if (limited := _quota_exceeded(request, 1)) is not None:           │
│   199 │   │   return limited                                                 │
│   200 │                                                                      │
│ ❱ 201 │   (outcome,) = await event_store.append_batch_outcomes([event],      │
│       payloads=[event_payload])                                              │
│   202 │   if outcome.status == "failed":                                     │
│   203 │   │   return ORJSONResponse(                                         │
│   204 │   │   │   status_code=503, content={"detail": f"the event was not st │
│       {outcome.error}"}                                                      │
│                                                                              │
│ ╭───────────────────────────────── locals ─────────────────────────────────╮ │
│ │              body = {                                                    │ │
│ │                     │   'event_id':                                      │ │
│ │                     'ab90fdcb-0135-400e-a6f7-4f28e576bcbb',              │ │
│ │                     │   'event_type': 'observation.input',               │ │
│ │                     │   'occurred_at':                                   │ │
│ │                     '2026-10-06T14:08:04.648135+00:00',                  │ │
│ │                     │   'session_id': 'uncertain-commit',                │ │
│ │                     │   'agent_id': 'compat-resume',                     │ │
│ │                     │   'trace_id': 'uncertain-commit',                  │ │
│ │                     │   'payload_ref': 'compat:resume',                  │ │
│ │                     │   'payload': {                                     │ │
│ │                     │   │   'content': 'Spanner recovery evidence'       │ │
│ │                     │   }                                                │ │
│ │                     }                                                    │ │
│ │             event = Event(                                               │ │
│ │                     │                                                    │ │
│ │                     event_id=UUID('ab90fdcb-0135-400e-a6f7-4f28e576bcbb… │ │
│ │                     │   event_type='observation.input',                  │ │
│ │                     │   occurred_at=datetime.datetime(2026, 10, 6, 14,   │ │
│ │                     8, 4, 648135, tzinfo=TzInfo(0)),                     │ │
│ │                     │   session_id='uncertain-commit',                   │ │
│ │                     │   agent_id='compat-resume',                        │ │
│ │                     │   trace_id='uncertain-commit',                     │ │
│ │                     │   payload_ref='compat:resume',                     │ │
│ │                     │   global_position=None,                            │ │
│ │                     │   tool_name=None,                                  │ │
│ │                     │   parent_event_id=None,                            │ │
│ │                     │   ended_at=None,                                   │ │
│ │                     │   status=None,                                     │ │
│ │                     │   schema_version=1,                                │ │
│ │                     │   importance_hint=None                             │ │
│ │                     )                                                    │ │
│ │     event_payload = {'content': 'Spanner recovery evidence'}             │ │
│ │       event_store = <context_graph.adapters.spanner.log.SpannerEventLog  │ │
│ │                     object at 0x15455d280>                               │ │
│ │           limited = None                                                 │ │
│ │       raw_payload = {'content': 'Spanner recovery evidence'}             │ │
│ │           request = <starlette.requests.Request object at 0x15459f3e0>   │ │
│ │ validation_result = <context_graph.domain.validation.ValidationResult    │ │
│ │                     object at 0x1545675c0>                               │ │
│ ╰──────────────────────────────────────────────────────────────────────────╯ │
│                                                                              │
│ /Users/arunmenon/projects/Engram/src/context_graph/adapters/errors.py:37 in  │
│ wrapper                                                                      │
│                                                                              │
│   34 │   │   │   neutral = translator(exc)                                   │
│   35 │   │   │   if neutral is None:                                         │
│   36 │   │   │   │   raise                                                   │
│ ❱ 37 │   │   │   raise neutral from exc                                      │
│   38 │                                                                       │
│   39 │   wrapper.__translates_errors__ = True  # type: ignore[attr-defined]  │
│   40 │   return wrapper                                                      │
│                                                                              │
│ ╭───────────────────────────────── locals ─────────────────────────────────╮ │
│ │    args = (                                                              │ │
│ │           │   <context_graph.adapters.spanner.log.SpannerEventLog object │ │
│ │           at 0x15455d280>,                                               │ │
│ │           │   [                                                          │ │
│ │           │   │   Event(                                                 │ │
│ │           │   │   │                                                      │ │
│ │           event_id=UUID('ab90fdcb-0135-400e-a6f7-4f28e576bcbb'),         │ │
│ │           │   │   │   event_type='observation.input',                    │ │
│ │           │   │   │   occurred_at=datetime.datetime(2026, 10, 6, 14, 8,  │ │
│ │           4, 648135, tzinfo=TzInfo(0)),                                  │ │
│ │           │   │   │   session_id='uncertain-commit',                     │ │
│ │           │   │   │   agent_id='compat-resume',                          │ │
│ │           │   │   │   trace_id='uncertain-commit',                       │ │
│ │           │   │   │   payload_ref='compat:resume',                       │ │
│ │           │   │   │   global_position=None,                              │ │
│ │           │   │   │   tool_name=None,                                    │ │
│ │           │   │   │   parent_event_id=None,                              │ │
│ │           │   │   │   ended_at=None,                                     │ │
│ │           │   │   │   status=None,                                       │ │
│ │           │   │   │   schema_version=1,                                  │ │
│ │           │   │   │   importance_hint=None                               │ │
│ │           │   │   )                                                      │ │
│ │           │   ]                                                          │ │
│ │           )                                                              │ │
│ │  kwargs = {'payloads': [{'content': 'Spanner recovery evidence'}]}       │ │
│ │ neutral = UnavailableError('503 synthetic lost response after confirmed  │ │
│ │           real commit')                                                  │ │
│ ╰──────────────────────────────────────────────────────────────────────────╯ │
╰──────────────────────────────────────────────────────────────────────────────╯
UnavailableError: 503 synthetic lost response after confirmed real commit

/private/tmp/engram-ontology-review-venv/lib/python3.12/site-packages/starlette/middleware/errors.py:176: FastAPIDeprecationWarning: ORJSONResponse is deprecated, FastAPI now serializes data directly to JSON bytes via Pydantic when a return type or response model is set, which is faster and doesn't need a custom response class. Read more in the FastAPI docs: https://fastapi.tiangolo.com/advanced/custom-response/#orjson-or-response-model and https://fastapi.tiangolo.com/tutorial/response-model/
  response = await self.handler(request, exc)  # type: ignore[assignment, arg-type]
2026-10-06 19:38:06 [info     ] event_ingested                 event_id=ab90fdcb-0135-400e-a6f7-4f28e576bcbb event_type=observation.input global_position=2026-10-06T14:08:04.796127000Z/000000/ab90fdcb-0135-400e-a6f7-4f28e576bcbb request_id=5222db9e-2069-44b6-9d8b-aab281507593 status=duplicate
Traceback (most recent call last):
  File "/Users/arunmenon/projects/Engram/scripts/engram_spanner_compat.py", line 184, in check
    observation = await asyncio.wait_for(function(), timeout=timeout_seconds)
                  ^^^^^^^^^^^^^^^^^^^^^^^^^^^^^^^^^^^^^^^^^^^^^^^^^^^^^^^^^^^
  File "/opt/homebrew/Cellar/python@3.12/3.12.7_1/Frameworks/Python.framework/Versions/3.12/lib/python3.12/asyncio/tasks.py", line 520, in wait_for
    return await fut
           ^^^^^^^^^
  File "/Users/arunmenon/projects/Engram/scripts/engram_spanner_compat_pack_cases.py", line 530, in uncertain
    assert first.status_code==503 and retry.status_code==201 and retry.json()['status']=='duplicate',receipt
           ^^^^^^^^^^^^^^^^^^^^^^^^^^^^^^^^^^^^^^^^^^^^^^^^^^^^^^^^^^^^^^^^^^^^^^^^^^^^^^^^^^^^^^^^^
AssertionError: {'first_status': 500, 'retry_status': 201, 'retry': {'event_id': 'ab90fdcb-0135-400e-a6f7-4f28e576bcbb', 'global_position': '2026-10-06T14:08:04.796127000Z/000000/ab90fdcb-0135-400e-a6f7-4f28e576bcbb', 'status': 'duplicate'}, 'document_preserved': True, 'fault': 'synthetic lost commit response; actual prior Spanner write retained'}

{"name": "uncertain_commit_API_retry_duplicate_preserves_payload", "scenarios": ["ING-04", "OPS-04"], "verdict": "failed", "error_type": "AssertionError", "error": "{'first_status': 500, 'retry_status': 201, 'retry': {'event_id': 'ab90fdcb-0135-400e-a6f7-4f28e576bcbb', 'global_position': '2026-10-06T14:08:04.796127000Z/000000/ab90fdcb-0135-400e-a6f7-4f28e576bcbb', 'status': 'duplicate'}, 'document_preserved': True, 'fault': 'synthetic lost commit response; actual prior Spanner write retained'}", "seconds": 1.77}
2026-10-06 19:38:06 [info     ] app_stopped
