{"event": "start", "run_id": "20261007-cloud-projection-expansion-01", "at": "2026-10-07T17:10:51.883480+00:00", "record": "docs/review/spanner-compatibility/runs/20261007-cloud-projection-expansion-01"}
2026-10-07 22:40:59 [debug    ] event_projected                edge_count=0 entry_id=2026-10-07T17:10:58.160639000Z/000000/6c58e224-5743-512d-81c3-5dbac7771dc2 event_id=6c58e224-5743-512d-81c3-5dbac7771dc2 session_id=6c58e224-5743-512d-81c3-5dbac7771dc2
2026-10-07 22:40:59 [error    ] pack_projection_failed         entry_id=2026-10-07T17:10:58.160639000Z/000000/6c58e224-5743-512d-81c3-5dbac7771dc2 event_id=6c58e224-5743-512d-81c3-5dbac7771dc2 event_type=expansion.recorded
╭───────────────────── Traceback (most recent call last) ──────────────────────╮
│ /Users/arunmenon/projects/Engram/src/context_graph/worker/projection.py:223  │
│ in _apply_pack_rules                                                         │
│                                                                              │
│   220 │   │   │   │   │   │   entry_id,                                      │
│   221 │   │   │   │   │   │   data,                                          │
│   222 │   │   │   │   │   │   event,                                         │
│ ❱ 223 │   │   │   │   │   │   self._pack_projector.plan(                     │
│   224 │   │   │   │   │   │   │   event, document, provenance=(provenances o │
│       {}).get(entry_id)                                                      │
│   225 │   │   │   │   │   │   )                                              │
│   226 │   │   │   │   │   │   if getattr(self._pack_projector, "requires_pro │
│       is True                                                                │
│                                                                              │
│ ╭───────────────────────────────── locals ─────────────────────────────────╮ │
│ │        data = {'event_id': '6c58e224-5743-512d-81c3-5dbac7771dc2'}       │ │
│ │    document = {                                                          │ │
│ │               │   'agent_id': 'untrusted-display-name',                  │ │
│ │               │   'ended_at': None,                                      │ │
│ │               │   'event_id': '6c58e224-5743-512d-81c3-5dbac7771dc2',    │ │
│ │               │   'event_type': 'expansion.recorded',                    │ │
│ │               │   'global_position':                                     │ │
│ │               '2026-10-07T17:10:58.160639000Z/000000/6c58e224-5743-512d… │ │
│ │               │   'importance_hint': None,                               │ │
│ │               │   'occurred_at': '2026-10-07T00:00:00Z',                 │ │
│ │               │   'parent_event_id': None,                               │ │
│ │               │   'payload': {                                           │ │
│ │               │   │   'groups': [                                        │ │
│ │               │   │   │   '20261007-cloud-projection-expansion-01',      │ │
│ │               │   │   │   '20261007-cloud-projection-expansion-01'       │ │
│ │               │   │   ],                                                 │ │
│ │               │   │   'items': [                                         │ │
│ │               │   │   │                                                  │ │
│ │               '20261007-cloud-projection-expansion-01-unequal'           │ │
│ │               │   │   ]                                                  │ │
│ │               │   },                                                     │ │
│ │               │   'payload_ref':                                         │ │
│ │               'fixture:6c58e224-5743-512d-81c3-5dbac7771dc2',            │ │
│ │               │   ... +7                                                 │ │
│ │               }                                                          │ │
│ │    entry_id = '2026-10-07T17:10:58.160639000Z/000000/6c58e224-5743-512d… │ │
│ │       event = Event(                                                     │ │
│ │               │   event_id=UUID('6c58e224-5743-512d-81c3-5dbac7771dc2'), │ │
│ │               │   event_type='expansion.recorded',                       │ │
│ │               │   occurred_at=datetime.datetime(2026, 10, 7, 0, 0,       │ │
│ │               tzinfo=datetime.timezone.utc),                             │ │
│ │               │   session_id='6c58e224-5743-512d-81c3-5dbac7771dc2',     │ │
│ │               │   agent_id='untrusted-display-name',                     │ │
│ │               │   trace_id='20261007-cloud-projection-expansion-01',     │ │
│ │               │                                                          │ │
│ │               payload_ref='fixture:6c58e224-5743-512d-81c3-5dbac7771dc2… │ │
│ │               │                                                          │ │
│ │               global_position='2026-10-07T17:10:58.160639000Z/000000/6c… │ │
│ │               │   tool_name=None,                                        │ │
│ │               │   parent_event_id=None,                                  │ │
│ │               │   ended_at=None,                                         │ │
│ │               │   status=None,                                           │ │
│ │               │   schema_version=1,                                      │ │
│ │               │   importance_hint=None                                   │ │
│ │               )                                                          │ │
│ │ pack_events = [                                                          │ │
│ │               │   (                                                      │ │
│ │               │   │                                                      │ │
│ │               '2026-10-07T17:10:58.160639000Z/000000/6c58e224-5743-512d… │ │
│ │               │   │   {                                                  │ │
│ │               │   │   │   'event_id':                                    │ │
│ │               '6c58e224-5743-512d-81c3-5dbac7771dc2'                     │ │
│ │               │   │   },                                                 │ │
│ │               │   │   Event(                                             │ │
│ │               │   │   │                                                  │ │
│ │               event_id=UUID('6c58e224-5743-512d-81c3-5dbac7771dc2'),     │ │
│ │               │   │   │   event_type='expansion.recorded',               │ │
│ │               │   │   │   occurred_at=datetime.datetime(2026, 10, 7, 0,  │ │
│ │               0, tzinfo=datetime.timezone.utc),                          │ │
│ │               │   │   │                                                  │ │
│ │               session_id='6c58e224-5743-512d-81c3-5dbac7771dc2',         │ │
│ │               │   │   │   agent_id='untrusted-display-name',             │ │
│ │               │   │   │                                                  │ │
│ │               trace_id='20261007-cloud-projection-expansion-01',         │ │
│ │               │   │   │                                                  │ │
│ │               payload_ref='fixture:6c58e224-5743-512d-81c3-5dbac7771dc2… │ │
│ │               │   │   │                                                  │ │
│ │               global_position='2026-10-07T17:10:58.160639000Z/000000/6c… │ │
│ │               │   │   │   tool_name=None,                                │ │
│ │               │   │   │   parent_event_id=None,                          │ │
│ │               │   │   │   ended_at=None,                                 │ │
│ │               │   │   │   status=None,                                   │ │
│ │               │   │   │   schema_version=1,                              │ │
│ │               │   │   │   importance_hint=None                           │ │
│ │               │   │   ),                                                 │ │
│ │               │   │   {                                                  │ │
│ │               │   │   │   'agent_id': 'untrusted-display-name',          │ │
│ │               │   │   │   'ended_at': None,                              │ │
│ │               │   │   │   'event_id':                                    │ │
│ │               '6c58e224-5743-512d-81c3-5dbac7771dc2',                    │ │
│ │               │   │   │   'event_type': 'expansion.recorded',            │ │
│ │               │   │   │   'global_position':                             │ │
│ │               '2026-10-07T17:10:58.160639000Z/000000/6c58e224-5743-512d… │ │
│ │               │   │   │   'importance_hint': None,                       │ │
│ │               │   │   │   'occurred_at': '2026-10-07T00:00:00Z',         │ │
│ │               │   │   │   'parent_event_id': None,                       │ │
│ │               │   │   │   'payload': {                                   │ │
│ │               │   │   │   │   'groups': [                                │ │
│ │               │   │   │   │   │                                          │ │
│ │               '20261007-cloud-projection-expansion-01',                  │ │
│ │               │   │   │   │   │                                          │ │
│ │               '20261007-cloud-projection-expansion-01'                   │ │
│ │               │   │   │   │   ],                                         │ │
│ │               │   │   │   │   'items': [                                 │ │
│ │               │   │   │   │   │                                          │ │
│ │               '20261007-cloud-projection-expansion-01-unequal'           │ │
│ │               │   │   │   │   ]                                          │ │
│ │               │   │   │   },                                             │ │
│ │               │   │   │   'payload_ref':                                 │ │
│ │               'fixture:6c58e224-5743-512d-81c3-5dbac7771dc2',            │ │
│ │               │   │   │   ... +7                                         │ │
│ │               │   │   }                                                  │ │
│ │               │   )                                                      │ │
│ │               ]                                                          │ │
│ │     planned = []                                                         │ │
│ │ provenances = {                                                          │ │
│ │               │                                                          │ │
│ │               '2026-10-07T17:10:58.160639000Z/000000/6c58e224-5743-512d… │ │
│ │               VerifiedSourceProvenance(                                  │ │
│ │               │   │   event_id='6c58e224-5743-512d-81c3-5dbac7771dc2',   │ │
│ │               │   │   acceptance=EventAcceptance(                        │ │
│ │               │   │   │   tenant_id='compat-control',                    │ │
│ │               │   │   │                                                  │ │
│ │               database_resource='projects/portiq-mvp/instances/engram-e… │ │
│ │               │   │   │   binding_id='compat-control-binding',           │ │
│ │               │   │   │   accepted_epoch=9,                              │ │
│ │               │   │   │                                                  │ │
│ │               bundle_digest='sha256:09743cb468a8de0ff6df4cd85019ccc299b… │ │
│ │               │   │   │                                                  │ │
│ │               engine_revision='tenant-control-conformance-v2-projection… │ │
│ │               │   │   │   source_id='verified-producer',                 │ │
│ │               │   │   │   envelope_version=1,                            │ │
│ │               │   │   │                                                  │ │
│ │               request_digest='sha256:json-v1:f79574bd1f2b8440adb3d1a1d0… │ │
│ │               │   │   )                                                  │ │
│ │               │   )                                                      │ │
│ │               }                                                          │ │
│ │        self = <context_graph.worker.projection.ProjectionConsumer object │ │
│ │               at 0x10d1793a0>                                            │ │
│ ╰──────────────────────────────────────────────────────────────────────────╯ │
│                                                                              │
│ /Users/arunmenon/projects/Engram/src/context_graph/domain/pack_projection.py │
│ :366 in plan                                                                 │
│                                                                              │
│   363 │   │   │   trust="trusted" if trusted else "untrusted",               │
│   364 │   │   )                                                              │
│   365 │   │   for _pack, rule in rules:                                      │
│ ❱ 366 │   │   │   self._plan_rule(rule, context, plan)                       │
│   367 │   │   │   plan.check_capacity()                                      │
│   368 │   │   return plan                                                    │
│   369                                                                        │
│                                                                              │
│ ╭───────────────────────────────── locals ─────────────────────────────────╮ │
│ │      _pack = 'expansion'                                                 │ │
│ │    context = _Context(                                                   │ │
│ │              │   scope=Scope(                                            │ │
│ │              │   │   payload={                                           │ │
│ │              │   │   │   'groups': [                                     │ │
│ │              │   │   │   │   '20261007-cloud-projection-expansion-01',   │ │
│ │              │   │   │   │   '20261007-cloud-projection-expansion-01'    │ │
│ │              │   │   │   ],                                              │ │
│ │              │   │   │   'items': [                                      │ │
│ │              │   │   │   │                                               │ │
│ │              '20261007-cloud-projection-expansion-01-unequal'            │ │
│ │              │   │   │   ]                                               │ │
│ │              │   │   },                                                  │ │
│ │              │   │   event={                                             │ │
│ │              │   │   │   'event_id':                                     │ │
│ │              '6c58e224-5743-512d-81c3-5dbac7771dc2',                     │ │
│ │              │   │   │   'event_type': 'expansion.recorded',             │ │
│ │              │   │   │   'occurred_at': '2026-10-07T00:00:00Z',          │ │
│ │              │   │   │   'session_id':                                   │ │
│ │              '6c58e224-5743-512d-81c3-5dbac7771dc2',                     │ │
│ │              │   │   │   'agent_id': 'untrusted-display-name',           │ │
│ │              │   │   │   'trace_id':                                     │ │
│ │              '20261007-cloud-projection-expansion-01',                   │ │
│ │              │   │   │   'payload_ref':                                  │ │
│ │              'fixture:6c58e224-5743-512d-81c3-5dbac7771dc2',             │ │
│ │              │   │   │   'global_position':                              │ │
│ │              '2026-10-07T17:10:58.160639000Z/000000/6c58e224-5743-512d-… │ │
│ │              │   │   │   'tool_name': None,                              │ │
│ │              │   │   │   'parent_event_id': None,                        │ │
│ │              │   │   │   ... +4                                          │ │
│ │              │   │   }                                                   │ │
│ │              │   ),                                                      │ │
│ │              │   event_ref=NodeRef(                                      │ │
│ │              │   │   label='Event',                                      │ │
│ │              │   │   key='6c58e224-5743-512d-81c3-5dbac7771dc2',         │ │
│ │              │   │   key_property='event_id'                             │ │
│ │              │   ),                                                      │ │
│ │              │   occurred_at='2026-10-07T00:00:00+00:00',                │ │
│ │              │   trust='trusted'                                         │ │
│ │              )                                                           │ │
│ │   document = {                                                           │ │
│ │              │   'agent_id': 'untrusted-display-name',                   │ │
│ │              │   'ended_at': None,                                       │ │
│ │              │   'event_id': '6c58e224-5743-512d-81c3-5dbac7771dc2',     │ │
│ │              │   'event_type': 'expansion.recorded',                     │ │
│ │              │   'global_position':                                      │ │
│ │              '2026-10-07T17:10:58.160639000Z/000000/6c58e224-5743-512d-… │ │
│ │              │   'importance_hint': None,                                │ │
│ │              │   'occurred_at': '2026-10-07T00:00:00Z',                  │ │
│ │              │   'parent_event_id': None,                                │ │
│ │              │   'payload': {                                            │ │
│ │              │   │   'groups': [                                         │ │
│ │              │   │   │   '20261007-cloud-projection-expansion-01',       │ │
│ │              │   │   │   '20261007-cloud-projection-expansion-01'        │ │
│ │              │   │   ],                                                  │ │
│ │              │   │   'items': [                                          │ │
│ │              │   │   │                                                   │ │
│ │              '20261007-cloud-projection-expansion-01-unequal'            │ │
│ │              │   │   ]                                                   │ │
│ │              │   },                                                      │ │
│ │              │   'payload_ref':                                          │ │
│ │              'fixture:6c58e224-5743-512d-81c3-5dbac7771dc2',             │ │
│ │              │   ... +7                                                  │ │
│ │              }                                                           │ │
│ │   envelope = {                                                           │ │
│ │              │   'event_id': '6c58e224-5743-512d-81c3-5dbac7771dc2',     │ │
│ │              │   'event_type': 'expansion.recorded',                     │ │
│ │              │   'occurred_at': '2026-10-07T00:00:00Z',                  │ │
│ │              │   'session_id': '6c58e224-5743-512d-81c3-5dbac7771dc2',   │ │
│ │              │   'agent_id': 'untrusted-display-name',                   │ │
│ │              │   'trace_id': '20261007-cloud-projection-expansion-01',   │ │
│ │              │   'payload_ref':                                          │ │
│ │              'fixture:6c58e224-5743-512d-81c3-5dbac7771dc2',             │ │
│ │              │   'global_position':                                      │ │
│ │              '2026-10-07T17:10:58.160639000Z/000000/6c58e224-5743-512d-… │ │
│ │              │   'tool_name': None,                                      │ │
│ │              │   'parent_event_id': None,                                │ │
│ │              │   ... +4                                                  │ │
│ │              }                                                           │ │
│ │      event = Event(                                                      │ │
│ │              │   event_id=UUID('6c58e224-5743-512d-81c3-5dbac7771dc2'),  │ │
│ │              │   event_type='expansion.recorded',                        │ │
│ │              │   occurred_at=datetime.datetime(2026, 10, 7, 0, 0,        │ │
│ │              tzinfo=datetime.timezone.utc),                              │ │
│ │              │   session_id='6c58e224-5743-512d-81c3-5dbac7771dc2',      │ │
│ │              │   agent_id='untrusted-display-name',                      │ │
│ │              │   trace_id='20261007-cloud-projection-expansion-01',      │ │
│ │              │                                                           │ │
│ │              payload_ref='fixture:6c58e224-5743-512d-81c3-5dbac7771dc2', │ │
│ │              │                                                           │ │
│ │              global_position='2026-10-07T17:10:58.160639000Z/000000/6c5… │ │
│ │              │   tool_name=None,                                         │ │
│ │              │   parent_event_id=None,                                   │ │
│ │              │   ended_at=None,                                          │ │
│ │              │   status=None,                                            │ │
│ │              │   schema_version=1,                                       │ │
│ │              │   importance_hint=None                                    │ │
│ │              )                                                           │ │
│ │    payload = {                                                           │ │
│ │              │   'groups': [                                             │ │
│ │              │   │   '20261007-cloud-projection-expansion-01',           │ │
│ │              │   │   '20261007-cloud-projection-expansion-01'            │ │
│ │              │   ],                                                      │ │
│ │              │   'items': [                                              │ │
│ │              │   │   '20261007-cloud-projection-expansion-01-unequal'    │ │
│ │              │   ]                                                       │ │
│ │              }                                                           │ │
│ │       plan = ProjectionPlan(                                             │ │
│ │              │   nodes=[],                                               │ │
│ │              │   states=[],                                              │ │
│ │              │   edges=[],                                               │ │
│ │              │   lookups=[],                                             │ │
│ │              │   rejected=[]                                             │ │
│ │              )                                                           │ │
│ │ provenance = VerifiedSourceProvenance(                                   │ │
│ │              │   event_id='6c58e224-5743-512d-81c3-5dbac7771dc2',        │ │
│ │              │   acceptance=EventAcceptance(                             │ │
│ │              │   │   tenant_id='compat-control',                         │ │
│ │              │   │                                                       │ │
│ │              database_resource='projects/portiq-mvp/instances/engram-ex… │ │
│ │              │   │   binding_id='compat-control-binding',                │ │
│ │              │   │   accepted_epoch=9,                                   │ │
│ │              │   │                                                       │ │
│ │              bundle_digest='sha256:09743cb468a8de0ff6df4cd85019ccc299bc… │ │
│ │              │   │                                                       │ │
│ │              engine_revision='tenant-control-conformance-v2-projection-… │ │
│ │              │   │   source_id='verified-producer',                      │ │
│ │              │   │   envelope_version=1,                                 │ │
│ │              │   │                                                       │ │
│ │              request_digest='sha256:json-v1:f79574bd1f2b8440adb3d1a1d08… │ │
│ │              │   )                                                       │ │
│ │              )                                                           │ │
│ │       rule = ProjectionRule(                                             │ │
│ │              │   event='expansion.recorded',                             │ │
│ │              │   upsert=[                                                │ │
│ │              │   │   UpsertDef(                                          │ │
│ │              │   │   │   type='ExpansionRecord',                         │ │
│ │              │   │   │   key={                                           │ │
│ │              │   │   │   │   'group': '$.groups[*]',                     │ │
│ │              │   │   │   │   'item': '$.items[*]'                        │ │
│ │              │   │   │   },                                              │ │
│ │              │   │   │   set={}                                          │ │
│ │              │   │   )                                                   │ │
│ │              │   ],                                                      │ │
│ │              │   transition=TransitionDef(                               │ │
│ │              │   │   type='ExpansionRecord',                             │ │
│ │              │   │   to='ready',                                         │ │
│ │              │   │   only_from=[],                                       │ │
│ │              │   │   key=None                                            │ │
│ │              │   ),                                                      │ │
│ │              │   edges=[]                                                │ │
│ │              )                                                           │ │
│ │      rules = [                                                           │ │
│ │              │   (                                                       │ │
│ │              │   │   'expansion',                                        │ │
│ │              │   │   ProjectionRule(                                     │ │
│ │              │   │   │   event='expansion.recorded',                     │ │
│ │              │   │   │   upsert=[                                        │ │
│ │              │   │   │   │   UpsertDef(                                  │ │
│ │              │   │   │   │   │   type='ExpansionRecord',                 │ │
│ │              │   │   │   │   │   key={                                   │ │
│ │              │   │   │   │   │   │   'group': '$.groups[*]',             │ │
│ │              │   │   │   │   │   │   'item': '$.items[*]'                │ │
│ │              │   │   │   │   │   },                                      │ │
│ │              │   │   │   │   │   set={}                                  │ │
│ │              │   │   │   │   )                                           │ │
│ │              │   │   │   ],                                              │ │
│ │              │   │   │   transition=TransitionDef(                       │ │
│ │              │   │   │   │   type='ExpansionRecord',                     │ │
│ │              │   │   │   │   to='ready',                                 │ │
│ │              │   │   │   │   only_from=[],                               │ │
│ │              │   │   │   │   key=None                                    │ │
│ │              │   │   │   ),                                              │ │
│ │              │   │   │   edges=[]                                        │ │
│ │              │   │   )                                                   │ │
│ │              │   ),                                                      │ │
│ │              │   (                                                       │ │
│ │              │   │   'expansion_observer',                               │ │
│ │              │   │   ProjectionRule(                                     │ │
│ │              │   │   │   event='expansion:expansion.recorded',           │ │
│ │              │   │   │   upsert=[                                        │ │
│ │              │   │   │   │   UpsertDef(                                  │ │
│ │              │   │   │   │   │   type='expansion:ExpansionRecord',       │ │
│ │              │   │   │   │   │   key={                                   │ │
│ │              │   │   │   │   │   │   'group': 'observer',                │ │
│ │              │   │   │   │   │   │   'item': '$.items[*]'                │ │
│ │              │   │   │   │   │   },                                      │ │
│ │              │   │   │   │   │   set={}                                  │ │
│ │              │   │   │   │   )                                           │ │
│ │              │   │   │   ],                                              │ │
│ │              │   │   │   transition=None,                                │ │
│ │              │   │   │   edges=[]                                        │ │
│ │              │   │   )                                                   │ │
│ │              │   )                                                       │ │
│ │              ]                                                           │ │
│ │       self = <context_graph.domain.pack_projection.PackProjector object  │ │
│ │              at 0x10d17bd10>                                             │ │
│ │    trusted = True                                                        │ │
│ ╰──────────────────────────────────────────────────────────────────────────╯ │
│                                                                              │
│ /Users/arunmenon/projects/Engram/src/context_graph/domain/pack_projection.py │
│ :435 in _plan_rule                                                           │
│                                                                              │
│   432 │   │   scope = context.scope                                          │
│   433 │   │   for upsert in rule.upsert:                                     │
│   434 │   │   │   node_type = self._node_type(upsert.type)                   │
│ ❱ 435 │   │   │   for keyed in self._keyed_refs(node_type, upsert.key, scope │
│   436 │   │   │   │   props = self._properties(node_type, upsert.set, scope, │
│   437 │   │   │   │   evidence = self._registry.allows(PROVENANCE_EDGE, node │
│       "Event")                                                               │
│   438 │   │   │   │   plan.check_capacity(1 + int(evidence))                 │
│                                                                              │
│ ╭───────────────────────────────── locals ─────────────────────────────────╮ │
│ │   context = _Context(                                                    │ │
│ │             │   scope=Scope(                                             │ │
│ │             │   │   payload={                                            │ │
│ │             │   │   │   'groups': [                                      │ │
│ │             │   │   │   │   '20261007-cloud-projection-expansion-01',    │ │
│ │             │   │   │   │   '20261007-cloud-projection-expansion-01'     │ │
│ │             │   │   │   ],                                               │ │
│ │             │   │   │   'items': [                                       │ │
│ │             │   │   │   │                                                │ │
│ │             '20261007-cloud-projection-expansion-01-unequal'             │ │
│ │             │   │   │   ]                                                │ │
│ │             │   │   },                                                   │ │
│ │             │   │   event={                                              │ │
│ │             │   │   │   'event_id':                                      │ │
│ │             '6c58e224-5743-512d-81c3-5dbac7771dc2',                      │ │
│ │             │   │   │   'event_type': 'expansion.recorded',              │ │
│ │             │   │   │   'occurred_at': '2026-10-07T00:00:00Z',           │ │
│ │             │   │   │   'session_id':                                    │ │
│ │             '6c58e224-5743-512d-81c3-5dbac7771dc2',                      │ │
│ │             │   │   │   'agent_id': 'untrusted-display-name',            │ │
│ │             │   │   │   'trace_id':                                      │ │
│ │             '20261007-cloud-projection-expansion-01',                    │ │
│ │             │   │   │   'payload_ref':                                   │ │
│ │             'fixture:6c58e224-5743-512d-81c3-5dbac7771dc2',              │ │
│ │             │   │   │   'global_position':                               │ │
│ │             '2026-10-07T17:10:58.160639000Z/000000/6c58e224-5743-512d-8… │ │
│ │             │   │   │   'tool_name': None,                               │ │
│ │             │   │   │   'parent_event_id': None,                         │ │
│ │             │   │   │   ... +4                                           │ │
│ │             │   │   }                                                    │ │
│ │             │   ),                                                       │ │
│ │             │   event_ref=NodeRef(                                       │ │
│ │             │   │   label='Event',                                       │ │
│ │             │   │   key='6c58e224-5743-512d-81c3-5dbac7771dc2',          │ │
│ │             │   │   key_property='event_id'                              │ │
│ │             │   ),                                                       │ │
│ │             │   occurred_at='2026-10-07T00:00:00+00:00',                 │ │
│ │             │   trust='trusted'                                          │ │
│ │             )                                                            │ │
│ │ node_type = NodeType(                                                    │ │
│ │             │   name='ExpansionRecord',                                  │ │
│ │             │   pack='expansion',                                        │ │
│ │             │   definition=NodeTypeDef(                                  │ │
│ │             │   │   key=['group', 'item'],                               │ │
│ │             │   │   id_property=None,                                    │ │
│ │             │   │   interfaces=['Sourced', 'Lifecycled'],                │ │
│ │             │   │   properties={                                         │ │
│ │             │   │   │   'group': 'string',                               │ │
│ │             │   │   │   'item': 'string',                                │ │
│ │             │   │   │   'paths': 'list<string>'                          │ │
│ │             │   │   },                                                   │ │
│ │             │   │   lifecycle=LifecycleDef(                              │ │
│ │             │   │   │   initial='new',                                   │ │
│ │             │   │   │   states=['new', 'ready'],                         │ │
│ │             │   │   │   superseded_states=[]                             │ │
│ │             │   │   ),                                                   │ │
│ │             │   │   text_fields=[],                                      │ │
│ │             │   │   embed_fields=[],                                     │ │
│ │             │   │   indexes=[],                                          │ │
│ │             │   │   vector_property=None,                                │ │
│ │             │   │   note=None                                            │ │
│ │             │   ),                                                       │ │
│ │             │   properties={                                             │ │
│ │             │   │   'group': 'string',                                   │ │
│ │             │   │   'item': 'string',                                    │ │
│ │             │   │   'paths': 'list<string>',                             │ │
│ │             │   │   'source_trust': EnumSpec(                            │ │
│ │             │   │   │   enum=['trusted', 'untrusted']                    │ │
│ │             │   │   ),                                                   │ │
│ │             │   │   'status': 'string',                                  │ │
│ │             │   │   'status_changed_at': 'datetime'                      │ │
│ │             │   }                                                        │ │
│ │             )                                                            │ │
│ │      plan = ProjectionPlan(                                              │ │
│ │             │   nodes=[],                                                │ │
│ │             │   states=[],                                               │ │
│ │             │   edges=[],                                                │ │
│ │             │   lookups=[],                                              │ │
│ │             │   rejected=[]                                              │ │
│ │             )                                                            │ │
│ │      rule = ProjectionRule(                                              │ │
│ │             │   event='expansion.recorded',                              │ │
│ │             │   upsert=[                                                 │ │
│ │             │   │   UpsertDef(                                           │ │
│ │             │   │   │   type='ExpansionRecord',                          │ │
│ │             │   │   │   key={                                            │ │
│ │             │   │   │   │   'group': '$.groups[*]',                      │ │
│ │             │   │   │   │   'item': '$.items[*]'                         │ │
│ │             │   │   │   },                                               │ │
│ │             │   │   │   set={}                                           │ │
│ │             │   │   )                                                    │ │
│ │             │   ],                                                       │ │
│ │             │   transition=TransitionDef(                                │ │
│ │             │   │   type='ExpansionRecord',                              │ │
│ │             │   │   to='ready',                                          │ │
│ │             │   │   only_from=[],                                        │ │
│ │             │   │   key=None                                             │ │
│ │             │   ),                                                       │ │
│ │             │   edges=[]                                                 │ │
│ │             )                                                            │ │
│ │     scope = Scope(                                                       │ │
│ │             │   payload={                                                │ │
│ │             │   │   'groups': [                                          │ │
│ │             │   │   │   '20261007-cloud-projection-expansion-01',        │ │
│ │             │   │   │   '20261007-cloud-projection-expansion-01'         │ │
│ │             │   │   ],                                                   │ │
│ │             │   │   'items': [                                           │ │
│ │             │   │   │   '20261007-cloud-projection-expansion-01-unequal' │ │
│ │             │   │   ]                                                    │ │
│ │             │   },                                                       │ │
│ │             │   event={                                                  │ │
│ │             │   │   'event_id': '6c58e224-5743-512d-81c3-5dbac7771dc2',  │ │
│ │             │   │   'event_type': 'expansion.recorded',                  │ │
│ │             │   │   'occurred_at': '2026-10-07T00:00:00Z',               │ │
│ │             │   │   'session_id':                                        │ │
│ │             '6c58e224-5743-512d-81c3-5dbac7771dc2',                      │ │
│ │             │   │   'agent_id': 'untrusted-display-name',                │ │
│ │             │   │   'trace_id':                                          │ │
│ │             '20261007-cloud-projection-expansion-01',                    │ │
│ │             │   │   'payload_ref':                                       │ │
│ │             'fixture:6c58e224-5743-512d-81c3-5dbac7771dc2',              │ │
│ │             │   │   'global_position':                                   │ │
│ │             '2026-10-07T17:10:58.160639000Z/000000/6c58e224-5743-512d-8… │ │
│ │             │   │   'tool_name': None,                                   │ │
│ │             │   │   'parent_event_id': None,                             │ │
│ │             │   │   ... +4                                               │ │
│ │             │   }                                                        │ │
│ │             )                                                            │ │
│ │      self = <context_graph.domain.pack_projection.PackProjector object   │ │
│ │             at 0x10d17bd10>                                              │ │
│ │    upsert = UpsertDef(                                                   │ │
│ │             │   type='ExpansionRecord',                                  │ │
│ │             │   key={'group': '$.groups[*]', 'item': '$.items[*]'},      │ │
│ │             │   set={}                                                   │ │
│ │             )                                                            │ │
│ ╰──────────────────────────────────────────────────────────────────────────╯ │
│                                                                              │
│ /Users/arunmenon/projects/Engram/src/context_graph/domain/pack_projection.py │
│ :380 in _keyed_refs                                                          │
│                                                                              │
│   377 │   ) -> list[_Keyed]:                                                 │
│   378 │   │   """The nodes a key names (several when a key value is a list). │
│   379 │   │   values = {name: self._eval(expr, scope) for name, expr in key. │
│ ❱ 380 │   │   rows, fanned = _fan_out(values)                                │
│   381 │   │   refs = []                                                      │
│   382 │   │   for index, row in enumerate(rows):                             │
│   383 │   │   │   coerced = {                                                │
│                                                                              │
│ ╭───────────────────────────────── locals ─────────────────────────────────╮ │
│ │       key = {'group': '$.groups[*]', 'item': '$.items[*]'}               │ │
│ │ node_type = NodeType(                                                    │ │
│ │             │   name='ExpansionRecord',                                  │ │
│ │             │   pack='expansion',                                        │ │
│ │             │   definition=NodeTypeDef(                                  │ │
│ │             │   │   key=['group', 'item'],                               │ │
│ │             │   │   id_property=None,                                    │ │
│ │             │   │   interfaces=['Sourced', 'Lifecycled'],                │ │
│ │             │   │   properties={                                         │ │
│ │             │   │   │   'group': 'string',                               │ │
│ │             │   │   │   'item': 'string',                                │ │
│ │             │   │   │   'paths': 'list<string>'                          │ │
│ │             │   │   },                                                   │ │
│ │             │   │   lifecycle=LifecycleDef(                              │ │
│ │             │   │   │   initial='new',                                   │ │
│ │             │   │   │   states=['new', 'ready'],                         │ │
│ │             │   │   │   superseded_states=[]                             │ │
│ │             │   │   ),                                                   │ │
│ │             │   │   text_fields=[],                                      │ │
│ │             │   │   embed_fields=[],                                     │ │
│ │             │   │   indexes=[],                                          │ │
│ │             │   │   vector_property=None,                                │ │
│ │             │   │   note=None                                            │ │
│ │             │   ),                                                       │ │
│ │             │   properties={                                             │ │
│ │             │   │   'group': 'string',                                   │ │
│ │             │   │   'item': 'string',                                    │ │
│ │             │   │   'paths': 'list<string>',                             │ │
│ │             │   │   'source_trust': EnumSpec(                            │ │
│ │             │   │   │   enum=['trusted', 'untrusted']                    │ │
│ │             │   │   ),                                                   │ │
│ │             │   │   'status': 'string',                                  │ │
│ │             │   │   'status_changed_at': 'datetime'                      │ │
│ │             │   }                                                        │ │
│ │             )                                                            │ │
│ │     scope = Scope(                                                       │ │
│ │             │   payload={                                                │ │
│ │             │   │   'groups': [                                          │ │
│ │             │   │   │   '20261007-cloud-projection-expansion-01',        │ │
│ │             │   │   │   '20261007-cloud-projection-expansion-01'         │ │
│ │             │   │   ],                                                   │ │
│ │             │   │   'items': [                                           │ │
│ │             │   │   │   '20261007-cloud-projection-expansion-01-unequal' │ │
│ │             │   │   ]                                                    │ │
│ │             │   },                                                       │ │
│ │             │   event={                                                  │ │
│ │             │   │   'event_id': '6c58e224-5743-512d-81c3-5dbac7771dc2',  │ │
│ │             │   │   'event_type': 'expansion.recorded',                  │ │
│ │             │   │   'occurred_at': '2026-10-07T00:00:00Z',               │ │
│ │             │   │   'session_id':                                        │ │
│ │             '6c58e224-5743-512d-81c3-5dbac7771dc2',                      │ │
│ │             │   │   'agent_id': 'untrusted-display-name',                │ │
│ │             │   │   'trace_id':                                          │ │
│ │             '20261007-cloud-projection-expansion-01',                    │ │
│ │             │   │   'payload_ref':                                       │ │
│ │             'fixture:6c58e224-5743-512d-81c3-5dbac7771dc2',              │ │
│ │             │   │   'global_position':                                   │ │
│ │             '2026-10-07T17:10:58.160639000Z/000000/6c58e224-5743-512d-8… │ │
│ │             │   │   'tool_name': None,                                   │ │
│ │             │   │   'parent_event_id': None,                             │ │
│ │             │   │   ... +4                                               │ │
│ │             │   }                                                        │ │
│ │             )                                                            │ │
│ │      self = <context_graph.domain.pack_projection.PackProjector object   │ │
│ │             at 0x10d17bd10>                                              │ │
│ │    values = {                                                            │ │
│ │             │   'group': [                                               │ │
│ │             │   │   '20261007-cloud-projection-expansion-01',            │ │
│ │             │   │   '20261007-cloud-projection-expansion-01'             │ │
│ │             │   ],                                                       │ │
│ │             │   'item': [                                                │ │
│ │             │   │   '20261007-cloud-projection-expansion-01-unequal'     │ │
│ │             │   ]                                                        │ │
│ │             }                                                            │ │
│ ╰──────────────────────────────────────────────────────────────────────────╯ │
│                                                                              │
│ /Users/arunmenon/projects/Engram/src/context_graph/domain/pack_projection.py │
│ :262 in _fan_out                                                             │
│                                                                              │
│   259 │   if not lengths:                                                    │
│   260 │   │   return [values], False                                         │
│   261 │   if len(lengths) != 1:                                              │
│ ❱ 262 │   │   raise ProjectionExpansionError("unequal_key_lengths")          │
│   263 │   count = next(iter(lengths))                                        │
│   264 │   _check_expansion_count(count)                                      │
│   265 │   rows = [                                                           │
│                                                                              │
│ ╭───────────────────────────────── locals ─────────────────────────────────╮ │
│ │ lengths = {1, 2}                                                         │ │
│ │  values = {                                                              │ │
│ │           │   'group': [                                                 │ │
│ │           │   │   '20261007-cloud-projection-expansion-01',              │ │
│ │           │   │   '20261007-cloud-projection-expansion-01'               │ │
│ │           │   ],                                                         │ │
│ │           │   'item': [                                                  │ │
│ │           │   │   '20261007-cloud-projection-expansion-01-unequal'       │ │
│ │           │   ]                                                          │ │
│ │           }                                                              │ │
│ ╰──────────────────────────────────────────────────────────────────────────╯ │
╰──────────────────────────────────────────────────────────────────────────────╯
ProjectionExpansionError: Projection expansion refused: unequal_key_lengths

2026-10-07 22:41:00 [debug    ] event_projected                edge_count=0 entry_id=2026-10-07T17:10:58.160639000Z/000001/5861b261-587b-5b3e-a93f-0b8ef75c6138 event_id=5861b261-587b-5b3e-a93f-0b8ef75c6138 session_id=5861b261-587b-5b3e-a93f-0b8ef75c6138
2026-10-07 22:41:01 [error    ] pack_projection_failed         entry_id=2026-10-07T17:10:58.160639000Z/000001/5861b261-587b-5b3e-a93f-0b8ef75c6138 event_id=5861b261-587b-5b3e-a93f-0b8ef75c6138 event_type=expansion.stubbed
╭───────────────────── Traceback (most recent call last) ──────────────────────╮
│ /Users/arunmenon/projects/Engram/src/context_graph/worker/projection.py:223  │
│ in _apply_pack_rules                                                         │
│                                                                              │
│   220 │   │   │   │   │   │   entry_id,                                      │
│   221 │   │   │   │   │   │   data,                                          │
│   222 │   │   │   │   │   │   event,                                         │
│ ❱ 223 │   │   │   │   │   │   self._pack_projector.plan(                     │
│   224 │   │   │   │   │   │   │   event, document, provenance=(provenances o │
│       {}).get(entry_id)                                                      │
│   225 │   │   │   │   │   │   )                                              │
│   226 │   │   │   │   │   │   if getattr(self._pack_projector, "requires_pro │
│       is True                                                                │
│                                                                              │
│ ╭───────────────────────────────── locals ─────────────────────────────────╮ │
│ │        data = {'event_id': '5861b261-587b-5b3e-a93f-0b8ef75c6138'}       │ │
│ │    document = {                                                          │ │
│ │               │   'agent_id': 'untrusted-display-name',                  │ │
│ │               │   'ended_at': None,                                      │ │
│ │               │   'event_id': '5861b261-587b-5b3e-a93f-0b8ef75c6138',    │ │
│ │               │   'event_type': 'expansion.stubbed',                     │ │
│ │               │   'global_position':                                     │ │
│ │               '2026-10-07T17:10:58.160639000Z/000001/5861b261-587b-5b3e… │ │
│ │               │   'importance_hint': None,                               │ │
│ │               │   'occurred_at': '2026-10-07T00:00:00Z',                 │ │
│ │               │   'parent_event_id': None,                               │ │
│ │               │   'payload': {                                           │ │
│ │               │   │   'sources': [                                       │ │
│ │               │   │   │   '20261007-cloud-projection-expansion-01-s0',   │ │
│ │               │   │   │   '20261007-cloud-projection-expansion-01-s1',   │ │
│ │               │   │   │   '20261007-cloud-projection-expansion-01-s2',   │ │
│ │               │   │   │   '20261007-cloud-projection-expansion-01-s3',   │ │
│ │               │   │   │   '20261007-cloud-projection-expansion-01-s4',   │ │
│ │               │   │   │   '20261007-cloud-projection-expansion-01-s5',   │ │
│ │               │   │   │   '20261007-cloud-projection-expansion-01-s6',   │ │
│ │               │   │   │   '20261007-cloud-projection-expansion-01-s7',   │ │
│ │               │   │   │   '20261007-cloud-projection-expansion-01-s8',   │ │
│ │               │   │   │   '20261007-cloud-projection-expansion-01-s9',   │ │
│ │               │   │   │   ... +91                                        │ │
│ │               │   │   ],                                                 │ │
│ │               │   │   'targets': [                                       │ │
│ │               │   │   │   '20261007-cloud-projection-expansion-01-t0',   │ │
│ │               │   │   │   '20261007-cloud-projection-expansion-01-t1',   │ │
│ │               │   │   │   '20261007-cloud-projection-expansion-01-t2',   │ │
│ │               │   │   │   '20261007-cloud-projection-expansion-01-t3',   │ │
│ │               │   │   │   '20261007-cloud-projection-expansion-01-t4',   │ │
│ │               │   │   │   '20261007-cloud-projection-expansion-01-t5',   │ │
│ │               │   │   │   '20261007-cloud-projection-expansion-01-t6',   │ │
│ │               │   │   │   '20261007-cloud-projection-expansion-01-t7',   │ │
│ │               │   │   │   '20261007-cloud-projection-expansion-01-t8',   │ │
│ │               │   │   │   '20261007-cloud-projection-expansion-01-t9',   │ │
│ │               │   │   │   ... +90                                        │ │
│ │               │   │   ]                                                  │ │
│ │               │   },                                                     │ │
│ │               │   'payload_ref':                                         │ │
│ │               'fixture:5861b261-587b-5b3e-a93f-0b8ef75c6138',            │ │
│ │               │   ... +7                                                 │ │
│ │               }                                                          │ │
│ │    entry_id = '2026-10-07T17:10:58.160639000Z/000001/5861b261-587b-5b3e… │ │
│ │       event = Event(                                                     │ │
│ │               │   event_id=UUID('5861b261-587b-5b3e-a93f-0b8ef75c6138'), │ │
│ │               │   event_type='expansion.stubbed',                        │ │
│ │               │   occurred_at=datetime.datetime(2026, 10, 7, 0, 0,       │ │
│ │               tzinfo=datetime.timezone.utc),                             │ │
│ │               │   session_id='5861b261-587b-5b3e-a93f-0b8ef75c6138',     │ │
│ │               │   agent_id='untrusted-display-name',                     │ │
│ │               │   trace_id='20261007-cloud-projection-expansion-01',     │ │
│ │               │                                                          │ │
│ │               payload_ref='fixture:5861b261-587b-5b3e-a93f-0b8ef75c6138… │ │
│ │               │                                                          │ │
│ │               global_position='2026-10-07T17:10:58.160639000Z/000001/58… │ │
│ │               │   tool_name=None,                                        │ │
│ │               │   parent_event_id=None,                                  │ │
│ │               │   ended_at=None,                                         │ │
│ │               │   status=None,                                           │ │
│ │               │   schema_version=1,                                      │ │
│ │               │   importance_hint=None                                   │ │
│ │               )                                                          │ │
│ │ pack_events = [                                                          │ │
│ │               │   (                                                      │ │
│ │               │   │                                                      │ │
│ │               '2026-10-07T17:10:58.160639000Z/000001/5861b261-587b-5b3e… │ │
│ │               │   │   {                                                  │ │
│ │               │   │   │   'event_id':                                    │ │
│ │               '5861b261-587b-5b3e-a93f-0b8ef75c6138'                     │ │
│ │               │   │   },                                                 │ │
│ │               │   │   Event(                                             │ │
│ │               │   │   │                                                  │ │
│ │               event_id=UUID('5861b261-587b-5b3e-a93f-0b8ef75c6138'),     │ │
│ │               │   │   │   event_type='expansion.stubbed',                │ │
│ │               │   │   │   occurred_at=datetime.datetime(2026, 10, 7, 0,  │ │
│ │               0, tzinfo=datetime.timezone.utc),                          │ │
│ │               │   │   │                                                  │ │
│ │               session_id='5861b261-587b-5b3e-a93f-0b8ef75c6138',         │ │
│ │               │   │   │   agent_id='untrusted-display-name',             │ │
│ │               │   │   │                                                  │ │
│ │               trace_id='20261007-cloud-projection-expansion-01',         │ │
│ │               │   │   │                                                  │ │
│ │               payload_ref='fixture:5861b261-587b-5b3e-a93f-0b8ef75c6138… │ │
│ │               │   │   │                                                  │ │
│ │               global_position='2026-10-07T17:10:58.160639000Z/000001/58… │ │
│ │               │   │   │   tool_name=None,                                │ │
│ │               │   │   │   parent_event_id=None,                          │ │
│ │               │   │   │   ended_at=None,                                 │ │
│ │               │   │   │   status=None,                                   │ │
│ │               │   │   │   schema_version=1,                              │ │
│ │               │   │   │   importance_hint=None                           │ │
│ │               │   │   ),                                                 │ │
│ │               │   │   {                                                  │ │
│ │               │   │   │   'agent_id': 'untrusted-display-name',          │ │
│ │               │   │   │   'ended_at': None,                              │ │
│ │               │   │   │   'event_id':                                    │ │
│ │               '5861b261-587b-5b3e-a93f-0b8ef75c6138',                    │ │
│ │               │   │   │   'event_type': 'expansion.stubbed',             │ │
│ │               │   │   │   'global_position':                             │ │
│ │               '2026-10-07T17:10:58.160639000Z/000001/5861b261-587b-5b3e… │ │
│ │               │   │   │   'importance_hint': None,                       │ │
│ │               │   │   │   'occurred_at': '2026-10-07T00:00:00Z',         │ │
│ │               │   │   │   'parent_event_id': None,                       │ │
│ │               │   │   │   'payload': {                                   │ │
│ │               │   │   │   │   'sources': [                               │ │
│ │               │   │   │   │   │                                          │ │
│ │               '20261007-cloud-projection-expansion-01-s0',               │ │
│ │               │   │   │   │   │                                          │ │
│ │               '20261007-cloud-projection-expansion-01-s1',               │ │
│ │               │   │   │   │   │                                          │ │
│ │               '20261007-cloud-projection-expansion-01-s2',               │ │
│ │               │   │   │   │   │                                          │ │
│ │               '20261007-cloud-projection-expansion-01-s3',               │ │
│ │               │   │   │   │   │                                          │ │
│ │               '20261007-cloud-projection-expansion-01-s4',               │ │
│ │               │   │   │   │   │                                          │ │
│ │               '20261007-cloud-projection-expansion-01-s5',               │ │
│ │               │   │   │   │   │                                          │ │
│ │               '20261007-cloud-projection-expansion-01-s6',               │ │
│ │               │   │   │   │   │                                          │ │
│ │               '20261007-cloud-projection-expansion-01-s7',               │ │
│ │               │   │   │   │   │                                          │ │
│ │               '20261007-cloud-projection-expansion-01-s8',               │ │
│ │               │   │   │   │   │                                          │ │
│ │               '20261007-cloud-projection-expansion-01-s9',               │ │
│ │               │   │   │   │   │   ... +91                                │ │
│ │               │   │   │   │   ],                                         │ │
│ │               │   │   │   │   'targets': [                               │ │
│ │               │   │   │   │   │                                          │ │
│ │               '20261007-cloud-projection-expansion-01-t0',               │ │
│ │               │   │   │   │   │                                          │ │
│ │               '20261007-cloud-projection-expansion-01-t1',               │ │
│ │               │   │   │   │   │                                          │ │
│ │               '20261007-cloud-projection-expansion-01-t2',               │ │
│ │               │   │   │   │   │                                          │ │
│ │               '20261007-cloud-projection-expansion-01-t3',               │ │
│ │               │   │   │   │   │                                          │ │
│ │               '20261007-cloud-projection-expansion-01-t4',               │ │
│ │               │   │   │   │   │                                          │ │
│ │               '20261007-cloud-projection-expansion-01-t5',               │ │
│ │               │   │   │   │   │                                          │ │
│ │               '20261007-cloud-projection-expansion-01-t6',               │ │
│ │               │   │   │   │   │                                          │ │
│ │               '20261007-cloud-projection-expansion-01-t7',               │ │
│ │               │   │   │   │   │                                          │ │
│ │               '20261007-cloud-projection-expansion-01-t8',               │ │
│ │               │   │   │   │   │                                          │ │
│ │               '20261007-cloud-projection-expansion-01-t9',               │ │
│ │               │   │   │   │   │   ... +90                                │ │
│ │               │   │   │   │   ]                                          │ │
│ │               │   │   │   },                                             │ │
│ │               │   │   │   'payload_ref':                                 │ │
│ │               'fixture:5861b261-587b-5b3e-a93f-0b8ef75c6138',            │ │
│ │               │   │   │   ... +7                                         │ │
│ │               │   │   }                                                  │ │
│ │               │   )                                                      │ │
│ │               ]                                                          │ │
│ │     planned = []                                                         │ │
│ │ provenances = {                                                          │ │
│ │               │                                                          │ │
│ │               '2026-10-07T17:10:58.160639000Z/000001/5861b261-587b-5b3e… │ │
│ │               VerifiedSourceProvenance(                                  │ │
│ │               │   │   event_id='5861b261-587b-5b3e-a93f-0b8ef75c6138',   │ │
│ │               │   │   acceptance=EventAcceptance(                        │ │
│ │               │   │   │   tenant_id='compat-control',                    │ │
│ │               │   │   │                                                  │ │
│ │               database_resource='projects/portiq-mvp/instances/engram-e… │ │
│ │               │   │   │   binding_id='compat-control-binding',           │ │
│ │               │   │   │   accepted_epoch=9,                              │ │
│ │               │   │   │                                                  │ │
│ │               bundle_digest='sha256:09743cb468a8de0ff6df4cd85019ccc299b… │ │
│ │               │   │   │                                                  │ │
│ │               engine_revision='tenant-control-conformance-v2-projection… │ │
│ │               │   │   │   source_id='verified-producer',                 │ │
│ │               │   │   │   envelope_version=1,                            │ │
│ │               │   │   │                                                  │ │
│ │               request_digest='sha256:json-v1:2c7dec1199c910784ac5ec5be2… │ │
│ │               │   │   )                                                  │ │
│ │               │   )                                                      │ │
│ │               }                                                          │ │
│ │        self = <context_graph.worker.projection.ProjectionConsumer object │ │
│ │               at 0x10d1793a0>                                            │ │
│ ╰──────────────────────────────────────────────────────────────────────────╯ │
│                                                                              │
│ /Users/arunmenon/projects/Engram/src/context_graph/domain/pack_projection.py │
│ :366 in plan                                                                 │
│                                                                              │
│   363 │   │   │   trust="trusted" if trusted else "untrusted",               │
│   364 │   │   )                                                              │
│   365 │   │   for _pack, rule in rules:                                      │
│ ❱ 366 │   │   │   self._plan_rule(rule, context, plan)                       │
│   367 │   │   │   plan.check_capacity()                                      │
│   368 │   │   return plan                                                    │
│   369                                                                        │
│                                                                              │
│ ╭───────────────────────────────── locals ─────────────────────────────────╮ │
│ │      _pack = 'expansion'                                                 │ │
│ │    context = _Context(                                                   │ │
│ │              │   scope=Scope(                                            │ │
│ │              │   │   payload={                                           │ │
│ │              │   │   │   'sources': [                                    │ │
│ │              │   │   │   │                                               │ │
│ │              '20261007-cloud-projection-expansion-01-s0',                │ │
│ │              │   │   │   │                                               │ │
│ │              '20261007-cloud-projection-expansion-01-s1',                │ │
│ │              │   │   │   │                                               │ │
│ │              '20261007-cloud-projection-expansion-01-s2',                │ │
│ │              │   │   │   │                                               │ │
│ │              '20261007-cloud-projection-expansion-01-s3',                │ │
│ │              │   │   │   │                                               │ │
│ │              '20261007-cloud-projection-expansion-01-s4',                │ │
│ │              │   │   │   │                                               │ │
│ │              '20261007-cloud-projection-expansion-01-s5',                │ │
│ │              │   │   │   │                                               │ │
│ │              '20261007-cloud-projection-expansion-01-s6',                │ │
│ │              │   │   │   │                                               │ │
│ │              '20261007-cloud-projection-expansion-01-s7',                │ │
│ │              │   │   │   │                                               │ │
│ │              '20261007-cloud-projection-expansion-01-s8',                │ │
│ │              │   │   │   │                                               │ │
│ │              '20261007-cloud-projection-expansion-01-s9',                │ │
│ │              │   │   │   │   ... +91                                     │ │
│ │              │   │   │   ],                                              │ │
│ │              │   │   │   'targets': [                                    │ │
│ │              │   │   │   │                                               │ │
│ │              '20261007-cloud-projection-expansion-01-t0',                │ │
│ │              │   │   │   │                                               │ │
│ │              '20261007-cloud-projection-expansion-01-t1',                │ │
│ │              │   │   │   │                                               │ │
│ │              '20261007-cloud-projection-expansion-01-t2',                │ │
│ │              │   │   │   │                                               │ │
│ │              '20261007-cloud-projection-expansion-01-t3',                │ │
│ │              │   │   │   │                                               │ │
│ │              '20261007-cloud-projection-expansion-01-t4',                │ │
│ │              │   │   │   │                                               │ │
│ │              '20261007-cloud-projection-expansion-01-t5',                │ │
│ │              │   │   │   │                                               │ │
│ │              '20261007-cloud-projection-expansion-01-t6',                │ │
│ │              │   │   │   │                                               │ │
│ │              '20261007-cloud-projection-expansion-01-t7',                │ │
│ │              │   │   │   │                                               │ │
│ │              '20261007-cloud-projection-expansion-01-t8',                │ │
│ │              │   │   │   │                                               │ │
│ │              '20261007-cloud-projection-expansion-01-t9',                │ │
│ │              │   │   │   │   ... +90                                     │ │
│ │              │   │   │   ]                                               │ │
│ │              │   │   },                                                  │ │
│ │              │   │   event={                                             │ │
│ │              │   │   │   'event_id':                                     │ │
│ │              '5861b261-587b-5b3e-a93f-0b8ef75c6138',                     │ │
│ │              │   │   │   'event_type': 'expansion.stubbed',              │ │
│ │              │   │   │   'occurred_at': '2026-10-07T00:00:00Z',          │ │
│ │              │   │   │   'session_id':                                   │ │
│ │              '5861b261-587b-5b3e-a93f-0b8ef75c6138',                     │ │
│ │              │   │   │   'agent_id': 'untrusted-display-name',           │ │
│ │              │   │   │   'trace_id':                                     │ │
│ │              '20261007-cloud-projection-expansion-01',                   │ │
│ │              │   │   │   'payload_ref':                                  │ │
│ │              'fixture:5861b261-587b-5b3e-a93f-0b8ef75c6138',             │ │
│ │              │   │   │   'global_position':                              │ │
│ │              '2026-10-07T17:10:58.160639000Z/000001/5861b261-587b-5b3e-… │ │
│ │              │   │   │   'tool_name': None,                              │ │
│ │              │   │   │   'parent_event_id': None,                        │ │
│ │              │   │   │   ... +4                                          │ │
│ │              │   │   }                                                   │ │
│ │              │   ),                                                      │ │
│ │              │   event_ref=NodeRef(                                      │ │
│ │              │   │   label='Event',                                      │ │
│ │              │   │   key='5861b261-587b-5b3e-a93f-0b8ef75c6138',         │ │
│ │              │   │   key_property='event_id'                             │ │
│ │              │   ),                                                      │ │
│ │              │   occurred_at='2026-10-07T00:00:00+00:00',                │ │
│ │              │   trust='trusted'                                         │ │
│ │              )                                                           │ │
│ │   document = {                                                           │ │
│ │              │   'agent_id': 'untrusted-display-name',                   │ │
│ │              │   'ended_at': None,                                       │ │
│ │              │   'event_id': '5861b261-587b-5b3e-a93f-0b8ef75c6138',     │ │
│ │              │   'event_type': 'expansion.stubbed',                      │ │
│ │              │   'global_position':                                      │ │
│ │              '2026-10-07T17:10:58.160639000Z/000001/5861b261-587b-5b3e-… │ │
│ │              │   'importance_hint': None,                                │ │
│ │              │   'occurred_at': '2026-10-07T00:00:00Z',                  │ │
│ │              │   'parent_event_id': None,                                │ │
│ │              │   'payload': {                                            │ │
│ │              │   │   'sources': [                                        │ │
│ │              │   │   │   '20261007-cloud-projection-expansion-01-s0',    │ │
│ │              │   │   │   '20261007-cloud-projection-expansion-01-s1',    │ │
│ │              │   │   │   '20261007-cloud-projection-expansion-01-s2',    │ │
│ │              │   │   │   '20261007-cloud-projection-expansion-01-s3',    │ │
│ │              │   │   │   '20261007-cloud-projection-expansion-01-s4',    │ │
│ │              │   │   │   '20261007-cloud-projection-expansion-01-s5',    │ │
│ │              │   │   │   '20261007-cloud-projection-expansion-01-s6',    │ │
│ │              │   │   │   '20261007-cloud-projection-expansion-01-s7',    │ │
│ │              │   │   │   '20261007-cloud-projection-expansion-01-s8',    │ │
│ │              │   │   │   '20261007-cloud-projection-expansion-01-s9',    │ │
│ │              │   │   │   ... +91                                         │ │
│ │              │   │   ],                                                  │ │
│ │              │   │   'targets': [                                        │ │
│ │              │   │   │   '20261007-cloud-projection-expansion-01-t0',    │ │
│ │              │   │   │   '20261007-cloud-projection-expansion-01-t1',    │ │
│ │              │   │   │   '20261007-cloud-projection-expansion-01-t2',    │ │
│ │              │   │   │   '20261007-cloud-projection-expansion-01-t3',    │ │
│ │              │   │   │   '20261007-cloud-projection-expansion-01-t4',    │ │
│ │              │   │   │   '20261007-cloud-projection-expansion-01-t5',    │ │
│ │              │   │   │   '20261007-cloud-projection-expansion-01-t6',    │ │
│ │              │   │   │   '20261007-cloud-projection-expansion-01-t7',    │ │
│ │              │   │   │   '20261007-cloud-projection-expansion-01-t8',    │ │
│ │              │   │   │   '20261007-cloud-projection-expansion-01-t9',    │ │
│ │              │   │   │   ... +90                                         │ │
│ │              │   │   ]                                                   │ │
│ │              │   },                                                      │ │
│ │              │   'payload_ref':                                          │ │
│ │              'fixture:5861b261-587b-5b3e-a93f-0b8ef75c6138',             │ │
│ │              │   ... +7                                                  │ │
│ │              }                                                           │ │
│ │   envelope = {                                                           │ │
│ │              │   'event_id': '5861b261-587b-5b3e-a93f-0b8ef75c6138',     │ │
│ │              │   'event_type': 'expansion.stubbed',                      │ │
│ │              │   'occurred_at': '2026-10-07T00:00:00Z',                  │ │
│ │              │   'session_id': '5861b261-587b-5b3e-a93f-0b8ef75c6138',   │ │
│ │              │   'agent_id': 'untrusted-display-name',                   │ │
│ │              │   'trace_id': '20261007-cloud-projection-expansion-01',   │ │
│ │              │   'payload_ref':                                          │ │
│ │              'fixture:5861b261-587b-5b3e-a93f-0b8ef75c6138',             │ │
│ │              │   'global_position':                                      │ │
│ │              '2026-10-07T17:10:58.160639000Z/000001/5861b261-587b-5b3e-… │ │
│ │              │   'tool_name': None,                                      │ │
│ │              │   'parent_event_id': None,                                │ │
│ │              │   ... +4                                                  │ │
│ │              }                                                           │ │
│ │      event = Event(                                                      │ │
│ │              │   event_id=UUID('5861b261-587b-5b3e-a93f-0b8ef75c6138'),  │ │
│ │              │   event_type='expansion.stubbed',                         │ │
│ │              │   occurred_at=datetime.datetime(2026, 10, 7, 0, 0,        │ │
│ │              tzinfo=datetime.timezone.utc),                              │ │
│ │              │   session_id='5861b261-587b-5b3e-a93f-0b8ef75c6138',      │ │
│ │              │   agent_id='untrusted-display-name',                      │ │
│ │              │   trace_id='20261007-cloud-projection-expansion-01',      │ │
│ │              │                                                           │ │
│ │              payload_ref='fixture:5861b261-587b-5b3e-a93f-0b8ef75c6138', │ │
│ │              │                                                           │ │
│ │              global_position='2026-10-07T17:10:58.160639000Z/000001/586… │ │
│ │              │   tool_name=None,                                         │ │
│ │              │   parent_event_id=None,                                   │ │
│ │              │   ended_at=None,                                          │ │
│ │              │   status=None,                                            │ │
│ │              │   schema_version=1,                                       │ │
│ │              │   importance_hint=None                                    │ │
│ │              )                                                           │ │
│ │    payload = {                                                           │ │
│ │              │   'sources': [                                            │ │
│ │              │   │   '20261007-cloud-projection-expansion-01-s0',        │ │
│ │              │   │   '20261007-cloud-projection-expansion-01-s1',        │ │
│ │              │   │   '20261007-cloud-projection-expansion-01-s2',        │ │
│ │              │   │   '20261007-cloud-projection-expansion-01-s3',        │ │
│ │              │   │   '20261007-cloud-projection-expansion-01-s4',        │ │
│ │              │   │   '20261007-cloud-projection-expansion-01-s5',        │ │
│ │              │   │   '20261007-cloud-projection-expansion-01-s6',        │ │
│ │              │   │   '20261007-cloud-projection-expansion-01-s7',        │ │
│ │              │   │   '20261007-cloud-projection-expansion-01-s8',        │ │
│ │              │   │   '20261007-cloud-projection-expansion-01-s9',        │ │
│ │              │   │   ... +91                                             │ │
│ │              │   ],                                                      │ │
│ │              │   'targets': [                                            │ │
│ │              │   │   '20261007-cloud-projection-expansion-01-t0',        │ │
│ │              │   │   '20261007-cloud-projection-expansion-01-t1',        │ │
│ │              │   │   '20261007-cloud-projection-expansion-01-t2',        │ │
│ │              │   │   '20261007-cloud-projection-expansion-01-t3',        │ │
│ │              │   │   '20261007-cloud-projection-expansion-01-t4',        │ │
│ │              │   │   '20261007-cloud-projection-expansion-01-t5',        │ │
│ │              │   │   '20261007-cloud-projection-expansion-01-t6',        │ │
│ │              │   │   '20261007-cloud-projection-expansion-01-t7',        │ │
│ │              │   │   '20261007-cloud-projection-expansion-01-t8',        │ │
│ │              │   │   '20261007-cloud-projection-expansion-01-t9',        │ │
│ │              │   │   ... +90                                             │ │
│ │              │   ]                                                       │ │
│ │              }                                                           │ │
│ │       plan = ProjectionPlan(                                             │ │
│ │              │   nodes=[                                                 │ │
│ │              │   │   NodeWrite(                                          │ │
│ │              │   │   │   ref=NodeRef(                                    │ │
│ │              │   │   │   │   label='ExpansionRecord',                    │ │
│ │              │   │   │   │                                               │ │
│ │              key='ExpansionRecord:left|20261007-cloud-projection-expans… │ │
│ │              │   │   │   │   key_property='node_id'                      │ │
│ │              │   │   │   ),                                              │ │
│ │              │   │   │   properties={                                    │ │
│ │              │   │   │   │   'group': 'left',                            │ │
│ │              │   │   │   │   'item':                                     │ │
│ │              '20261007-cloud-projection-expansion-01-s0',                │ │
│ │              │   │   │   │   'node_type': 'ExpansionRecord',             │ │
│ │              │   │   │   │   'ontology_version':                         │ │
│ │              'sha256:5f186f22f85d321c'                                   │ │
│ │              │   │   │   },                                              │ │
│ │              │   │   │   defaults={                                      │ │
│ │              │   │   │   │   'status': 'new',                            │ │
│ │              │   │   │   │   'status_changed_at':                        │ │
│ │              '2026-10-07T00:00:00+00:00'                                 │ │
│ │              │   │   │   }                                               │ │
│ │              │   │   ),                                                  │ │
│ │              │   │   NodeWrite(                                          │ │
│ │              │   │   │   ref=NodeRef(                                    │ │
│ │              │   │   │   │   label='ExpansionRecord',                    │ │
│ │              │   │   │   │                                               │ │
│ │              key='ExpansionRecord:left|20261007-cloud-projection-expans… │ │
│ │              │   │   │   │   key_property='node_id'                      │ │
│ │              │   │   │   ),                                              │ │
│ │              │   │   │   properties={                                    │ │
│ │              │   │   │   │   'group': 'left',                            │ │
│ │              │   │   │   │   'item':                                     │ │
│ │              '20261007-cloud-projection-expansion-01-s1',                │ │
│ │              │   │   │   │   'node_type': 'ExpansionRecord',             │ │
│ │              │   │   │   │   'ontology_version':                         │ │
│ │              'sha256:5f186f22f85d321c'                                   │ │
│ │              │   │   │   },                                              │ │
│ │              │   │   │   defaults={                                      │ │
│ │              │   │   │   │   'status': 'new',                            │ │
│ │              │   │   │   │   'status_changed_at':                        │ │
│ │              '2026-10-07T00:00:00+00:00'                                 │ │
│ │              │   │   │   }                                               │ │
│ │              │   │   ),                                                  │ │
│ │              │   │   NodeWrite(                                          │ │
│ │              │   │   │   ref=NodeRef(                                    │ │
│ │              │   │   │   │   label='ExpansionRecord',                    │ │
│ │              │   │   │   │                                               │ │
│ │              key='ExpansionRecord:left|20261007-cloud-projection-expans… │ │
│ │              │   │   │   │   key_property='node_id'                      │ │
│ │              │   │   │   ),                                              │ │
│ │              │   │   │   properties={                                    │ │
│ │              │   │   │   │   'group': 'left',                            │ │
│ │              │   │   │   │   'item':                                     │ │
│ │              '20261007-cloud-projection-expansion-01-s2',                │ │
│ │              │   │   │   │   'node_type': 'ExpansionRecord',             │ │
│ │              │   │   │   │   'ontology_version':                         │ │
│ │              'sha256:5f186f22f85d321c'                                   │ │
│ │              │   │   │   },                                              │ │
│ │              │   │   │   defaults={                                      │ │
│ │              │   │   │   │   'status': 'new',                            │ │
│ │              │   │   │   │   'status_changed_at':                        │ │
│ │              '2026-10-07T00:00:00+00:00'                                 │ │
│ │              │   │   │   }                                               │ │
│ │              │   │   ),                                                  │ │
│ │              │   │   NodeWrite(                                          │ │
│ │              │   │   │   ref=NodeRef(                                    │ │
│ │              │   │   │   │   label='ExpansionRecord',                    │ │
│ │              │   │   │   │                                               │ │
│ │              key='ExpansionRecord:left|20261007-cloud-projection-expans… │ │
│ │              │   │   │   │   key_property='node_id'                      │ │
│ │              │   │   │   ),                                              │ │
│ │              │   │   │   properties={                                    │ │
│ │              │   │   │   │   'group': 'left',                            │ │
│ │              │   │   │   │   'item':                                     │ │
│ │              '20261007-cloud-projection-expansion-01-s3',                │ │
│ │              │   │   │   │   'node_type': 'ExpansionRecord',             │ │
│ │              │   │   │   │   'ontology_version':                         │ │
│ │              'sha256:5f186f22f85d321c'                                   │ │
│ │              │   │   │   },                                              │ │
│ │              │   │   │   defaults={                                      │ │
│ │              │   │   │   │   'status': 'new',                            │ │
│ │              │   │   │   │   'status_changed_at':                        │ │
│ │              '2026-10-07T00:00:00+00:00'                                 │ │
│ │              │   │   │   }                                               │ │
│ │              │   │   ),                                                  │ │
│ │              │   │   NodeWrite(                                          │ │
│ │              │   │   │   ref=NodeRef(                                    │ │
│ │              │   │   │   │   label='ExpansionRecord',                    │ │
│ │              │   │   │   │                                               │ │
│ │              key='ExpansionRecord:left|20261007-cloud-projection-expans… │ │
│ │              │   │   │   │   key_property='node_id'                      │ │
│ │              │   │   │   ),                                              │ │
│ │              │   │   │   properties={                                    │ │
│ │              │   │   │   │   'group': 'left',                            │ │
│ │              │   │   │   │   'item':                                     │ │
│ │              '20261007-cloud-projection-expansion-01-s4',                │ │
│ │              │   │   │   │   'node_type': 'ExpansionRecord',             │ │
│ │              │   │   │   │   'ontology_version':                         │ │
│ │              'sha256:5f186f22f85d321c'                                   │ │
│ │              │   │   │   },                                              │ │
│ │              │   │   │   defaults={                                      │ │
│ │              │   │   │   │   'status': 'new',                            │ │
│ │              │   │   │   │   'status_changed_at':                        │ │
│ │              '2026-10-07T00:00:00+00:00'                                 │ │
│ │              │   │   │   }                                               │ │
│ │              │   │   ),                                                  │ │
│ │              │   │   NodeWrite(                                          │ │
│ │              │   │   │   ref=NodeRef(                                    │ │
│ │              │   │   │   │   label='ExpansionRecord',                    │ │
│ │              │   │   │   │                                               │ │
│ │              key='ExpansionRecord:left|20261007-cloud-projection-expans… │ │
│ │              │   │   │   │   key_property='node_id'                      │ │
│ │              │   │   │   ),                                              │ │
│ │              │   │   │   properties={                                    │ │
│ │              │   │   │   │   'group': 'left',                            │ │
│ │              │   │   │   │   'item':                                     │ │
│ │              '20261007-cloud-projection-expansion-01-s5',                │ │
│ │              │   │   │   │   'node_type': 'ExpansionRecord',             │ │
│ │              │   │   │   │   'ontology_version':                         │ │
│ │              'sha256:5f186f22f85d321c'                                   │ │
│ │              │   │   │   },                                              │ │
│ │              │   │   │   defaults={                                      │ │
│ │              │   │   │   │   'status': 'new',                            │ │
│ │              │   │   │   │   'status_changed_at':                        │ │
│ │              '2026-10-07T00:00:00+00:00'                                 │ │
│ │              │   │   │   }                                               │ │
│ │              │   │   ),                                                  │ │
│ │              │   │   NodeWrite(                                          │ │
│ │              │   │   │   ref=NodeRef(                                    │ │
│ │              │   │   │   │   label='ExpansionRecord',                    │ │
│ │              │   │   │   │                                               │ │
│ │              key='ExpansionRecord:left|20261007-cloud-projection-expans… │ │
│ │              │   │   │   │   key_property='node_id'                      │ │
│ │              │   │   │   ),                                              │ │
│ │              │   │   │   properties={                                    │ │
│ │              │   │   │   │   'group': 'left',                            │ │
│ │              │   │   │   │   'item':                                     │ │
│ │              '20261007-cloud-projection-expansion-01-s6',                │ │
│ │              │   │   │   │   'node_type': 'ExpansionRecord',             │ │
│ │              │   │   │   │   'ontology_version':                         │ │
│ │              'sha256:5f186f22f85d321c'                                   │ │
│ │              │   │   │   },                                              │ │
│ │              │   │   │   defaults={                                      │ │
│ │              │   │   │   │   'status': 'new',                            │ │
│ │              │   │   │   │   'status_changed_at':                        │ │
│ │              '2026-10-07T00:00:00+00:00'                                 │ │
│ │              │   │   │   }                                               │ │
│ │              │   │   ),                                                  │ │
│ │              │   │   NodeWrite(                                          │ │
│ │              │   │   │   ref=NodeRef(                                    │ │
│ │              │   │   │   │   label='ExpansionRecord',                    │ │
│ │              │   │   │   │                                               │ │
│ │              key='ExpansionRecord:left|20261007-cloud-projection-expans… │ │
│ │              │   │   │   │   key_property='node_id'                      │ │
│ │              │   │   │   ),                                              │ │
│ │              │   │   │   properties={                                    │ │
│ │              │   │   │   │   'group': 'left',                            │ │
│ │              │   │   │   │   'item':                                     │ │
│ │              '20261007-cloud-projection-expansion-01-s7',                │ │
│ │              │   │   │   │   'node_type': 'ExpansionRecord',             │ │
│ │              │   │   │   │   'ontology_version':                         │ │
│ │              'sha256:5f186f22f85d321c'                                   │ │
│ │              │   │   │   },                                              │ │
│ │              │   │   │   defaults={                                      │ │
│ │              │   │   │   │   'status': 'new',                            │ │
│ │              │   │   │   │   'status_changed_at':                        │ │
│ │              '2026-10-07T00:00:00+00:00'                                 │ │
│ │              │   │   │   }                                               │ │
│ │              │   │   ),                                                  │ │
│ │              │   │   NodeWrite(                                          │ │
│ │              │   │   │   ref=NodeRef(                                    │ │
│ │              │   │   │   │   label='ExpansionRecord',                    │ │
│ │              │   │   │   │                                               │ │
│ │              key='ExpansionRecord:left|20261007-cloud-projection-expans… │ │
│ │              │   │   │   │   key_property='node_id'                      │ │
│ │              │   │   │   ),                                              │ │
│ │              │   │   │   properties={                                    │ │
│ │              │   │   │   │   'group': 'left',                            │ │
│ │              │   │   │   │   'item':                                     │ │
│ │              '20261007-cloud-projection-expansion-01-s8',                │ │
│ │              │   │   │   │   'node_type': 'ExpansionRecord',             │ │
│ │              │   │   │   │   'ontology_version':                         │ │
│ │              'sha256:5f186f22f85d321c'                                   │ │
│ │              │   │   │   },                                              │ │
│ │              │   │   │   defaults={                                      │ │
│ │              │   │   │   │   'status': 'new',                            │ │
│ │              │   │   │   │   'status_changed_at':                        │ │
│ │              '2026-10-07T00:00:00+00:00'                                 │ │
│ │              │   │   │   }                                               │ │
│ │              │   │   ),                                                  │ │
│ │              │   │   NodeWrite(                                          │ │
│ │              │   │   │   ref=NodeRef(                                    │ │
│ │              │   │   │   │   label='ExpansionRecord',                    │ │
│ │              │   │   │   │                                               │ │
│ │              key='ExpansionRecord:left|20261007-cloud-projection-expans… │ │
│ │              │   │   │   │   key_property='node_id'                      │ │
│ │              │   │   │   ),                                              │ │
│ │              │   │   │   properties={                                    │ │
│ │              │   │   │   │   'group': 'left',                            │ │
│ │              │   │   │   │   'item':                                     │ │
│ │              '20261007-cloud-projection-expansion-01-s9',                │ │
│ │              │   │   │   │   'node_type': 'ExpansionRecord',             │ │
│ │              │   │   │   │   'ontology_version':                         │ │
│ │              'sha256:5f186f22f85d321c'                                   │ │
│ │              │   │   │   },                                              │ │
│ │              │   │   │   defaults={                                      │ │
│ │              │   │   │   │   'status': 'new',                            │ │
│ │              │   │   │   │   'status_changed_at':                        │ │
│ │              '2026-10-07T00:00:00+00:00'                                 │ │
│ │              │   │   │   }                                               │ │
│ │              │   │   ),                                                  │ │
│ │              │   │   ... +191                                            │ │
│ │              │   ],                                                      │ │
│ │              │   states=[],                                              │ │
│ │              │   edges=[],                                               │ │
│ │              │   lookups=[],                                             │ │
│ │              │   rejected=[]                                             │ │
│ │              )                                                           │ │
│ │ provenance = VerifiedSourceProvenance(                                   │ │
│ │              │   event_id='5861b261-587b-5b3e-a93f-0b8ef75c6138',        │ │
│ │              │   acceptance=EventAcceptance(                             │ │
│ │              │   │   tenant_id='compat-control',                         │ │
│ │              │   │                                                       │ │
│ │              database_resource='projects/portiq-mvp/instances/engram-ex… │ │
│ │              │   │   binding_id='compat-control-binding',                │ │
│ │              │   │   accepted_epoch=9,                                   │ │
│ │              │   │                                                       │ │
│ │              bundle_digest='sha256:09743cb468a8de0ff6df4cd85019ccc299bc… │ │
│ │              │   │                                                       │ │
│ │              engine_revision='tenant-control-conformance-v2-projection-… │ │
│ │              │   │   source_id='verified-producer',                      │ │
│ │              │   │   envelope_version=1,                                 │ │
│ │              │   │                                                       │ │
│ │              request_digest='sha256:json-v1:2c7dec1199c910784ac5ec5be2a… │ │
│ │              │   )                                                       │ │
│ │              )                                                           │ │
│ │       rule = ProjectionRule(                                             │ │
│ │              │   event='expansion.stubbed',                              │ │
│ │              │   upsert=[],                                              │ │
│ │              │   transition=None,                                        │ │
│ │              │   edges=[                                                 │ │
│ │              │   │   EdgeRuleDef(                                        │ │
│ │              │   │   │   type='EXPANSION_LINK',                          │ │
│ │              │   │   │   from_=NodeRef(                                  │ │
│ │              │   │   │   │   type='ExpansionRecord',                     │ │
│ │              │   │   │   │   key={                                       │ │
│ │              │   │   │   │   │   'group': 'left',                        │ │
│ │              │   │   │   │   │   'item': '$.sources[*]'                  │ │
│ │              │   │   │   │   },                                          │ │
│ │              │   │   │   │   node_id=None,                               │ │
│ │              │   │   │   │   match=None,                                 │ │
│ │              │   │   │   │   match_any_prefix=None                       │ │
│ │              │   │   │   ),                                              │ │
│ │              │   │   │   to=NodeRef(                                     │ │
│ │              │   │   │   │   type='ExpansionRecord',                     │ │
│ │              │   │   │   │   key={                                       │ │
│ │              │   │   │   │   │   'group': 'right',                       │ │
│ │              │   │   │   │   │   'item': '$.targets[*]'                  │ │
│ │              │   │   │   │   },                                          │ │
│ │              │   │   │   │   node_id=None,                               │ │
│ │              │   │   │   │   match=None,                                 │ │
│ │              │   │   │   │   match_any_prefix=None                       │ │
│ │              │   │   │   ),                                              │ │
│ │              │   │   │   to_each=None,                                   │ │
│ │              │   │   │   to_latest=None,                                 │ │
│ │              │   │   │   set={},                                         │ │
│ │              │   │   │   when=None                                       │ │
│ │              │   │   )                                                   │ │
│ │              │   ]                                                       │ │
│ │              )                                                           │ │
│ │      rules = [                                                           │ │
│ │              │   (                                                       │ │
│ │              │   │   'expansion',                                        │ │
│ │              │   │   ProjectionRule(                                     │ │
│ │              │   │   │   event='expansion.stubbed',                      │ │
│ │              │   │   │   upsert=[],                                      │ │
│ │              │   │   │   transition=None,                                │ │
│ │              │   │   │   edges=[                                         │ │
│ │              │   │   │   │   EdgeRuleDef(                                │ │
│ │              │   │   │   │   │   type='EXPANSION_LINK',                  │ │
│ │              │   │   │   │   │   from_=NodeRef(                          │ │
│ │              │   │   │   │   │   │   type='ExpansionRecord',             │ │
│ │              │   │   │   │   │   │   key={                               │ │
│ │              │   │   │   │   │   │   │   'group': 'left',                │ │
│ │              │   │   │   │   │   │   │   'item': '$.sources[*]'          │ │
│ │              │   │   │   │   │   │   },                                  │ │
│ │              │   │   │   │   │   │   node_id=None,                       │ │
│ │              │   │   │   │   │   │   match=None,                         │ │
│ │              │   │   │   │   │   │   match_any_prefix=None               │ │
│ │              │   │   │   │   │   ),                                      │ │
│ │              │   │   │   │   │   to=NodeRef(                             │ │
│ │              │   │   │   │   │   │   type='ExpansionRecord',             │ │
│ │              │   │   │   │   │   │   key={                               │ │
│ │              │   │   │   │   │   │   │   'group': 'right',               │ │
│ │              │   │   │   │   │   │   │   'item': '$.targets[*]'          │ │
│ │              │   │   │   │   │   │   },                                  │ │
│ │              │   │   │   │   │   │   node_id=None,                       │ │
│ │              │   │   │   │   │   │   match=None,                         │ │
│ │              │   │   │   │   │   │   match_any_prefix=None               │ │
│ │              │   │   │   │   │   ),                                      │ │
│ │              │   │   │   │   │   to_each=None,                           │ │
│ │              │   │   │   │   │   to_latest=None,                         │ │
│ │              │   │   │   │   │   set={},                                 │ │
│ │              │   │   │   │   │   when=None                               │ │
│ │              │   │   │   │   )                                           │ │
│ │              │   │   │   ]                                               │ │
│ │              │   │   )                                                   │ │
│ │              │   )                                                       │ │
│ │              ]                                                           │ │
│ │       self = <context_graph.domain.pack_projection.PackProjector object  │ │
│ │              at 0x10d17bd10>                                             │ │
│ │    trusted = True                                                        │ │
│ ╰──────────────────────────────────────────────────────────────────────────╯ │
│                                                                              │
│ /Users/arunmenon/projects/Engram/src/context_graph/domain/pack_projection.py │
│ :456 in _plan_rule                                                           │
│                                                                              │
│   453 │   │   if rule.transition is not None:                                │
│   454 │   │   │   self._plan_transition(rule, context, plan)                 │
│   455 │   │   for edge_rule in rule.edges:                                   │
│ ❱ 456 │   │   │   self._plan_edge(edge_rule, context, plan)                  │
│   457 │                                                                      │
│   458 │   def _plan_transition(                                              │
│   459 │   │   self, rule: ProjectionRule, context: _Context, plan: Projectio │
│                                                                              │
│ ╭───────────────────────────────── locals ─────────────────────────────────╮ │
│ │   context = _Context(                                                    │ │
│ │             │   scope=Scope(                                             │ │
│ │             │   │   payload={                                            │ │
│ │             │   │   │   'sources': [                                     │ │
│ │             │   │   │   │   '20261007-cloud-projection-expansion-01-s0', │ │
│ │             │   │   │   │   '20261007-cloud-projection-expansion-01-s1', │ │
│ │             │   │   │   │   '20261007-cloud-projection-expansion-01-s2', │ │
│ │             │   │   │   │   '20261007-cloud-projection-expansion-01-s3', │ │
│ │             │   │   │   │   '20261007-cloud-projection-expansion-01-s4', │ │
│ │             │   │   │   │   '20261007-cloud-projection-expansion-01-s5', │ │
│ │             │   │   │   │   '20261007-cloud-projection-expansion-01-s6', │ │
│ │             │   │   │   │   '20261007-cloud-projection-expansion-01-s7', │ │
│ │             │   │   │   │   '20261007-cloud-projection-expansion-01-s8', │ │
│ │             │   │   │   │   '20261007-cloud-projection-expansion-01-s9', │ │
│ │             │   │   │   │   ... +91                                      │ │
│ │             │   │   │   ],                                               │ │
│ │             │   │   │   'targets': [                                     │ │
│ │             │   │   │   │   '20261007-cloud-projection-expansion-01-t0', │ │
│ │             │   │   │   │   '20261007-cloud-projection-expansion-01-t1', │ │
│ │             │   │   │   │   '20261007-cloud-projection-expansion-01-t2', │ │
│ │             │   │   │   │   '20261007-cloud-projection-expansion-01-t3', │ │
│ │             │   │   │   │   '20261007-cloud-projection-expansion-01-t4', │ │
│ │             │   │   │   │   '20261007-cloud-projection-expansion-01-t5', │ │
│ │             │   │   │   │   '20261007-cloud-projection-expansion-01-t6', │ │
│ │             │   │   │   │   '20261007-cloud-projection-expansion-01-t7', │ │
│ │             │   │   │   │   '20261007-cloud-projection-expansion-01-t8', │ │
│ │             │   │   │   │   '20261007-cloud-projection-expansion-01-t9', │ │
│ │             │   │   │   │   ... +90                                      │ │
│ │             │   │   │   ]                                                │ │
│ │             │   │   },                                                   │ │
│ │             │   │   event={                                              │ │
│ │             │   │   │   'event_id':                                      │ │
│ │             '5861b261-587b-5b3e-a93f-0b8ef75c6138',                      │ │
│ │             │   │   │   'event_type': 'expansion.stubbed',               │ │
│ │             │   │   │   'occurred_at': '2026-10-07T00:00:00Z',           │ │
│ │             │   │   │   'session_id':                                    │ │
│ │             '5861b261-587b-5b3e-a93f-0b8ef75c6138',                      │ │
│ │             │   │   │   'agent_id': 'untrusted-display-name',            │ │
│ │             │   │   │   'trace_id':                                      │ │
│ │             '20261007-cloud-projection-expansion-01',                    │ │
│ │             │   │   │   'payload_ref':                                   │ │
│ │             'fixture:5861b261-587b-5b3e-a93f-0b8ef75c6138',              │ │
│ │             │   │   │   'global_position':                               │ │
│ │             '2026-10-07T17:10:58.160639000Z/000001/5861b261-587b-5b3e-a… │ │
│ │             │   │   │   'tool_name': None,                               │ │
│ │             │   │   │   'parent_event_id': None,                         │ │
│ │             │   │   │   ... +4                                           │ │
│ │             │   │   }                                                    │ │
│ │             │   ),                                                       │ │
│ │             │   event_ref=NodeRef(                                       │ │
│ │             │   │   label='Event',                                       │ │
│ │             │   │   key='5861b261-587b-5b3e-a93f-0b8ef75c6138',          │ │
│ │             │   │   key_property='event_id'                              │ │
│ │             │   ),                                                       │ │
│ │             │   occurred_at='2026-10-07T00:00:00+00:00',                 │ │
│ │             │   trust='trusted'                                          │ │
│ │             )                                                            │ │
│ │ edge_rule = EdgeRuleDef(                                                 │ │
│ │             │   type='EXPANSION_LINK',                                   │ │
│ │             │   from_=NodeRef(                                           │ │
│ │             │   │   type='ExpansionRecord',                              │ │
│ │             │   │   key={'group': 'left', 'item': '$.sources[*]'},       │ │
│ │             │   │   node_id=None,                                        │ │
│ │             │   │   match=None,                                          │ │
│ │             │   │   match_any_prefix=None                                │ │
│ │             │   ),                                                       │ │
│ │             │   to=NodeRef(                                              │ │
│ │             │   │   type='ExpansionRecord',                              │ │
│ │             │   │   key={'group': 'right', 'item': '$.targets[*]'},      │ │
│ │             │   │   node_id=None,                                        │ │
│ │             │   │   match=None,                                          │ │
│ │             │   │   match_any_prefix=None                                │ │
│ │             │   ),                                                       │ │
│ │             │   to_each=None,                                            │ │
│ │             │   to_latest=None,                                          │ │
│ │             │   set={},                                                  │ │
│ │             │   when=None                                                │ │
│ │             )                                                            │ │
│ │      plan = ProjectionPlan(                                              │ │
│ │             │   nodes=[                                                  │ │
│ │             │   │   NodeWrite(                                           │ │
│ │             │   │   │   ref=NodeRef(                                     │ │
│ │             │   │   │   │   label='ExpansionRecord',                     │ │
│ │             │   │   │   │                                                │ │
│ │             key='ExpansionRecord:left|20261007-cloud-projection-expansi… │ │
│ │             │   │   │   │   key_property='node_id'                       │ │
│ │             │   │   │   ),                                               │ │
│ │             │   │   │   properties={                                     │ │
│ │             │   │   │   │   'group': 'left',                             │ │
│ │             │   │   │   │   'item':                                      │ │
│ │             '20261007-cloud-projection-expansion-01-s0',                 │ │
│ │             │   │   │   │   'node_type': 'ExpansionRecord',              │ │
│ │             │   │   │   │   'ontology_version':                          │ │
│ │             'sha256:5f186f22f85d321c'                                    │ │
│ │             │   │   │   },                                               │ │
│ │             │   │   │   defaults={                                       │ │
│ │             │   │   │   │   'status': 'new',                             │ │
│ │             │   │   │   │   'status_changed_at':                         │ │
│ │             '2026-10-07T00:00:00+00:00'                                  │ │
│ │             │   │   │   }                                                │ │
│ │             │   │   ),                                                   │ │
│ │             │   │   NodeWrite(                                           │ │
│ │             │   │   │   ref=NodeRef(                                     │ │
│ │             │   │   │   │   label='ExpansionRecord',                     │ │
│ │             │   │   │   │                                                │ │
│ │             key='ExpansionRecord:left|20261007-cloud-projection-expansi… │ │
│ │             │   │   │   │   key_property='node_id'                       │ │
│ │             │   │   │   ),                                               │ │
│ │             │   │   │   properties={                                     │ │
│ │             │   │   │   │   'group': 'left',                             │ │
│ │             │   │   │   │   'item':                                      │ │
│ │             '20261007-cloud-projection-expansion-01-s1',                 │ │
│ │             │   │   │   │   'node_type': 'ExpansionRecord',              │ │
│ │             │   │   │   │   'ontology_version':                          │ │
│ │             'sha256:5f186f22f85d321c'                                    │ │
│ │             │   │   │   },                                               │ │
│ │             │   │   │   defaults={                                       │ │
│ │             │   │   │   │   'status': 'new',                             │ │
│ │             │   │   │   │   'status_changed_at':                         │ │
│ │             '2026-10-07T00:00:00+00:00'                                  │ │
│ │             │   │   │   }                                                │ │
│ │             │   │   ),                                                   │ │
│ │             │   │   NodeWrite(                                           │ │
│ │             │   │   │   ref=NodeRef(                                     │ │
│ │             │   │   │   │   label='ExpansionRecord',                     │ │
│ │             │   │   │   │                                                │ │
│ │             key='ExpansionRecord:left|20261007-cloud-projection-expansi… │ │
│ │             │   │   │   │   key_property='node_id'                       │ │
│ │             │   │   │   ),                                               │ │
│ │             │   │   │   properties={                                     │ │
│ │             │   │   │   │   'group': 'left',                             │ │
│ │             │   │   │   │   'item':                                      │ │
│ │             '20261007-cloud-projection-expansion-01-s2',                 │ │
│ │             │   │   │   │   'node_type': 'ExpansionRecord',              │ │
│ │             │   │   │   │   'ontology_version':                          │ │
│ │             'sha256:5f186f22f85d321c'                                    │ │
│ │             │   │   │   },                                               │ │
│ │             │   │   │   defaults={                                       │ │
│ │             │   │   │   │   'status': 'new',                             │ │
│ │             │   │   │   │   'status_changed_at':                         │ │
│ │             '2026-10-07T00:00:00+00:00'                                  │ │
│ │             │   │   │   }                                                │ │
│ │             │   │   ),                                                   │ │
│ │             │   │   NodeWrite(                                           │ │
│ │             │   │   │   ref=NodeRef(                                     │ │
│ │             │   │   │   │   label='ExpansionRecord',                     │ │
│ │             │   │   │   │                                                │ │
│ │             key='ExpansionRecord:left|20261007-cloud-projection-expansi… │ │
│ │             │   │   │   │   key_property='node_id'                       │ │
│ │             │   │   │   ),                                               │ │
│ │             │   │   │   properties={                                     │ │
│ │             │   │   │   │   'group': 'left',                             │ │
│ │             │   │   │   │   'item':                                      │ │
│ │             '20261007-cloud-projection-expansion-01-s3',                 │ │
│ │             │   │   │   │   'node_type': 'ExpansionRecord',              │ │
│ │             │   │   │   │   'ontology_version':                          │ │
│ │             'sha256:5f186f22f85d321c'                                    │ │
│ │             │   │   │   },                                               │ │
│ │             │   │   │   defaults={                                       │ │
│ │             │   │   │   │   'status': 'new',                             │ │
│ │             │   │   │   │   'status_changed_at':                         │ │
│ │             '2026-10-07T00:00:00+00:00'                                  │ │
│ │             │   │   │   }                                                │ │
│ │             │   │   ),                                                   │ │
│ │             │   │   NodeWrite(                                           │ │
│ │             │   │   │   ref=NodeRef(                                     │ │
│ │             │   │   │   │   label='ExpansionRecord',                     │ │
│ │             │   │   │   │                                                │ │
│ │             key='ExpansionRecord:left|20261007-cloud-projection-expansi… │ │
│ │             │   │   │   │   key_property='node_id'                       │ │
│ │             │   │   │   ),                                               │ │
│ │             │   │   │   properties={                                     │ │
│ │             │   │   │   │   'group': 'left',                             │ │
│ │             │   │   │   │   'item':                                      │ │
│ │             '20261007-cloud-projection-expansion-01-s4',                 │ │
│ │             │   │   │   │   'node_type': 'ExpansionRecord',              │ │
│ │             │   │   │   │   'ontology_version':                          │ │
│ │             'sha256:5f186f22f85d321c'                                    │ │
│ │             │   │   │   },                                               │ │
│ │             │   │   │   defaults={                                       │ │
│ │             │   │   │   │   'status': 'new',                             │ │
│ │             │   │   │   │   'status_changed_at':                         │ │
│ │             '2026-10-07T00:00:00+00:00'                                  │ │
│ │             │   │   │   }                                                │ │
│ │             │   │   ),                                                   │ │
│ │             │   │   NodeWrite(                                           │ │
│ │             │   │   │   ref=NodeRef(                                     │ │
│ │             │   │   │   │   label='ExpansionRecord',                     │ │
│ │             │   │   │   │                                                │ │
│ │             key='ExpansionRecord:left|20261007-cloud-projection-expansi… │ │
│ │             │   │   │   │   key_property='node_id'                       │ │
│ │             │   │   │   ),                                               │ │
│ │             │   │   │   properties={                                     │ │
│ │             │   │   │   │   'group': 'left',                             │ │
│ │             │   │   │   │   'item':                                      │ │
│ │             '20261007-cloud-projection-expansion-01-s5',                 │ │
│ │             │   │   │   │   'node_type': 'ExpansionRecord',              │ │
│ │             │   │   │   │   'ontology_version':                          │ │
│ │             'sha256:5f186f22f85d321c'                                    │ │
│ │             │   │   │   },                                               │ │
│ │             │   │   │   defaults={                                       │ │
│ │             │   │   │   │   'status': 'new',                             │ │
│ │             │   │   │   │   'status_changed_at':                         │ │
│ │             '2026-10-07T00:00:00+00:00'                                  │ │
│ │             │   │   │   }                                                │ │
│ │             │   │   ),                                                   │ │
│ │             │   │   NodeWrite(                                           │ │
│ │             │   │   │   ref=NodeRef(                                     │ │
│ │             │   │   │   │   label='ExpansionRecord',                     │ │
│ │             │   │   │   │                                                │ │
│ │             key='ExpansionRecord:left|20261007-cloud-projection-expansi… │ │
│ │             │   │   │   │   key_property='node_id'                       │ │
│ │             │   │   │   ),                                               │ │
│ │             │   │   │   properties={                                     │ │
│ │             │   │   │   │   'group': 'left',                             │ │
│ │             │   │   │   │   'item':                                      │ │
│ │             '20261007-cloud-projection-expansion-01-s6',                 │ │
│ │             │   │   │   │   'node_type': 'ExpansionRecord',              │ │
│ │             │   │   │   │   'ontology_version':                          │ │
│ │             'sha256:5f186f22f85d321c'                                    │ │
│ │             │   │   │   },                                               │ │
│ │             │   │   │   defaults={                                       │ │
│ │             │   │   │   │   'status': 'new',                             │ │
│ │             │   │   │   │   'status_changed_at':                         │ │
│ │             '2026-10-07T00:00:00+00:00'                                  │ │
│ │             │   │   │   }                                                │ │
│ │             │   │   ),                                                   │ │
│ │             │   │   NodeWrite(                                           │ │
│ │             │   │   │   ref=NodeRef(                                     │ │
│ │             │   │   │   │   label='ExpansionRecord',                     │ │
│ │             │   │   │   │                                                │ │
│ │             key='ExpansionRecord:left|20261007-cloud-projection-expansi… │ │
│ │             │   │   │   │   key_property='node_id'                       │ │
│ │             │   │   │   ),                                               │ │
│ │             │   │   │   properties={                                     │ │
│ │             │   │   │   │   'group': 'left',                             │ │
│ │             │   │   │   │   'item':                                      │ │
│ │             '20261007-cloud-projection-expansion-01-s7',                 │ │
│ │             │   │   │   │   'node_type': 'ExpansionRecord',              │ │
│ │             │   │   │   │   'ontology_version':                          │ │
│ │             'sha256:5f186f22f85d321c'                                    │ │
│ │             │   │   │   },                                               │ │
│ │             │   │   │   defaults={                                       │ │
│ │             │   │   │   │   'status': 'new',                             │ │
│ │             │   │   │   │   'status_changed_at':                         │ │
│ │             '2026-10-07T00:00:00+00:00'                                  │ │
│ │             │   │   │   }                                                │ │
│ │             │   │   ),                                                   │ │
│ │             │   │   NodeWrite(                                           │ │
│ │             │   │   │   ref=NodeRef(                                     │ │
│ │             │   │   │   │   label='ExpansionRecord',                     │ │
│ │             │   │   │   │                                                │ │
│ │             key='ExpansionRecord:left|20261007-cloud-projection-expansi… │ │
│ │             │   │   │   │   key_property='node_id'                       │ │
│ │             │   │   │   ),                                               │ │
│ │             │   │   │   properties={                                     │ │
│ │             │   │   │   │   'group': 'left',                             │ │
│ │             │   │   │   │   'item':                                      │ │
│ │             '20261007-cloud-projection-expansion-01-s8',                 │ │
│ │             │   │   │   │   'node_type': 'ExpansionRecord',              │ │
│ │             │   │   │   │   'ontology_version':                          │ │
│ │             'sha256:5f186f22f85d321c'                                    │ │
│ │             │   │   │   },                                               │ │
│ │             │   │   │   defaults={                                       │ │
│ │             │   │   │   │   'status': 'new',                             │ │
│ │             │   │   │   │   'status_changed_at':                         │ │
│ │             '2026-10-07T00:00:00+00:00'                                  │ │
│ │             │   │   │   }                                                │ │
│ │             │   │   ),                                                   │ │
│ │             │   │   NodeWrite(                                           │ │
│ │             │   │   │   ref=NodeRef(                                     │ │
│ │             │   │   │   │   label='ExpansionRecord',                     │ │
│ │             │   │   │   │                                                │ │
│ │             key='ExpansionRecord:left|20261007-cloud-projection-expansi… │ │
│ │             │   │   │   │   key_property='node_id'                       │ │
│ │             │   │   │   ),                                               │ │
│ │             │   │   │   properties={                                     │ │
│ │             │   │   │   │   'group': 'left',                             │ │
│ │             │   │   │   │   'item':                                      │ │
│ │             '20261007-cloud-projection-expansion-01-s9',                 │ │
│ │             │   │   │   │   'node_type': 'ExpansionRecord',              │ │
│ │             │   │   │   │   'ontology_version':                          │ │
│ │             'sha256:5f186f22f85d321c'                                    │ │
│ │             │   │   │   },                                               │ │
│ │             │   │   │   defaults={                                       │ │
│ │             │   │   │   │   'status': 'new',                             │ │
│ │             │   │   │   │   'status_changed_at':                         │ │
│ │             '2026-10-07T00:00:00+00:00'                                  │ │
│ │             │   │   │   }                                                │ │
│ │             │   │   ),                                                   │ │
│ │             │   │   ... +191                                             │ │
│ │             │   ],                                                       │ │
│ │             │   states=[],                                               │ │
│ │             │   edges=[],                                                │ │
│ │             │   lookups=[],                                              │ │
│ │             │   rejected=[]                                              │ │
│ │             )                                                            │ │
│ │      rule = ProjectionRule(                                              │ │
│ │             │   event='expansion.stubbed',                               │ │
│ │             │   upsert=[],                                               │ │
│ │             │   transition=None,                                         │ │
│ │             │   edges=[                                                  │ │
│ │             │   │   EdgeRuleDef(                                         │ │
│ │             │   │   │   type='EXPANSION_LINK',                           │ │
│ │             │   │   │   from_=NodeRef(                                   │ │
│ │             │   │   │   │   type='ExpansionRecord',                      │ │
│ │             │   │   │   │   key={                                        │ │
│ │             │   │   │   │   │   'group': 'left',                         │ │
│ │             │   │   │   │   │   'item': '$.sources[*]'                   │ │
│ │             │   │   │   │   },                                           │ │
│ │             │   │   │   │   node_id=None,                                │ │
│ │             │   │   │   │   match=None,                                  │ │
│ │             │   │   │   │   match_any_prefix=None                        │ │
│ │             │   │   │   ),                                               │ │
│ │             │   │   │   to=NodeRef(                                      │ │
│ │             │   │   │   │   type='ExpansionRecord',                      │ │
│ │             │   │   │   │   key={                                        │ │
│ │             │   │   │   │   │   'group': 'right',                        │ │
│ │             │   │   │   │   │   'item': '$.targets[*]'                   │ │
│ │             │   │   │   │   },                                           │ │
│ │             │   │   │   │   node_id=None,                                │ │
│ │             │   │   │   │   match=None,                                  │ │
│ │             │   │   │   │   match_any_prefix=None                        │ │
│ │             │   │   │   ),                                               │ │
│ │             │   │   │   to_each=None,                                    │ │
│ │             │   │   │   to_latest=None,                                  │ │
│ │             │   │   │   set={},                                          │ │
│ │             │   │   │   when=None                                        │ │
│ │             │   │   )                                                    │ │
│ │             │   ]                                                        │ │
│ │             )                                                            │ │
│ │     scope = Scope(                                                       │ │
│ │             │   payload={                                                │ │
│ │             │   │   'sources': [                                         │ │
│ │             │   │   │   '20261007-cloud-projection-expansion-01-s0',     │ │
│ │             │   │   │   '20261007-cloud-projection-expansion-01-s1',     │ │
│ │             │   │   │   '20261007-cloud-projection-expansion-01-s2',     │ │
│ │             │   │   │   '20261007-cloud-projection-expansion-01-s3',     │ │
│ │             │   │   │   '20261007-cloud-projection-expansion-01-s4',     │ │
│ │             │   │   │   '20261007-cloud-projection-expansion-01-s5',     │ │
│ │             │   │   │   '20261007-cloud-projection-expansion-01-s6',     │ │
│ │             │   │   │   '20261007-cloud-projection-expansion-01-s7',     │ │
│ │             │   │   │   '20261007-cloud-projection-expansion-01-s8',     │ │
│ │             │   │   │   '20261007-cloud-projection-expansion-01-s9',     │ │
│ │             │   │   │   ... +91                                          │ │
│ │             │   │   ],                                                   │ │
│ │             │   │   'targets': [                                         │ │
│ │             │   │   │   '20261007-cloud-projection-expansion-01-t0',     │ │
│ │             │   │   │   '20261007-cloud-projection-expansion-01-t1',     │ │
│ │             │   │   │   '20261007-cloud-projection-expansion-01-t2',     │ │
│ │             │   │   │   '20261007-cloud-projection-expansion-01-t3',     │ │
│ │             │   │   │   '20261007-cloud-projection-expansion-01-t4',     │ │
│ │             │   │   │   '20261007-cloud-projection-expansion-01-t5',     │ │
│ │             │   │   │   '20261007-cloud-projection-expansion-01-t6',     │ │
│ │             │   │   │   '20261007-cloud-projection-expansion-01-t7',     │ │
│ │             │   │   │   '20261007-cloud-projection-expansion-01-t8',     │ │
│ │             │   │   │   '20261007-cloud-projection-expansion-01-t9',     │ │
│ │             │   │   │   ... +90                                          │ │
│ │             │   │   ]                                                    │ │
│ │             │   },                                                       │ │
│ │             │   event={                                                  │ │
│ │             │   │   'event_id': '5861b261-587b-5b3e-a93f-0b8ef75c6138',  │ │
│ │             │   │   'event_type': 'expansion.stubbed',                   │ │
│ │             │   │   'occurred_at': '2026-10-07T00:00:00Z',               │ │
│ │             │   │   'session_id':                                        │ │
│ │             '5861b261-587b-5b3e-a93f-0b8ef75c6138',                      │ │
│ │             │   │   'agent_id': 'untrusted-display-name',                │ │
│ │             │   │   'trace_id':                                          │ │
│ │             '20261007-cloud-projection-expansion-01',                    │ │
│ │             │   │   'payload_ref':                                       │ │
│ │             'fixture:5861b261-587b-5b3e-a93f-0b8ef75c6138',              │ │
│ │             │   │   'global_position':                                   │ │
│ │             '2026-10-07T17:10:58.160639000Z/000001/5861b261-587b-5b3e-a… │ │
│ │             │   │   'tool_name': None,                                   │ │
│ │             │   │   'parent_event_id': None,                             │ │
│ │             │   │   ... +4                                               │ │
│ │             │   }                                                        │ │
│ │             )                                                            │ │
│ │      self = <context_graph.domain.pack_projection.PackProjector object   │ │
│ │             at 0x10d17bd10>                                              │ │
│ ╰──────────────────────────────────────────────────────────────────────────╯ │
│                                                                              │
│ /Users/arunmenon/projects/Engram/src/context_graph/domain/pack_projection.py │
│ :553 in _plan_edge                                                           │
│                                                                              │
│   550 │   │   │   │   (source, by_index[source.index]) for source in sources │
│       in by_index                                                            │
│   551 │   │   │   )                                                          │
│   552 │   │   else:                                                          │
│ ❱ 553 │   │   │   plan.check_capacity(len(sources) * len(targets))           │
│   554 │   │   │   pairs = ((source, target_ref) for source in sources for ta │
│       targets)                                                               │
│   555 │   │   for source, target_ref in pairs:                               │
│   556 │   │   │   if not self._registry.allows(edge_rule.type, source.type_n │
│       target_ref.type_name):                                                 │
│                                                                              │
│ ╭───────────────────────────────── locals ─────────────────────────────────╮ │
│ │   context = _Context(                                                    │ │
│ │             │   scope=Scope(                                             │ │
│ │             │   │   payload={                                            │ │
│ │             │   │   │   'sources': [                                     │ │
│ │             │   │   │   │   '20261007-cloud-projection-expansion-01-s0', │ │
│ │             │   │   │   │   '20261007-cloud-projection-expansion-01-s1', │ │
│ │             │   │   │   │   '20261007-cloud-projection-expansion-01-s2', │ │
│ │             │   │   │   │   '20261007-cloud-projection-expansion-01-s3', │ │
│ │             │   │   │   │   '20261007-cloud-projection-expansion-01-s4', │ │
│ │             │   │   │   │   '20261007-cloud-projection-expansion-01-s5', │ │
│ │             │   │   │   │   '20261007-cloud-projection-expansion-01-s6', │ │
│ │             │   │   │   │   '20261007-cloud-projection-expansion-01-s7', │ │
│ │             │   │   │   │   '20261007-cloud-projection-expansion-01-s8', │ │
│ │             │   │   │   │   '20261007-cloud-projection-expansion-01-s9', │ │
│ │             │   │   │   │   ... +91                                      │ │
│ │             │   │   │   ],                                               │ │
│ │             │   │   │   'targets': [                                     │ │
│ │             │   │   │   │   '20261007-cloud-projection-expansion-01-t0', │ │
│ │             │   │   │   │   '20261007-cloud-projection-expansion-01-t1', │ │
│ │             │   │   │   │   '20261007-cloud-projection-expansion-01-t2', │ │
│ │             │   │   │   │   '20261007-cloud-projection-expansion-01-t3', │ │
│ │             │   │   │   │   '20261007-cloud-projection-expansion-01-t4', │ │
│ │             │   │   │   │   '20261007-cloud-projection-expansion-01-t5', │ │
│ │             │   │   │   │   '20261007-cloud-projection-expansion-01-t6', │ │
│ │             │   │   │   │   '20261007-cloud-projection-expansion-01-t7', │ │
│ │             │   │   │   │   '20261007-cloud-projection-expansion-01-t8', │ │
│ │             │   │   │   │   '20261007-cloud-projection-expansion-01-t9', │ │
│ │             │   │   │   │   ... +90                                      │ │
│ │             │   │   │   ]                                                │ │
│ │             │   │   },                                                   │ │
│ │             │   │   event={                                              │ │
│ │             │   │   │   'event_id':                                      │ │
│ │             '5861b261-587b-5b3e-a93f-0b8ef75c6138',                      │ │
│ │             │   │   │   'event_type': 'expansion.stubbed',               │ │
│ │             │   │   │   'occurred_at': '2026-10-07T00:00:00Z',           │ │
│ │             │   │   │   'session_id':                                    │ │
│ │             '5861b261-587b-5b3e-a93f-0b8ef75c6138',                      │ │
│ │             │   │   │   'agent_id': 'untrusted-display-name',            │ │
│ │             │   │   │   'trace_id':                                      │ │
│ │             '20261007-cloud-projection-expansion-01',                    │ │
│ │             │   │   │   'payload_ref':                                   │ │
│ │             'fixture:5861b261-587b-5b3e-a93f-0b8ef75c6138',              │ │
│ │             │   │   │   'global_position':                               │ │
│ │             '2026-10-07T17:10:58.160639000Z/000001/5861b261-587b-5b3e-a… │ │
│ │             │   │   │   'tool_name': None,                               │ │
│ │             │   │   │   'parent_event_id': None,                         │ │
│ │             │   │   │   ... +4                                           │ │
│ │             │   │   }                                                    │ │
│ │             │   ),                                                       │ │
│ │             │   event_ref=NodeRef(                                       │ │
│ │             │   │   label='Event',                                       │ │
│ │             │   │   key='5861b261-587b-5b3e-a93f-0b8ef75c6138',          │ │
│ │             │   │   key_property='event_id'                              │ │
│ │             │   ),                                                       │ │
│ │             │   occurred_at='2026-10-07T00:00:00+00:00',                 │ │
│ │             │   trust='trusted'                                          │ │
│ │             )                                                            │ │
│ │ edge_rule = EdgeRuleDef(                                                 │ │
│ │             │   type='EXPANSION_LINK',                                   │ │
│ │             │   from_=NodeRef(                                           │ │
│ │             │   │   type='ExpansionRecord',                              │ │
│ │             │   │   key={'group': 'left', 'item': '$.sources[*]'},       │ │
│ │             │   │   node_id=None,                                        │ │
│ │             │   │   match=None,                                          │ │
│ │             │   │   match_any_prefix=None                                │ │
│ │             │   ),                                                       │ │
│ │             │   to=NodeRef(                                              │ │
│ │             │   │   type='ExpansionRecord',                              │ │
│ │             │   │   key={'group': 'right', 'item': '$.targets[*]'},      │ │
│ │             │   │   node_id=None,                                        │ │
│ │             │   │   match=None,                                          │ │
│ │             │   │   match_any_prefix=None                                │ │
│ │             │   ),                                                       │ │
│ │             │   to_each=None,                                            │ │
│ │             │   to_latest=None,                                          │ │
│ │             │   set={},                                                  │ │
│ │             │   when=None                                                │ │
│ │             )                                                            │ │
│ │      plan = ProjectionPlan(                                              │ │
│ │             │   nodes=[                                                  │ │
│ │             │   │   NodeWrite(                                           │ │
│ │             │   │   │   ref=NodeRef(                                     │ │
│ │             │   │   │   │   label='ExpansionRecord',                     │ │
│ │             │   │   │   │                                                │ │
│ │             key='ExpansionRecord:left|20261007-cloud-projection-expansi… │ │
│ │             │   │   │   │   key_property='node_id'                       │ │
│ │             │   │   │   ),                                               │ │
│ │             │   │   │   properties={                                     │ │
│ │             │   │   │   │   'group': 'left',                             │ │
│ │             │   │   │   │   'item':                                      │ │
│ │             '20261007-cloud-projection-expansion-01-s0',                 │ │
│ │             │   │   │   │   'node_type': 'ExpansionRecord',              │ │
│ │             │   │   │   │   'ontology_version':                          │ │
│ │             'sha256:5f186f22f85d321c'                                    │ │
│ │             │   │   │   },                                               │ │
│ │             │   │   │   defaults={                                       │ │
│ │             │   │   │   │   'status': 'new',                             │ │
│ │             │   │   │   │   'status_changed_at':                         │ │
│ │             '2026-10-07T00:00:00+00:00'                                  │ │
│ │             │   │   │   }                                                │ │
│ │             │   │   ),                                                   │ │
│ │             │   │   NodeWrite(                                           │ │
│ │             │   │   │   ref=NodeRef(                                     │ │
│ │             │   │   │   │   label='ExpansionRecord',                     │ │
│ │             │   │   │   │                                                │ │
│ │             key='ExpansionRecord:left|20261007-cloud-projection-expansi… │ │
│ │             │   │   │   │   key_property='node_id'                       │ │
│ │             │   │   │   ),                                               │ │
│ │             │   │   │   properties={                                     │ │
│ │             │   │   │   │   'group': 'left',                             │ │
│ │             │   │   │   │   'item':                                      │ │
│ │             '20261007-cloud-projection-expansion-01-s1',                 │ │
│ │             │   │   │   │   'node_type': 'ExpansionRecord',              │ │
│ │             │   │   │   │   'ontology_version':                          │ │
│ │             'sha256:5f186f22f85d321c'                                    │ │
│ │             │   │   │   },                                               │ │
│ │             │   │   │   defaults={                                       │ │
│ │             │   │   │   │   'status': 'new',                             │ │
│ │             │   │   │   │   'status_changed_at':                         │ │
│ │             '2026-10-07T00:00:00+00:00'                                  │ │
│ │             │   │   │   }                                                │ │
│ │             │   │   ),                                                   │ │
│ │             │   │   NodeWrite(                                           │ │
│ │             │   │   │   ref=NodeRef(                                     │ │
│ │             │   │   │   │   label='ExpansionRecord',                     │ │
│ │             │   │   │   │                                                │ │
│ │             key='ExpansionRecord:left|20261007-cloud-projection-expansi… │ │
│ │             │   │   │   │   key_property='node_id'                       │ │
│ │             │   │   │   ),                                               │ │
│ │             │   │   │   properties={                                     │ │
│ │             │   │   │   │   'group': 'left',                             │ │
│ │             │   │   │   │   'item':                                      │ │
│ │             '20261007-cloud-projection-expansion-01-s2',                 │ │
│ │             │   │   │   │   'node_type': 'ExpansionRecord',              │ │
│ │             │   │   │   │   'ontology_version':                          │ │
│ │             'sha256:5f186f22f85d321c'                                    │ │
│ │             │   │   │   },                                               │ │
│ │             │   │   │   defaults={                                       │ │
│ │             │   │   │   │   'status': 'new',                             │ │
│ │             │   │   │   │   'status_changed_at':                         │ │
│ │             '2026-10-07T00:00:00+00:00'                                  │ │
│ │             │   │   │   }                                                │ │
│ │             │   │   ),                                                   │ │
│ │             │   │   NodeWrite(                                           │ │
│ │             │   │   │   ref=NodeRef(                                     │ │
│ │             │   │   │   │   label='ExpansionRecord',                     │ │
│ │             │   │   │   │                                                │ │
│ │             key='ExpansionRecord:left|20261007-cloud-projection-expansi… │ │
│ │             │   │   │   │   key_property='node_id'                       │ │
│ │             │   │   │   ),                                               │ │
│ │             │   │   │   properties={                                     │ │
│ │             │   │   │   │   'group': 'left',                             │ │
│ │             │   │   │   │   'item':                                      │ │
│ │             '20261007-cloud-projection-expansion-01-s3',                 │ │
│ │             │   │   │   │   'node_type': 'ExpansionRecord',              │ │
│ │             │   │   │   │   'ontology_version':                          │ │
│ │             'sha256:5f186f22f85d321c'                                    │ │
│ │             │   │   │   },                                               │ │
│ │             │   │   │   defaults={                                       │ │
│ │             │   │   │   │   'status': 'new',                             │ │
│ │             │   │   │   │   'status_changed_at':                         │ │
│ │             '2026-10-07T00:00:00+00:00'                                  │ │
│ │             │   │   │   }                                                │ │
│ │             │   │   ),                                                   │ │
│ │             │   │   NodeWrite(                                           │ │
│ │             │   │   │   ref=NodeRef(                                     │ │
│ │             │   │   │   │   label='ExpansionRecord',                     │ │
│ │             │   │   │   │                                                │ │
│ │             key='ExpansionRecord:left|20261007-cloud-projection-expansi… │ │
│ │             │   │   │   │   key_property='node_id'                       │ │
│ │             │   │   │   ),                                               │ │
│ │             │   │   │   properties={                                     │ │
│ │             │   │   │   │   'group': 'left',                             │ │
│ │             │   │   │   │   'item':                                      │ │
│ │             '20261007-cloud-projection-expansion-01-s4',                 │ │
│ │             │   │   │   │   'node_type': 'ExpansionRecord',              │ │
│ │             │   │   │   │   'ontology_version':                          │ │
│ │             'sha256:5f186f22f85d321c'                                    │ │
│ │             │   │   │   },                                               │ │
│ │             │   │   │   defaults={                                       │ │
│ │             │   │   │   │   'status': 'new',                             │ │
│ │             │   │   │   │   'status_changed_at':                         │ │
│ │             '2026-10-07T00:00:00+00:00'                                  │ │
│ │             │   │   │   }                                                │ │
│ │             │   │   ),                                                   │ │
│ │             │   │   NodeWrite(                                           │ │
│ │             │   │   │   ref=NodeRef(                                     │ │
│ │             │   │   │   │   label='ExpansionRecord',                     │ │
│ │             │   │   │   │                                                │ │
│ │             key='ExpansionRecord:left|20261007-cloud-projection-expansi… │ │
│ │             │   │   │   │   key_property='node_id'                       │ │
│ │             │   │   │   ),                                               │ │
│ │             │   │   │   properties={                                     │ │
│ │             │   │   │   │   'group': 'left',                             │ │
│ │             │   │   │   │   'item':                                      │ │
│ │             '20261007-cloud-projection-expansion-01-s5',                 │ │
│ │             │   │   │   │   'node_type': 'ExpansionRecord',              │ │
│ │             │   │   │   │   'ontology_version':                          │ │
│ │             'sha256:5f186f22f85d321c'                                    │ │
│ │             │   │   │   },                                               │ │
│ │             │   │   │   defaults={                                       │ │
│ │             │   │   │   │   'status': 'new',                             │ │
│ │             │   │   │   │   'status_changed_at':                         │ │
│ │             '2026-10-07T00:00:00+00:00'                                  │ │
│ │             │   │   │   }                                                │ │
│ │             │   │   ),                                                   │ │
│ │             │   │   NodeWrite(                                           │ │
│ │             │   │   │   ref=NodeRef(                                     │ │
│ │             │   │   │   │   label='ExpansionRecord',                     │ │
│ │             │   │   │   │                                                │ │
│ │             key='ExpansionRecord:left|20261007-cloud-projection-expansi… │ │
│ │             │   │   │   │   key_property='node_id'                       │ │
│ │             │   │   │   ),                                               │ │
│ │             │   │   │   properties={                                     │ │
│ │             │   │   │   │   'group': 'left',                             │ │
│ │             │   │   │   │   'item':                                      │ │
│ │             '20261007-cloud-projection-expansion-01-s6',                 │ │
│ │             │   │   │   │   'node_type': 'ExpansionRecord',              │ │
│ │             │   │   │   │   'ontology_version':                          │ │
│ │             'sha256:5f186f22f85d321c'                                    │ │
│ │             │   │   │   },                                               │ │
│ │             │   │   │   defaults={                                       │ │
│ │             │   │   │   │   'status': 'new',                             │ │
│ │             │   │   │   │   'status_changed_at':                         │ │
│ │             '2026-10-07T00:00:00+00:00'                                  │ │
│ │             │   │   │   }                                                │ │
│ │             │   │   ),                                                   │ │
│ │             │   │   NodeWrite(                                           │ │
│ │             │   │   │   ref=NodeRef(                                     │ │
│ │             │   │   │   │   label='ExpansionRecord',                     │ │
│ │             │   │   │   │                                                │ │
│ │             key='ExpansionRecord:left|20261007-cloud-projection-expansi… │ │
│ │             │   │   │   │   key_property='node_id'                       │ │
│ │             │   │   │   ),                                               │ │
│ │             │   │   │   properties={                                     │ │
│ │             │   │   │   │   'group': 'left',                             │ │
│ │             │   │   │   │   'item':                                      │ │
│ │             '20261007-cloud-projection-expansion-01-s7',                 │ │
│ │             │   │   │   │   'node_type': 'ExpansionRecord',              │ │
│ │             │   │   │   │   'ontology_version':                          │ │
│ │             'sha256:5f186f22f85d321c'                                    │ │
│ │             │   │   │   },                                               │ │
│ │             │   │   │   defaults={                                       │ │
│ │             │   │   │   │   'status': 'new',                             │ │
│ │             │   │   │   │   'status_changed_at':                         │ │
│ │             '2026-10-07T00:00:00+00:00'                                  │ │
│ │             │   │   │   }                                                │ │
│ │             │   │   ),                                                   │ │
│ │             │   │   NodeWrite(                                           │ │
│ │             │   │   │   ref=NodeRef(                                     │ │
│ │             │   │   │   │   label='ExpansionRecord',                     │ │
│ │             │   │   │   │                                                │ │
│ │             key='ExpansionRecord:left|20261007-cloud-projection-expansi… │ │
│ │             │   │   │   │   key_property='node_id'                       │ │
│ │             │   │   │   ),                                               │ │
│ │             │   │   │   properties={                                     │ │
│ │             │   │   │   │   'group': 'left',                             │ │
│ │             │   │   │   │   'item':                                      │ │
│ │             '20261007-cloud-projection-expansion-01-s8',                 │ │
│ │             │   │   │   │   'node_type': 'ExpansionRecord',              │ │
│ │             │   │   │   │   'ontology_version':                          │ │
│ │             'sha256:5f186f22f85d321c'                                    │ │
│ │             │   │   │   },                                               │ │
│ │             │   │   │   defaults={                                       │ │
│ │             │   │   │   │   'status': 'new',                             │ │
│ │             │   │   │   │   'status_changed_at':                         │ │
│ │             '2026-10-07T00:00:00+00:00'                                  │ │
│ │             │   │   │   }                                                │ │
│ │             │   │   ),                                                   │ │
│ │             │   │   NodeWrite(                                           │ │
│ │             │   │   │   ref=NodeRef(                                     │ │
│ │             │   │   │   │   label='ExpansionRecord',                     │ │
│ │             │   │   │   │                                                │ │
│ │             key='ExpansionRecord:left|20261007-cloud-projection-expansi… │ │
│ │             │   │   │   │   key_property='node_id'                       │ │
│ │             │   │   │   ),                                               │ │
│ │             │   │   │   properties={                                     │ │
│ │             │   │   │   │   'group': 'left',                             │ │
│ │             │   │   │   │   'item':                                      │ │
│ │             '20261007-cloud-projection-expansion-01-s9',                 │ │
│ │             │   │   │   │   'node_type': 'ExpansionRecord',              │ │
│ │             │   │   │   │   'ontology_version':                          │ │
│ │             'sha256:5f186f22f85d321c'                                    │ │
│ │             │   │   │   },                                               │ │
│ │             │   │   │   defaults={                                       │ │
│ │             │   │   │   │   'status': 'new',                             │ │
│ │             │   │   │   │   'status_changed_at':                         │ │
│ │             '2026-10-07T00:00:00+00:00'                                  │ │
│ │             │   │   │   }                                                │ │
│ │             │   │   ),                                                   │ │
│ │             │   │   ... +191                                             │ │
│ │             │   ],                                                       │ │
│ │             │   states=[],                                               │ │
│ │             │   edges=[],                                                │ │
│ │             │   lookups=[],                                              │ │
│ │             │   rejected=[]                                              │ │
│ │             )                                                            │ │
│ │     scope = Scope(                                                       │ │
│ │             │   payload={                                                │ │
│ │             │   │   'sources': [                                         │ │
│ │             │   │   │   '20261007-cloud-projection-expansion-01-s0',     │ │
│ │             │   │   │   '20261007-cloud-projection-expansion-01-s1',     │ │
│ │             │   │   │   '20261007-cloud-projection-expansion-01-s2',     │ │
│ │             │   │   │   '20261007-cloud-projection-expansion-01-s3',     │ │
│ │             │   │   │   '20261007-cloud-projection-expansion-01-s4',     │ │
│ │             │   │   │   '20261007-cloud-projection-expansion-01-s5',     │ │
│ │             │   │   │   '20261007-cloud-projection-expansion-01-s6',     │ │
│ │             │   │   │   '20261007-cloud-projection-expansion-01-s7',     │ │
│ │             │   │   │   '20261007-cloud-projection-expansion-01-s8',     │ │
│ │             │   │   │   '20261007-cloud-projection-expansion-01-s9',     │ │
│ │             │   │   │   ... +91                                          │ │
│ │             │   │   ],                                                   │ │
│ │             │   │   'targets': [                                         │ │
│ │             │   │   │   '20261007-cloud-projection-expansion-01-t0',     │ │
│ │             │   │   │   '20261007-cloud-projection-expansion-01-t1',     │ │
│ │             │   │   │   '20261007-cloud-projection-expansion-01-t2',     │ │
│ │             │   │   │   '20261007-cloud-projection-expansion-01-t3',     │ │
│ │             │   │   │   '20261007-cloud-projection-expansion-01-t4',     │ │
│ │             │   │   │   '20261007-cloud-projection-expansion-01-t5',     │ │
│ │             │   │   │   '20261007-cloud-projection-expansion-01-t6',     │ │
│ │             │   │   │   '20261007-cloud-projection-expansion-01-t7',     │ │
│ │             │   │   │   '20261007-cloud-projection-expansion-01-t8',     │ │
│ │             │   │   │   '20261007-cloud-projection-expansion-01-t9',     │ │
│ │             │   │   │   ... +90                                          │ │
│ │             │   │   ]                                                    │ │
│ │             │   },                                                       │ │
│ │             │   event={                                                  │ │
│ │             │   │   'event_id': '5861b261-587b-5b3e-a93f-0b8ef75c6138',  │ │
│ │             │   │   'event_type': 'expansion.stubbed',                   │ │
│ │             │   │   'occurred_at': '2026-10-07T00:00:00Z',               │ │
│ │             │   │   'session_id':                                        │ │
│ │             '5861b261-587b-5b3e-a93f-0b8ef75c6138',                      │ │
│ │             │   │   'agent_id': 'untrusted-display-name',                │ │
│ │             │   │   'trace_id':                                          │ │
│ │             '20261007-cloud-projection-expansion-01',                    │ │
│ │             │   │   'payload_ref':                                       │ │
│ │             'fixture:5861b261-587b-5b3e-a93f-0b8ef75c6138',              │ │
│ │             │   │   'global_position':                                   │ │
│ │             '2026-10-07T17:10:58.160639000Z/000001/5861b261-587b-5b3e-a… │ │
│ │             │   │   'tool_name': None,                                   │ │
│ │             │   │   'parent_event_id': None,                             │ │
│ │             │   │   ... +4                                               │ │
│ │             │   }                                                        │ │
│ │             )                                                            │ │
│ │      self = <context_graph.domain.pack_projection.PackProjector object   │ │
│ │             at 0x10d17bd10>                                              │ │
│ │   sources = [                                                            │ │
│ │             │   _Keyed(                                                  │ │
│ │             │   │   type_name='ExpansionRecord',                         │ │
│ │             │   │   ref=NodeRef(                                         │ │
│ │             │   │   │   label='ExpansionRecord',                         │ │
│ │             │   │   │                                                    │ │
│ │             key='ExpansionRecord:left|20261007-cloud-projection-expansi… │ │
│ │             │   │   │   key_property='node_id'                           │ │
│ │             │   │   ),                                                   │ │
│ │             │   │   key_props={                                          │ │
│ │             │   │   │   'group': 'left',                                 │ │
│ │             │   │   │   'item':                                          │ │
│ │             '20261007-cloud-projection-expansion-01-s0'                  │ │
│ │             │   │   },                                                   │ │
│ │             │   │   index=0,                                             │ │
│ │             │   │   count=101,                                           │ │
│ │             │   │   fanned=True                                          │ │
│ │             │   ),                                                       │ │
│ │             │   _Keyed(                                                  │ │
│ │             │   │   type_name='ExpansionRecord',                         │ │
│ │             │   │   ref=NodeRef(                                         │ │
│ │             │   │   │   label='ExpansionRecord',                         │ │
│ │             │   │   │                                                    │ │
│ │             key='ExpansionRecord:left|20261007-cloud-projection-expansi… │ │
│ │             │   │   │   key_property='node_id'                           │ │
│ │             │   │   ),                                                   │ │
│ │             │   │   key_props={                                          │ │
│ │             │   │   │   'group': 'left',                                 │ │
│ │             │   │   │   'item':                                          │ │
│ │             '20261007-cloud-projection-expansion-01-s1'                  │ │
│ │             │   │   },                                                   │ │
│ │             │   │   index=1,                                             │ │
│ │             │   │   count=101,                                           │ │
│ │             │   │   fanned=True                                          │ │
│ │             │   ),                                                       │ │
│ │             │   _Keyed(                                                  │ │
│ │             │   │   type_name='ExpansionRecord',                         │ │
│ │             │   │   ref=NodeRef(                                         │ │
│ │             │   │   │   label='ExpansionRecord',                         │ │
│ │             │   │   │                                                    │ │
│ │             key='ExpansionRecord:left|20261007-cloud-projection-expansi… │ │
│ │             │   │   │   key_property='node_id'                           │ │
│ │             │   │   ),                                                   │ │
│ │             │   │   key_props={                                          │ │
│ │             │   │   │   'group': 'left',                                 │ │
│ │             │   │   │   'item':                                          │ │
│ │             '20261007-cloud-projection-expansion-01-s2'                  │ │
│ │             │   │   },                                                   │ │
│ │             │   │   index=2,                                             │ │
│ │             │   │   count=101,                                           │ │
│ │             │   │   fanned=True                                          │ │
│ │             │   ),                                                       │ │
│ │             │   _Keyed(                                                  │ │
│ │             │   │   type_name='ExpansionRecord',                         │ │
│ │             │   │   ref=NodeRef(                                         │ │
│ │             │   │   │   label='ExpansionRecord',                         │ │
│ │             │   │   │                                                    │ │
│ │             key='ExpansionRecord:left|20261007-cloud-projection-expansi… │ │
│ │             │   │   │   key_property='node_id'                           │ │
│ │             │   │   ),                                                   │ │
│ │             │   │   key_props={                                          │ │
│ │             │   │   │   'group': 'left',                                 │ │
│ │             │   │   │   'item':                                          │ │
│ │             '20261007-cloud-projection-expansion-01-s3'                  │ │
│ │             │   │   },                                                   │ │
│ │             │   │   index=3,                                             │ │
│ │             │   │   count=101,                                           │ │
│ │             │   │   fanned=True                                          │ │
│ │             │   ),                                                       │ │
│ │             │   _Keyed(                                                  │ │
│ │             │   │   type_name='ExpansionRecord',                         │ │
│ │             │   │   ref=NodeRef(                                         │ │
│ │             │   │   │   label='ExpansionRecord',                         │ │
│ │             │   │   │                                                    │ │
│ │             key='ExpansionRecord:left|20261007-cloud-projection-expansi… │ │
│ │             │   │   │   key_property='node_id'                           │ │
│ │             │   │   ),                                                   │ │
│ │             │   │   key_props={                                          │ │
│ │             │   │   │   'group': 'left',                                 │ │
│ │             │   │   │   'item':                                          │ │
│ │             '20261007-cloud-projection-expansion-01-s4'                  │ │
│ │             │   │   },                                                   │ │
│ │             │   │   index=4,                                             │ │
│ │             │   │   count=101,                                           │ │
│ │             │   │   fanned=True                                          │ │
│ │             │   ),                                                       │ │
│ │             │   _Keyed(                                                  │ │
│ │             │   │   type_name='ExpansionRecord',                         │ │
│ │             │   │   ref=NodeRef(                                         │ │
│ │             │   │   │   label='ExpansionRecord',                         │ │
│ │             │   │   │                                                    │ │
│ │             key='ExpansionRecord:left|20261007-cloud-projection-expansi… │ │
│ │             │   │   │   key_property='node_id'                           │ │
│ │             │   │   ),                                                   │ │
│ │             │   │   key_props={                                          │ │
│ │             │   │   │   'group': 'left',                                 │ │
│ │             │   │   │   'item':                                          │ │
│ │             '20261007-cloud-projection-expansion-01-s5'                  │ │
│ │             │   │   },                                                   │ │
│ │             │   │   index=5,                                             │ │
│ │             │   │   count=101,                                           │ │
│ │             │   │   fanned=True                                          │ │
│ │             │   ),                                                       │ │
│ │             │   _Keyed(                                                  │ │
│ │             │   │   type_name='ExpansionRecord',                         │ │
│ │             │   │   ref=NodeRef(                                         │ │
│ │             │   │   │   label='ExpansionRecord',                         │ │
│ │             │   │   │                                                    │ │
│ │             key='ExpansionRecord:left|20261007-cloud-projection-expansi… │ │
│ │             │   │   │   key_property='node_id'                           │ │
│ │             │   │   ),                                                   │ │
│ │             │   │   key_props={                                          │ │
│ │             │   │   │   'group': 'left',                                 │ │
│ │             │   │   │   'item':                                          │ │
│ │             '20261007-cloud-projection-expansion-01-s6'                  │ │
│ │             │   │   },                                                   │ │
│ │             │   │   index=6,                                             │ │
│ │             │   │   count=101,                                           │ │
│ │             │   │   fanned=True                                          │ │
│ │             │   ),                                                       │ │
│ │             │   _Keyed(                                                  │ │
│ │             │   │   type_name='ExpansionRecord',                         │ │
│ │             │   │   ref=NodeRef(                                         │ │
│ │             │   │   │   label='ExpansionRecord',                         │ │
│ │             │   │   │                                                    │ │
│ │             key='ExpansionRecord:left|20261007-cloud-projection-expansi… │ │
│ │             │   │   │   key_property='node_id'                           │ │
│ │             │   │   ),                                                   │ │
│ │             │   │   key_props={                                          │ │
│ │             │   │   │   'group': 'left',                                 │ │
│ │             │   │   │   'item':                                          │ │
│ │             '20261007-cloud-projection-expansion-01-s7'                  │ │
│ │             │   │   },                                                   │ │
│ │             │   │   index=7,                                             │ │
│ │             │   │   count=101,                                           │ │
│ │             │   │   fanned=True                                          │ │
│ │             │   ),                                                       │ │
│ │             │   _Keyed(                                                  │ │
│ │             │   │   type_name='ExpansionRecord',                         │ │
│ │             │   │   ref=NodeRef(                                         │ │
│ │             │   │   │   label='ExpansionRecord',                         │ │
│ │             │   │   │                                                    │ │
│ │             key='ExpansionRecord:left|20261007-cloud-projection-expansi… │ │
│ │             │   │   │   key_property='node_id'                           │ │
│ │             │   │   ),                                                   │ │
│ │             │   │   key_props={                                          │ │
│ │             │   │   │   'group': 'left',                                 │ │
│ │             │   │   │   'item':                                          │ │
│ │             '20261007-cloud-projection-expansion-01-s8'                  │ │
│ │             │   │   },                                                   │ │
│ │             │   │   index=8,                                             │ │
│ │             │   │   count=101,                                           │ │
│ │             │   │   fanned=True                                          │ │
│ │             │   ),                                                       │ │
│ │             │   _Keyed(                                                  │ │
│ │             │   │   type_name='ExpansionRecord',                         │ │
│ │             │   │   ref=NodeRef(                                         │ │
│ │             │   │   │   label='ExpansionRecord',                         │ │
│ │             │   │   │                                                    │ │
│ │             key='ExpansionRecord:left|20261007-cloud-projection-expansi… │ │
│ │             │   │   │   key_property='node_id'                           │ │
│ │             │   │   ),                                                   │ │
│ │             │   │   key_props={                                          │ │
│ │             │   │   │   'group': 'left',                                 │ │
│ │             │   │   │   'item':                                          │ │
│ │             '20261007-cloud-projection-expansion-01-s9'                  │ │
│ │             │   │   },                                                   │ │
│ │             │   │   index=9,                                             │ │
│ │             │   │   count=101,                                           │ │
│ │             │   │   fanned=True                                          │ │
│ │             │   ),                                                       │ │
│ │             │   ... +91                                                  │ │
│ │             ]                                                            │ │
│ │    target = NodeRef(                                                     │ │
│ │             │   type='ExpansionRecord',                                  │ │
│ │             │   key={'group': 'right', 'item': '$.targets[*]'},          │ │
│ │             │   node_id=None,                                            │ │
│ │             │   match=None,                                              │ │
│ │             │   match_any_prefix=None                                    │ │
│ │             )                                                            │ │
│ │   targets = [                                                            │ │
│ │             │   _Keyed(                                                  │ │
│ │             │   │   type_name='ExpansionRecord',                         │ │
│ │             │   │   ref=NodeRef(                                         │ │
│ │             │   │   │   label='ExpansionRecord',                         │ │
│ │             │   │   │                                                    │ │
│ │             key='ExpansionRecord:right|20261007-cloud-projection-expans… │ │
│ │             │   │   │   key_property='node_id'                           │ │
│ │             │   │   ),                                                   │ │
│ │             │   │   key_props={                                          │ │
│ │             │   │   │   'group': 'right',                                │ │
│ │             │   │   │   'item':                                          │ │
│ │             '20261007-cloud-projection-expansion-01-t0'                  │ │
│ │             │   │   },                                                   │ │
│ │             │   │   index=0,                                             │ │
│ │             │   │   count=100,                                           │ │
│ │             │   │   fanned=True                                          │ │
│ │             │   ),                                                       │ │
│ │             │   _Keyed(                                                  │ │
│ │             │   │   type_name='ExpansionRecord',                         │ │
│ │             │   │   ref=NodeRef(                                         │ │
│ │             │   │   │   label='ExpansionRecord',                         │ │
│ │             │   │   │                                                    │ │
│ │             key='ExpansionRecord:right|20261007-cloud-projection-expans… │ │
│ │             │   │   │   key_property='node_id'                           │ │
│ │             │   │   ),                                                   │ │
│ │             │   │   key_props={                                          │ │
│ │             │   │   │   'group': 'right',                                │ │
│ │             │   │   │   'item':                                          │ │
│ │             '20261007-cloud-projection-expansion-01-t1'                  │ │
│ │             │   │   },                                                   │ │
│ │             │   │   index=1,                                             │ │
│ │             │   │   count=100,                                           │ │
│ │             │   │   fanned=True                                          │ │
│ │             │   ),                                                       │ │
│ │             │   _Keyed(                                                  │ │
│ │             │   │   type_name='ExpansionRecord',                         │ │
│ │             │   │   ref=NodeRef(                                         │ │
│ │             │   │   │   label='ExpansionRecord',                         │ │
│ │             │   │   │                                                    │ │
│ │             key='ExpansionRecord:right|20261007-cloud-projection-expans… │ │
│ │             │   │   │   key_property='node_id'                           │ │
│ │             │   │   ),                                                   │ │
│ │             │   │   key_props={                                          │ │
│ │             │   │   │   'group': 'right',                                │ │
│ │             │   │   │   'item':                                          │ │
│ │             '20261007-cloud-projection-expansion-01-t2'                  │ │
│ │             │   │   },                                                   │ │
│ │             │   │   index=2,                                             │ │
│ │             │   │   count=100,                                           │ │
│ │             │   │   fanned=True                                          │ │
│ │             │   ),                                                       │ │
│ │             │   _Keyed(                                                  │ │
│ │             │   │   type_name='ExpansionRecord',                         │ │
│ │             │   │   ref=NodeRef(                                         │ │
│ │             │   │   │   label='ExpansionRecord',                         │ │
│ │             │   │   │                                                    │ │
│ │             key='ExpansionRecord:right|20261007-cloud-projection-expans… │ │
│ │             │   │   │   key_property='node_id'                           │ │
│ │             │   │   ),                                                   │ │
│ │             │   │   key_props={                                          │ │
│ │             │   │   │   'group': 'right',                                │ │
│ │             │   │   │   'item':                                          │ │
│ │             '20261007-cloud-projection-expansion-01-t3'                  │ │
│ │             │   │   },                                                   │ │
│ │             │   │   index=3,                                             │ │
│ │             │   │   count=100,                                           │ │
│ │             │   │   fanned=True                                          │ │
│ │             │   ),                                                       │ │
│ │             │   _Keyed(                                                  │ │
│ │             │   │   type_name='ExpansionRecord',                         │ │
│ │             │   │   ref=NodeRef(                                         │ │
│ │             │   │   │   label='ExpansionRecord',                         │ │
│ │             │   │   │                                                    │ │
│ │             key='ExpansionRecord:right|20261007-cloud-projection-expans… │ │
│ │             │   │   │   key_property='node_id'                           │ │
│ │             │   │   ),                                                   │ │
│ │             │   │   key_props={                                          │ │
│ │             │   │   │   'group': 'right',                                │ │
│ │             │   │   │   'item':                                          │ │
│ │             '20261007-cloud-projection-expansion-01-t4'                  │ │
│ │             │   │   },                                                   │ │
│ │             │   │   index=4,                                             │ │
│ │             │   │   count=100,                                           │ │
│ │             │   │   fanned=True                                          │ │
│ │             │   ),                                                       │ │
│ │             │   _Keyed(                                                  │ │
│ │             │   │   type_name='ExpansionRecord',                         │ │
│ │             │   │   ref=NodeRef(                                         │ │
│ │             │   │   │   label='ExpansionRecord',                         │ │
│ │             │   │   │                                                    │ │
│ │             key='ExpansionRecord:right|20261007-cloud-projection-expans… │ │
│ │             │   │   │   key_property='node_id'                           │ │
│ │             │   │   ),                                                   │ │
│ │             │   │   key_props={                                          │ │
│ │             │   │   │   'group': 'right',                                │ │
│ │             │   │   │   'item':                                          │ │
│ │             '20261007-cloud-projection-expansion-01-t5'                  │ │
│ │             │   │   },                                                   │ │
│ │             │   │   index=5,                                             │ │
│ │             │   │   count=100,                                           │ │
│ │             │   │   fanned=True                                          │ │
│ │             │   ),                                                       │ │
│ │             │   _Keyed(                                                  │ │
│ │             │   │   type_name='ExpansionRecord',                         │ │
│ │             │   │   ref=NodeRef(                                         │ │
│ │             │   │   │   label='ExpansionRecord',                         │ │
│ │             │   │   │                                                    │ │
│ │             key='ExpansionRecord:right|20261007-cloud-projection-expans… │ │
│ │             │   │   │   key_property='node_id'                           │ │
│ │             │   │   ),                                                   │ │
│ │             │   │   key_props={                                          │ │
│ │             │   │   │   'group': 'right',                                │ │
│ │             │   │   │   'item':                                          │ │
│ │             '20261007-cloud-projection-expansion-01-t6'                  │ │
│ │             │   │   },                                                   │ │
│ │             │   │   index=6,                                             │ │
│ │             │   │   count=100,                                           │ │
│ │             │   │   fanned=True                                          │ │
│ │             │   ),                                                       │ │
│ │             │   _Keyed(                                                  │ │
│ │             │   │   type_name='ExpansionRecord',                         │ │
│ │             │   │   ref=NodeRef(                                         │ │
│ │             │   │   │   label='ExpansionRecord',                         │ │
│ │             │   │   │                                                    │ │
│ │             key='ExpansionRecord:right|20261007-cloud-projection-expans… │ │
│ │             │   │   │   key_property='node_id'                           │ │
│ │             │   │   ),                                                   │ │
│ │             │   │   key_props={                                          │ │
│ │             │   │   │   'group': 'right',                                │ │
│ │             │   │   │   'item':                                          │ │
│ │             '20261007-cloud-projection-expansion-01-t7'                  │ │
│ │             │   │   },                                                   │ │
│ │             │   │   index=7,                                             │ │
│ │             │   │   count=100,                                           │ │
│ │             │   │   fanned=True                                          │ │
│ │             │   ),                                                       │ │
│ │             │   _Keyed(                                                  │ │
│ │             │   │   type_name='ExpansionRecord',                         │ │
│ │             │   │   ref=NodeRef(                                         │ │
│ │             │   │   │   label='ExpansionRecord',                         │ │
│ │             │   │   │                                                    │ │
│ │             key='ExpansionRecord:right|20261007-cloud-projection-expans… │ │
│ │             │   │   │   key_property='node_id'                           │ │
│ │             │   │   ),                                                   │ │
│ │             │   │   key_props={                                          │ │
│ │             │   │   │   'group': 'right',                                │ │
│ │             │   │   │   'item':                                          │ │
│ │             '20261007-cloud-projection-expansion-01-t8'                  │ │
│ │             │   │   },                                                   │ │
│ │             │   │   index=8,                                             │ │
│ │             │   │   count=100,                                           │ │
│ │             │   │   fanned=True                                          │ │
│ │             │   ),                                                       │ │
│ │             │   _Keyed(                                                  │ │
│ │             │   │   type_name='ExpansionRecord',                         │ │
│ │             │   │   ref=NodeRef(                                         │ │
│ │             │   │   │   label='ExpansionRecord',                         │ │
│ │             │   │   │                                                    │ │
│ │             key='ExpansionRecord:right|20261007-cloud-projection-expans… │ │
│ │             │   │   │   key_property='node_id'                           │ │
│ │             │   │   ),                                                   │ │
│ │             │   │   key_props={                                          │ │
│ │             │   │   │   'group': 'right',                                │ │
│ │             │   │   │   'item':                                          │ │
│ │             '20261007-cloud-projection-expansion-01-t9'                  │ │
│ │             │   │   },                                                   │ │
│ │             │   │   index=9,                                             │ │
│ │             │   │   count=100,                                           │ │
│ │             │   │   fanned=True                                          │ │
│ │             │   ),                                                       │ │
│ │             │   ... +90                                                  │ │
│ │             ]                                                            │ │
│ │    zipped = False                                                        │ │
│ ╰──────────────────────────────────────────────────────────────────────────╯ │
│                                                                              │
│ /Users/arunmenon/projects/Engram/src/context_graph/domain/pack_projection.py │
│ :139 in check_capacity                                                       │
│                                                                              │
│   136 │                                                                      │
│   137 │   def check_capacity(self, additional: int = 0) -> None:             │
│   138 │   │   """Count planned operations, not unique identities or lookup r │
│ ❱ 139 │   │   _check_expansion_count(                                        │
│   140 │   │   │   len(self.nodes) + len(self.states) + len(self.edges) + len │
│       additional                                                             │
│   141 │   │   )                                                              │
│   142                                                                        │
│                                                                              │
│ ╭───────────────────────────────── locals ─────────────────────────────────╮ │
│ │ additional = 10100                                                       │ │
│ │       self = ProjectionPlan(                                             │ │
│ │              │   nodes=[                                                 │ │
│ │              │   │   NodeWrite(                                          │ │
│ │              │   │   │   ref=NodeRef(                                    │ │
│ │              │   │   │   │   label='ExpansionRecord',                    │ │
│ │              │   │   │   │                                               │ │
│ │              key='ExpansionRecord:left|20261007-cloud-projection-expans… │ │
│ │              │   │   │   │   key_property='node_id'                      │ │
│ │              │   │   │   ),                                              │ │
│ │              │   │   │   properties={                                    │ │
│ │              │   │   │   │   'group': 'left',                            │ │
│ │              │   │   │   │   'item':                                     │ │
│ │              '20261007-cloud-projection-expansion-01-s0',                │ │
│ │              │   │   │   │   'node_type': 'ExpansionRecord',             │ │
│ │              │   │   │   │   'ontology_version':                         │ │
│ │              'sha256:5f186f22f85d321c'                                   │ │
│ │              │   │   │   },                                              │ │
│ │              │   │   │   defaults={                                      │ │
│ │              │   │   │   │   'status': 'new',                            │ │
│ │              │   │   │   │   'status_changed_at':                        │ │
│ │              '2026-10-07T00:00:00+00:00'                                 │ │
│ │              │   │   │   }                                               │ │
│ │              │   │   ),                                                  │ │
│ │              │   │   NodeWrite(                                          │ │
│ │              │   │   │   ref=NodeRef(                                    │ │
│ │              │   │   │   │   label='ExpansionRecord',                    │ │
│ │              │   │   │   │                                               │ │
│ │              key='ExpansionRecord:left|20261007-cloud-projection-expans… │ │
│ │              │   │   │   │   key_property='node_id'                      │ │
│ │              │   │   │   ),                                              │ │
│ │              │   │   │   properties={                                    │ │
│ │              │   │   │   │   'group': 'left',                            │ │
│ │              │   │   │   │   'item':                                     │ │
│ │              '20261007-cloud-projection-expansion-01-s1',                │ │
│ │              │   │   │   │   'node_type': 'ExpansionRecord',             │ │
│ │              │   │   │   │   'ontology_version':                         │ │
│ │              'sha256:5f186f22f85d321c'                                   │ │
│ │              │   │   │   },                                              │ │
│ │              │   │   │   defaults={                                      │ │
│ │              │   │   │   │   'status': 'new',                            │ │
│ │              │   │   │   │   'status_changed_at':                        │ │
│ │              '2026-10-07T00:00:00+00:00'                                 │ │
│ │              │   │   │   }                                               │ │
│ │              │   │   ),                                                  │ │
│ │              │   │   NodeWrite(                                          │ │
│ │              │   │   │   ref=NodeRef(                                    │ │
│ │              │   │   │   │   label='ExpansionRecord',                    │ │
│ │              │   │   │   │                                               │ │
│ │              key='ExpansionRecord:left|20261007-cloud-projection-expans… │ │
│ │              │   │   │   │   key_property='node_id'                      │ │
│ │              │   │   │   ),                                              │ │
│ │              │   │   │   properties={                                    │ │
│ │              │   │   │   │   'group': 'left',                            │ │
│ │              │   │   │   │   'item':                                     │ │
│ │              '20261007-cloud-projection-expansion-01-s2',                │ │
│ │              │   │   │   │   'node_type': 'ExpansionRecord',             │ │
│ │              │   │   │   │   'ontology_version':                         │ │
│ │              'sha256:5f186f22f85d321c'                                   │ │
│ │              │   │   │   },                                              │ │
│ │              │   │   │   defaults={                                      │ │
│ │              │   │   │   │   'status': 'new',                            │ │
│ │              │   │   │   │   'status_changed_at':                        │ │
│ │              '2026-10-07T00:00:00+00:00'                                 │ │
│ │              │   │   │   }                                               │ │
│ │              │   │   ),                                                  │ │
│ │              │   │   NodeWrite(                                          │ │
│ │              │   │   │   ref=NodeRef(                                    │ │
│ │              │   │   │   │   label='ExpansionRecord',                    │ │
│ │              │   │   │   │                                               │ │
│ │              key='ExpansionRecord:left|20261007-cloud-projection-expans… │ │
│ │              │   │   │   │   key_property='node_id'                      │ │
│ │              │   │   │   ),                                              │ │
│ │              │   │   │   properties={                                    │ │
│ │              │   │   │   │   'group': 'left',                            │ │
│ │              │   │   │   │   'item':                                     │ │
│ │              '20261007-cloud-projection-expansion-01-s3',                │ │
│ │              │   │   │   │   'node_type': 'ExpansionRecord',             │ │
│ │              │   │   │   │   'ontology_version':                         │ │
│ │              'sha256:5f186f22f85d321c'                                   │ │
│ │              │   │   │   },                                              │ │
│ │              │   │   │   defaults={                                      │ │
│ │              │   │   │   │   'status': 'new',                            │ │
│ │              │   │   │   │   'status_changed_at':                        │ │
│ │              '2026-10-07T00:00:00+00:00'                                 │ │
│ │              │   │   │   }                                               │ │
│ │              │   │   ),                                                  │ │
│ │              │   │   NodeWrite(                                          │ │
│ │              │   │   │   ref=NodeRef(                                    │ │
│ │              │   │   │   │   label='ExpansionRecord',                    │ │
│ │              │   │   │   │                                               │ │
│ │              key='ExpansionRecord:left|20261007-cloud-projection-expans… │ │
│ │              │   │   │   │   key_property='node_id'                      │ │
│ │              │   │   │   ),                                              │ │
│ │              │   │   │   properties={                                    │ │
│ │              │   │   │   │   'group': 'left',                            │ │
│ │              │   │   │   │   'item':                                     │ │
│ │              '20261007-cloud-projection-expansion-01-s4',                │ │
│ │              │   │   │   │   'node_type': 'ExpansionRecord',             │ │
│ │              │   │   │   │   'ontology_version':                         │ │
│ │              'sha256:5f186f22f85d321c'                                   │ │
│ │              │   │   │   },                                              │ │
│ │              │   │   │   defaults={                                      │ │
│ │              │   │   │   │   'status': 'new',                            │ │
│ │              │   │   │   │   'status_changed_at':                        │ │
│ │              '2026-10-07T00:00:00+00:00'                                 │ │
│ │              │   │   │   }                                               │ │
│ │              │   │   ),                                                  │ │
│ │              │   │   NodeWrite(                                          │ │
│ │              │   │   │   ref=NodeRef(                                    │ │
│ │              │   │   │   │   label='ExpansionRecord',                    │ │
│ │              │   │   │   │                                               │ │
│ │              key='ExpansionRecord:left|20261007-cloud-projection-expans… │ │
│ │              │   │   │   │   key_property='node_id'                      │ │
│ │              │   │   │   ),                                              │ │
│ │              │   │   │   properties={                                    │ │
│ │              │   │   │   │   'group': 'left',                            │ │
│ │              │   │   │   │   'item':                                     │ │
│ │              '20261007-cloud-projection-expansion-01-s5',                │ │
│ │              │   │   │   │   'node_type': 'ExpansionRecord',             │ │
│ │              │   │   │   │   'ontology_version':                         │ │
│ │              'sha256:5f186f22f85d321c'                                   │ │
│ │              │   │   │   },                                              │ │
│ │              │   │   │   defaults={                                      │ │
│ │              │   │   │   │   'status': 'new',                            │ │
│ │              │   │   │   │   'status_changed_at':                        │ │
│ │              '2026-10-07T00:00:00+00:00'                                 │ │
│ │              │   │   │   }                                               │ │
│ │              │   │   ),                                                  │ │
│ │              │   │   NodeWrite(                                          │ │
│ │              │   │   │   ref=NodeRef(                                    │ │
│ │              │   │   │   │   label='ExpansionRecord',                    │ │
│ │              │   │   │   │                                               │ │
│ │              key='ExpansionRecord:left|20261007-cloud-projection-expans… │ │
│ │              │   │   │   │   key_property='node_id'                      │ │
│ │              │   │   │   ),                                              │ │
│ │              │   │   │   properties={                                    │ │
│ │              │   │   │   │   'group': 'left',                            │ │
│ │              │   │   │   │   'item':                                     │ │
│ │              '20261007-cloud-projection-expansion-01-s6',                │ │
│ │              │   │   │   │   'node_type': 'ExpansionRecord',             │ │
│ │              │   │   │   │   'ontology_version':                         │ │
│ │              'sha256:5f186f22f85d321c'                                   │ │
│ │              │   │   │   },                                              │ │
│ │              │   │   │   defaults={                                      │ │
│ │              │   │   │   │   'status': 'new',                            │ │
│ │              │   │   │   │   'status_changed_at':                        │ │
│ │              '2026-10-07T00:00:00+00:00'                                 │ │
│ │              │   │   │   }                                               │ │
│ │              │   │   ),                                                  │ │
│ │              │   │   NodeWrite(                                          │ │
│ │              │   │   │   ref=NodeRef(                                    │ │
│ │              │   │   │   │   label='ExpansionRecord',                    │ │
│ │              │   │   │   │                                               │ │
│ │              key='ExpansionRecord:left|20261007-cloud-projection-expans… │ │
│ │              │   │   │   │   key_property='node_id'                      │ │
│ │              │   │   │   ),                                              │ │
│ │              │   │   │   properties={                                    │ │
│ │              │   │   │   │   'group': 'left',                            │ │
│ │              │   │   │   │   'item':                                     │ │
│ │              '20261007-cloud-projection-expansion-01-s7',                │ │
│ │              │   │   │   │   'node_type': 'ExpansionRecord',             │ │
│ │              │   │   │   │   'ontology_version':                         │ │
│ │              'sha256:5f186f22f85d321c'                                   │ │
│ │              │   │   │   },                                              │ │
│ │              │   │   │   defaults={                                      │ │
│ │              │   │   │   │   'status': 'new',                            │ │
│ │              │   │   │   │   'status_changed_at':                        │ │
│ │              '2026-10-07T00:00:00+00:00'                                 │ │
│ │              │   │   │   }                                               │ │
│ │              │   │   ),                                                  │ │
│ │              │   │   NodeWrite(                                          │ │
│ │              │   │   │   ref=NodeRef(                                    │ │
│ │              │   │   │   │   label='ExpansionRecord',                    │ │
│ │              │   │   │   │                                               │ │
│ │              key='ExpansionRecord:left|20261007-cloud-projection-expans… │ │
│ │              │   │   │   │   key_property='node_id'                      │ │
│ │              │   │   │   ),                                              │ │
│ │              │   │   │   properties={                                    │ │
│ │              │   │   │   │   'group': 'left',                            │ │
│ │              │   │   │   │   'item':                                     │ │
│ │              '20261007-cloud-projection-expansion-01-s8',                │ │
│ │              │   │   │   │   'node_type': 'ExpansionRecord',             │ │
│ │              │   │   │   │   'ontology_version':                         │ │
│ │              'sha256:5f186f22f85d321c'                                   │ │
│ │              │   │   │   },                                              │ │
│ │              │   │   │   defaults={                                      │ │
│ │              │   │   │   │   'status': 'new',                            │ │
│ │              │   │   │   │   'status_changed_at':                        │ │
│ │              '2026-10-07T00:00:00+00:00'                                 │ │
│ │              │   │   │   }                                               │ │
│ │              │   │   ),                                                  │ │
│ │              │   │   NodeWrite(                                          │ │
│ │              │   │   │   ref=NodeRef(                                    │ │
│ │              │   │   │   │   label='ExpansionRecord',                    │ │
│ │              │   │   │   │                                               │ │
│ │              key='ExpansionRecord:left|20261007-cloud-projection-expans… │ │
│ │              │   │   │   │   key_property='node_id'                      │ │
│ │              │   │   │   ),                                              │ │
│ │              │   │   │   properties={                                    │ │
│ │              │   │   │   │   'group': 'left',                            │ │
│ │              │   │   │   │   'item':                                     │ │
│ │              '20261007-cloud-projection-expansion-01-s9',                │ │
│ │              │   │   │   │   'node_type': 'ExpansionRecord',             │ │
│ │              │   │   │   │   'ontology_version':                         │ │
│ │              'sha256:5f186f22f85d321c'                                   │ │
│ │              │   │   │   },                                              │ │
│ │              │   │   │   defaults={                                      │ │
│ │              │   │   │   │   'status': 'new',                            │ │
│ │              │   │   │   │   'status_changed_at':                        │ │
│ │              '2026-10-07T00:00:00+00:00'                                 │ │
│ │              │   │   │   }                                               │ │
│ │              │   │   ),                                                  │ │
│ │              │   │   ... +191                                            │ │
│ │              │   ],                                                      │ │
│ │              │   states=[],                                              │ │
│ │              │   edges=[],                                               │ │
│ │              │   lookups=[],                                             │ │
│ │              │   rejected=[]                                             │ │
│ │              )                                                           │ │
│ ╰──────────────────────────────────────────────────────────────────────────╯ │
│                                                                              │
│ /Users/arunmenon/projects/Engram/src/context_graph/domain/pack_projection.py │
│ :83 in _check_expansion_count                                                │
│                                                                              │
│    80                                                                        │
│    81 def _check_expansion_count(count: int) -> None:                        │
│    82 │   if count > MAX_PROJECTION_OPERATIONS:                              │
│ ❱  83 │   │   raise ProjectionExpansionError("plan_limit_exceeded")          │
│    84                                                                        │
│    85                                                                        │
│    86 # Fields that order matches for ``to_latest``: the first the target ty │
│                                                                              │
│ ╭─── locals ────╮                                                            │
│ │ count = 10301 │                                                            │
│ ╰───────────────╯                                                            │
╰──────────────────────────────────────────────────────────────────────────────╯
ProjectionExpansionError: Projection expansion refused: plan_limit_exceeded

2026-10-07 22:41:02 [debug    ] event_projected                edge_count=0 entry_id=2026-10-07T17:10:58.160639000Z/000002/bc0201ff-6da3-58fe-b0d5-4d83eee8e9f6 event_id=bc0201ff-6da3-58fe-b0d5-4d83eee8e9f6 session_id=bc0201ff-6da3-58fe-b0d5-4d83eee8e9f6
2026-10-07 22:41:02 [error    ] pack_projection_failed         entry_id=2026-10-07T17:10:58.160639000Z/000002/bc0201ff-6da3-58fe-b0d5-4d83eee8e9f6 event_id=bc0201ff-6da3-58fe-b0d5-4d83eee8e9f6 event_type=expansion.recorded
╭───────────────────── Traceback (most recent call last) ──────────────────────╮
│ /Users/arunmenon/projects/Engram/src/context_graph/worker/projection.py:223  │
│ in _apply_pack_rules                                                         │
│                                                                              │
│   220 │   │   │   │   │   │   entry_id,                                      │
│   221 │   │   │   │   │   │   data,                                          │
│   222 │   │   │   │   │   │   event,                                         │
│ ❱ 223 │   │   │   │   │   │   self._pack_projector.plan(                     │
│   224 │   │   │   │   │   │   │   event, document, provenance=(provenances o │
│       {}).get(entry_id)                                                      │
│   225 │   │   │   │   │   │   )                                              │
│   226 │   │   │   │   │   │   if getattr(self._pack_projector, "requires_pro │
│       is True                                                                │
│                                                                              │
│ ╭───────────────────────────────── locals ─────────────────────────────────╮ │
│ │        data = {'event_id': 'bc0201ff-6da3-58fe-b0d5-4d83eee8e9f6'}       │ │
│ │    document = {                                                          │ │
│ │               │   'agent_id': 'untrusted-display-name',                  │ │
│ │               │   'ended_at': None,                                      │ │
│ │               │   'event_id': 'bc0201ff-6da3-58fe-b0d5-4d83eee8e9f6',    │ │
│ │               │   'event_type': 'expansion.recorded',                    │ │
│ │               │   'global_position':                                     │ │
│ │               '2026-10-07T17:10:58.160639000Z/000002/bc0201ff-6da3-58fe… │ │
│ │               │   'importance_hint': None,                               │ │
│ │               │   'occurred_at': '2026-10-07T00:00:00Z',                 │ │
│ │               │   'parent_event_id': None,                               │ │
│ │               │   'payload': {                                           │ │
│ │               │   │   'groups': [                                        │ │
│ │               │   │   │   '20261007-cloud-projection-expansion-01',      │ │
│ │               │   │   │   '20261007-cloud-projection-expansion-01',      │ │
│ │               │   │   │   '20261007-cloud-projection-expansion-01',      │ │
│ │               │   │   │   '20261007-cloud-projection-expansion-01',      │ │
│ │               │   │   │   '20261007-cloud-projection-expansion-01',      │ │
│ │               │   │   │   '20261007-cloud-projection-expansion-01',      │ │
│ │               │   │   │   '20261007-cloud-projection-expansion-01',      │ │
│ │               │   │   │   '20261007-cloud-projection-expansion-01',      │ │
│ │               │   │   │   '20261007-cloud-projection-expansion-01',      │ │
│ │               │   │   │   '20261007-cloud-projection-expansion-01',      │ │
│ │               │   │   │   ... +2090                                      │ │
│ │               │   │   ],                                                 │ │
│ │               │   │   'items': [                                         │ │
│ │               │   │   │                                                  │ │
│ │               '20261007-cloud-projection-expansion-01-cumulative-0',     │ │
│ │               │   │   │                                                  │ │
│ │               '20261007-cloud-projection-expansion-01-cumulative-1',     │ │
│ │               │   │   │                                                  │ │
│ │               '20261007-cloud-projection-expansion-01-cumulative-2',     │ │
│ │               │   │   │                                                  │ │
│ │               '20261007-cloud-projection-expansion-01-cumulative-3',     │ │
│ │               │   │   │                                                  │ │
│ │               '20261007-cloud-projection-expansion-01-cumulative-4',     │ │
│ │               │   │   │                                                  │ │
│ │               '20261007-cloud-projection-expansion-01-cumulative-5',     │ │
│ │               │   │   │                                                  │ │
│ │               '20261007-cloud-projection-expansion-01-cumulative-6',     │ │
│ │               │   │   │                                                  │ │
│ │               '20261007-cloud-projection-expansion-01-cumulative-7',     │ │
│ │               │   │   │                                                  │ │
│ │               '20261007-cloud-projection-expansion-01-cumulative-8',     │ │
│ │               │   │   │                                                  │ │
│ │               '20261007-cloud-projection-expansion-01-cumulative-9',     │ │
│ │               │   │   │   ... +2090                                      │ │
│ │               │   │   ]                                                  │ │
│ │               │   },                                                     │ │
│ │               │   'payload_ref':                                         │ │
│ │               'fixture:bc0201ff-6da3-58fe-b0d5-4d83eee8e9f6',            │ │
│ │               │   ... +7                                                 │ │
│ │               }                                                          │ │
│ │    entry_id = '2026-10-07T17:10:58.160639000Z/000002/bc0201ff-6da3-58fe… │ │
│ │       event = Event(                                                     │ │
│ │               │   event_id=UUID('bc0201ff-6da3-58fe-b0d5-4d83eee8e9f6'), │ │
│ │               │   event_type='expansion.recorded',                       │ │
│ │               │   occurred_at=datetime.datetime(2026, 10, 7, 0, 0,       │ │
│ │               tzinfo=datetime.timezone.utc),                             │ │
│ │               │   session_id='bc0201ff-6da3-58fe-b0d5-4d83eee8e9f6',     │ │
│ │               │   agent_id='untrusted-display-name',                     │ │
│ │               │   trace_id='20261007-cloud-projection-expansion-01',     │ │
│ │               │                                                          │ │
│ │               payload_ref='fixture:bc0201ff-6da3-58fe-b0d5-4d83eee8e9f6… │ │
│ │               │                                                          │ │
│ │               global_position='2026-10-07T17:10:58.160639000Z/000002/bc… │ │
│ │               │   tool_name=None,                                        │ │
│ │               │   parent_event_id=None,                                  │ │
│ │               │   ended_at=None,                                         │ │
│ │               │   status=None,                                           │ │
│ │               │   schema_version=1,                                      │ │
│ │               │   importance_hint=None                                   │ │
│ │               )                                                          │ │
│ │ pack_events = [                                                          │ │
│ │               │   (                                                      │ │
│ │               │   │                                                      │ │
│ │               '2026-10-07T17:10:58.160639000Z/000002/bc0201ff-6da3-58fe… │ │
│ │               │   │   {                                                  │ │
│ │               │   │   │   'event_id':                                    │ │
│ │               'bc0201ff-6da3-58fe-b0d5-4d83eee8e9f6'                     │ │
│ │               │   │   },                                                 │ │
│ │               │   │   Event(                                             │ │
│ │               │   │   │                                                  │ │
│ │               event_id=UUID('bc0201ff-6da3-58fe-b0d5-4d83eee8e9f6'),     │ │
│ │               │   │   │   event_type='expansion.recorded',               │ │
│ │               │   │   │   occurred_at=datetime.datetime(2026, 10, 7, 0,  │ │
│ │               0, tzinfo=datetime.timezone.utc),                          │ │
│ │               │   │   │                                                  │ │
│ │               session_id='bc0201ff-6da3-58fe-b0d5-4d83eee8e9f6',         │ │
│ │               │   │   │   agent_id='untrusted-display-name',             │ │
│ │               │   │   │                                                  │ │
│ │               trace_id='20261007-cloud-projection-expansion-01',         │ │
│ │               │   │   │                                                  │ │
│ │               payload_ref='fixture:bc0201ff-6da3-58fe-b0d5-4d83eee8e9f6… │ │
│ │               │   │   │                                                  │ │
│ │               global_position='2026-10-07T17:10:58.160639000Z/000002/bc… │ │
│ │               │   │   │   tool_name=None,                                │ │
│ │               │   │   │   parent_event_id=None,                          │ │
│ │               │   │   │   ended_at=None,                                 │ │
│ │               │   │   │   status=None,                                   │ │
│ │               │   │   │   schema_version=1,                              │ │
│ │               │   │   │   importance_hint=None                           │ │
│ │               │   │   ),                                                 │ │
│ │               │   │   {                                                  │ │
│ │               │   │   │   'agent_id': 'untrusted-display-name',          │ │
│ │               │   │   │   'ended_at': None,                              │ │
│ │               │   │   │   'event_id':                                    │ │
│ │               'bc0201ff-6da3-58fe-b0d5-4d83eee8e9f6',                    │ │
│ │               │   │   │   'event_type': 'expansion.recorded',            │ │
│ │               │   │   │   'global_position':                             │ │
│ │               '2026-10-07T17:10:58.160639000Z/000002/bc0201ff-6da3-58fe… │ │
│ │               │   │   │   'importance_hint': None,                       │ │
│ │               │   │   │   'occurred_at': '2026-10-07T00:00:00Z',         │ │
│ │               │   │   │   'parent_event_id': None,                       │ │
│ │               │   │   │   'payload': {                                   │ │
│ │               │   │   │   │   'groups': [                                │ │
│ │               │   │   │   │   │                                          │ │
│ │               '20261007-cloud-projection-expansion-01',                  │ │
│ │               │   │   │   │   │                                          │ │
│ │               '20261007-cloud-projection-expansion-01',                  │ │
│ │               │   │   │   │   │                                          │ │
│ │               '20261007-cloud-projection-expansion-01',                  │ │
│ │               │   │   │   │   │                                          │ │
│ │               '20261007-cloud-projection-expansion-01',                  │ │
│ │               │   │   │   │   │                                          │ │
│ │               '20261007-cloud-projection-expansion-01',                  │ │
│ │               │   │   │   │   │                                          │ │
│ │               '20261007-cloud-projection-expansion-01',                  │ │
│ │               │   │   │   │   │                                          │ │
│ │               '20261007-cloud-projection-expansion-01',                  │ │
│ │               │   │   │   │   │                                          │ │
│ │               '20261007-cloud-projection-expansion-01',                  │ │
│ │               │   │   │   │   │                                          │ │
│ │               '20261007-cloud-projection-expansion-01',                  │ │
│ │               │   │   │   │   │                                          │ │
│ │               '20261007-cloud-projection-expansion-01',                  │ │
│ │               │   │   │   │   │   ... +2090                              │ │
│ │               │   │   │   │   ],                                         │ │
│ │               │   │   │   │   'items': [                                 │ │
│ │               │   │   │   │   │                                          │ │
│ │               '20261007-cloud-projection-expansion-01-cumulative-0',     │ │
│ │               │   │   │   │   │                                          │ │
│ │               '20261007-cloud-projection-expansion-01-cumulative-1',     │ │
│ │               │   │   │   │   │                                          │ │
│ │               '20261007-cloud-projection-expansion-01-cumulative-2',     │ │
│ │               │   │   │   │   │                                          │ │
│ │               '20261007-cloud-projection-expansion-01-cumulative-3',     │ │
│ │               │   │   │   │   │                                          │ │
│ │               '20261007-cloud-projection-expansion-01-cumulative-4',     │ │
│ │               │   │   │   │   │                                          │ │
│ │               '20261007-cloud-projection-expansion-01-cumulative-5',     │ │
│ │               │   │   │   │   │                                          │ │
│ │               '20261007-cloud-projection-expansion-01-cumulative-6',     │ │
│ │               │   │   │   │   │                                          │ │
│ │               '20261007-cloud-projection-expansion-01-cumulative-7',     │ │
│ │               │   │   │   │   │                                          │ │
│ │               '20261007-cloud-projection-expansion-01-cumulative-8',     │ │
│ │               │   │   │   │   │                                          │ │
│ │               '20261007-cloud-projection-expansion-01-cumulative-9',     │ │
│ │               │   │   │   │   │   ... +2090                              │ │
│ │               │   │   │   │   ]                                          │ │
│ │               │   │   │   },                                             │ │
│ │               │   │   │   'payload_ref':                                 │ │
│ │               'fixture:bc0201ff-6da3-58fe-b0d5-4d83eee8e9f6',            │ │
│ │               │   │   │   ... +7                                         │ │
│ │               │   │   }                                                  │ │
│ │               │   )                                                      │ │
│ │               ]                                                          │ │
│ │     planned = []                                                         │ │
│ │ provenances = {                                                          │ │
│ │               │                                                          │ │
│ │               '2026-10-07T17:10:58.160639000Z/000002/bc0201ff-6da3-58fe… │ │
│ │               VerifiedSourceProvenance(                                  │ │
│ │               │   │   event_id='bc0201ff-6da3-58fe-b0d5-4d83eee8e9f6',   │ │
│ │               │   │   acceptance=EventAcceptance(                        │ │
│ │               │   │   │   tenant_id='compat-control',                    │ │
│ │               │   │   │                                                  │ │
│ │               database_resource='projects/portiq-mvp/instances/engram-e… │ │
│ │               │   │   │   binding_id='compat-control-binding',           │ │
│ │               │   │   │   accepted_epoch=9,                              │ │
│ │               │   │   │                                                  │ │
│ │               bundle_digest='sha256:09743cb468a8de0ff6df4cd85019ccc299b… │ │
│ │               │   │   │                                                  │ │
│ │               engine_revision='tenant-control-conformance-v2-projection… │ │
│ │               │   │   │   source_id='verified-producer',                 │ │
│ │               │   │   │   envelope_version=1,                            │ │
│ │               │   │   │                                                  │ │
│ │               request_digest='sha256:json-v1:955c1637b9e2630a67d59babcb… │ │
│ │               │   │   )                                                  │ │
│ │               │   )                                                      │ │
│ │               }                                                          │ │
│ │        self = <context_graph.worker.projection.ProjectionConsumer object │ │
│ │               at 0x10d1793a0>                                            │ │
│ ╰──────────────────────────────────────────────────────────────────────────╯ │
│                                                                              │
│ /Users/arunmenon/projects/Engram/src/context_graph/domain/pack_projection.py │
│ :366 in plan                                                                 │
│                                                                              │
│   363 │   │   │   trust="trusted" if trusted else "untrusted",               │
│   364 │   │   )                                                              │
│   365 │   │   for _pack, rule in rules:                                      │
│ ❱ 366 │   │   │   self._plan_rule(rule, context, plan)                       │
│   367 │   │   │   plan.check_capacity()                                      │
│   368 │   │   return plan                                                    │
│   369                                                                        │
│                                                                              │
│ ╭───────────────────────────────── locals ─────────────────────────────────╮ │
│ │      _pack = 'expansion_observer'                                        │ │
│ │    context = _Context(                                                   │ │
│ │              │   scope=Scope(                                            │ │
│ │              │   │   payload={                                           │ │
│ │              │   │   │   'groups': [                                     │ │
│ │              │   │   │   │   '20261007-cloud-projection-expansion-01',   │ │
│ │              │   │   │   │   '20261007-cloud-projection-expansion-01',   │ │
│ │              │   │   │   │   '20261007-cloud-projection-expansion-01',   │ │
│ │              │   │   │   │   '20261007-cloud-projection-expansion-01',   │ │
│ │              │   │   │   │   '20261007-cloud-projection-expansion-01',   │ │
│ │              │   │   │   │   '20261007-cloud-projection-expansion-01',   │ │
│ │              │   │   │   │   '20261007-cloud-projection-expansion-01',   │ │
│ │              │   │   │   │   '20261007-cloud-projection-expansion-01',   │ │
│ │              │   │   │   │   '20261007-cloud-projection-expansion-01',   │ │
│ │              │   │   │   │   '20261007-cloud-projection-expansion-01',   │ │
│ │              │   │   │   │   ... +2090                                   │ │
│ │              │   │   │   ],                                              │ │
│ │              │   │   │   'items': [                                      │ │
│ │              │   │   │   │                                               │ │
│ │              '20261007-cloud-projection-expansion-01-cumulative-0',      │ │
│ │              │   │   │   │                                               │ │
│ │              '20261007-cloud-projection-expansion-01-cumulative-1',      │ │
│ │              │   │   │   │                                               │ │
│ │              '20261007-cloud-projection-expansion-01-cumulative-2',      │ │
│ │              │   │   │   │                                               │ │
│ │              '20261007-cloud-projection-expansion-01-cumulative-3',      │ │
│ │              │   │   │   │                                               │ │
│ │              '20261007-cloud-projection-expansion-01-cumulative-4',      │ │
│ │              │   │   │   │                                               │ │
│ │              '20261007-cloud-projection-expansion-01-cumulative-5',      │ │
│ │              │   │   │   │                                               │ │
│ │              '20261007-cloud-projection-expansion-01-cumulative-6',      │ │
│ │              │   │   │   │                                               │ │
│ │              '20261007-cloud-projection-expansion-01-cumulative-7',      │ │
│ │              │   │   │   │                                               │ │
│ │              '20261007-cloud-projection-expansion-01-cumulative-8',      │ │
│ │              │   │   │   │                                               │ │
│ │              '20261007-cloud-projection-expansion-01-cumulative-9',      │ │
│ │              │   │   │   │   ... +2090                                   │ │
│ │              │   │   │   ]                                               │ │
│ │              │   │   },                                                  │ │
│ │              │   │   event={                                             │ │
│ │              │   │   │   'event_id':                                     │ │
│ │              'bc0201ff-6da3-58fe-b0d5-4d83eee8e9f6',                     │ │
│ │              │   │   │   'event_type': 'expansion.recorded',             │ │
│ │              │   │   │   'occurred_at': '2026-10-07T00:00:00Z',          │ │
│ │              │   │   │   'session_id':                                   │ │
│ │              'bc0201ff-6da3-58fe-b0d5-4d83eee8e9f6',                     │ │
│ │              │   │   │   'agent_id': 'untrusted-display-name',           │ │
│ │              │   │   │   'trace_id':                                     │ │
│ │              '20261007-cloud-projection-expansion-01',                   │ │
│ │              │   │   │   'payload_ref':                                  │ │
│ │              'fixture:bc0201ff-6da3-58fe-b0d5-4d83eee8e9f6',             │ │
│ │              │   │   │   'global_position':                              │ │
│ │              '2026-10-07T17:10:58.160639000Z/000002/bc0201ff-6da3-58fe-… │ │
│ │              │   │   │   'tool_name': None,                              │ │
│ │              │   │   │   'parent_event_id': None,                        │ │
│ │              │   │   │   ... +4                                          │ │
│ │              │   │   }                                                   │ │
│ │              │   ),                                                      │ │
│ │              │   event_ref=NodeRef(                                      │ │
│ │              │   │   label='Event',                                      │ │
│ │              │   │   key='bc0201ff-6da3-58fe-b0d5-4d83eee8e9f6',         │ │
│ │              │   │   key_property='event_id'                             │ │
│ │              │   ),                                                      │ │
│ │              │   occurred_at='2026-10-07T00:00:00+00:00',                │ │
│ │              │   trust='trusted'                                         │ │
│ │              )                                                           │ │
│ │   document = {                                                           │ │
│ │              │   'agent_id': 'untrusted-display-name',                   │ │
│ │              │   'ended_at': None,                                       │ │
│ │              │   'event_id': 'bc0201ff-6da3-58fe-b0d5-4d83eee8e9f6',     │ │
│ │              │   'event_type': 'expansion.recorded',                     │ │
│ │              │   'global_position':                                      │ │
│ │              '2026-10-07T17:10:58.160639000Z/000002/bc0201ff-6da3-58fe-… │ │
│ │              │   'importance_hint': None,                                │ │
│ │              │   'occurred_at': '2026-10-07T00:00:00Z',                  │ │
│ │              │   'parent_event_id': None,                                │ │
│ │              │   'payload': {                                            │ │
│ │              │   │   'groups': [                                         │ │
│ │              │   │   │   '20261007-cloud-projection-expansion-01',       │ │
│ │              │   │   │   '20261007-cloud-projection-expansion-01',       │ │
│ │              │   │   │   '20261007-cloud-projection-expansion-01',       │ │
│ │              │   │   │   '20261007-cloud-projection-expansion-01',       │ │
│ │              │   │   │   '20261007-cloud-projection-expansion-01',       │ │
│ │              │   │   │   '20261007-cloud-projection-expansion-01',       │ │
│ │              │   │   │   '20261007-cloud-projection-expansion-01',       │ │
│ │              │   │   │   '20261007-cloud-projection-expansion-01',       │ │
│ │              │   │   │   '20261007-cloud-projection-expansion-01',       │ │
│ │              │   │   │   '20261007-cloud-projection-expansion-01',       │ │
│ │              │   │   │   ... +2090                                       │ │
│ │              │   │   ],                                                  │ │
│ │              │   │   'items': [                                          │ │
│ │              │   │   │                                                   │ │
│ │              '20261007-cloud-projection-expansion-01-cumulative-0',      │ │
│ │              │   │   │                                                   │ │
│ │              '20261007-cloud-projection-expansion-01-cumulative-1',      │ │
│ │              │   │   │                                                   │ │
│ │              '20261007-cloud-projection-expansion-01-cumulative-2',      │ │
│ │              │   │   │                                                   │ │
│ │              '20261007-cloud-projection-expansion-01-cumulative-3',      │ │
│ │              │   │   │                                                   │ │
│ │              '20261007-cloud-projection-expansion-01-cumulative-4',      │ │
│ │              │   │   │                                                   │ │
│ │              '20261007-cloud-projection-expansion-01-cumulative-5',      │ │
│ │              │   │   │                                                   │ │
│ │              '20261007-cloud-projection-expansion-01-cumulative-6',      │ │
│ │              │   │   │                                                   │ │
│ │              '20261007-cloud-projection-expansion-01-cumulative-7',      │ │
│ │              │   │   │                                                   │ │
│ │              '20261007-cloud-projection-expansion-01-cumulative-8',      │ │
│ │              │   │   │                                                   │ │
│ │              '20261007-cloud-projection-expansion-01-cumulative-9',      │ │
│ │              │   │   │   ... +2090                                       │ │
│ │              │   │   ]                                                   │ │
│ │              │   },                                                      │ │
│ │              │   'payload_ref':                                          │ │
│ │              'fixture:bc0201ff-6da3-58fe-b0d5-4d83eee8e9f6',             │ │
│ │              │   ... +7                                                  │ │
│ │              }                                                           │ │
│ │   envelope = {                                                           │ │
│ │              │   'event_id': 'bc0201ff-6da3-58fe-b0d5-4d83eee8e9f6',     │ │
│ │              │   'event_type': 'expansion.recorded',                     │ │
│ │              │   'occurred_at': '2026-10-07T00:00:00Z',                  │ │
│ │              │   'session_id': 'bc0201ff-6da3-58fe-b0d5-4d83eee8e9f6',   │ │
│ │              │   'agent_id': 'untrusted-display-name',                   │ │
│ │              │   'trace_id': '20261007-cloud-projection-expansion-01',   │ │
│ │              │   'payload_ref':                                          │ │
│ │              'fixture:bc0201ff-6da3-58fe-b0d5-4d83eee8e9f6',             │ │
│ │              │   'global_position':                                      │ │
│ │              '2026-10-07T17:10:58.160639000Z/000002/bc0201ff-6da3-58fe-… │ │
│ │              │   'tool_name': None,                                      │ │
│ │              │   'parent_event_id': None,                                │ │
│ │              │   ... +4                                                  │ │
│ │              }                                                           │ │
│ │      event = Event(                                                      │ │
│ │              │   event_id=UUID('bc0201ff-6da3-58fe-b0d5-4d83eee8e9f6'),  │ │
│ │              │   event_type='expansion.recorded',                        │ │
│ │              │   occurred_at=datetime.datetime(2026, 10, 7, 0, 0,        │ │
│ │              tzinfo=datetime.timezone.utc),                              │ │
│ │              │   session_id='bc0201ff-6da3-58fe-b0d5-4d83eee8e9f6',      │ │
│ │              │   agent_id='untrusted-display-name',                      │ │
│ │              │   trace_id='20261007-cloud-projection-expansion-01',      │ │
│ │              │                                                           │ │
│ │              payload_ref='fixture:bc0201ff-6da3-58fe-b0d5-4d83eee8e9f6', │ │
│ │              │                                                           │ │
│ │              global_position='2026-10-07T17:10:58.160639000Z/000002/bc0… │ │
│ │              │   tool_name=None,                                         │ │
│ │              │   parent_event_id=None,                                   │ │
│ │              │   ended_at=None,                                          │ │
│ │              │   status=None,                                            │ │
│ │              │   schema_version=1,                                       │ │
│ │              │   importance_hint=None                                    │ │
│ │              )                                                           │ │
│ │    payload = {                                                           │ │
│ │              │   'groups': [                                             │ │
│ │              │   │   '20261007-cloud-projection-expansion-01',           │ │
│ │              │   │   '20261007-cloud-projection-expansion-01',           │ │
│ │              │   │   '20261007-cloud-projection-expansion-01',           │ │
│ │              │   │   '20261007-cloud-projection-expansion-01',           │ │
│ │              │   │   '20261007-cloud-projection-expansion-01',           │ │
│ │              │   │   '20261007-cloud-projection-expansion-01',           │ │
│ │              │   │   '20261007-cloud-projection-expansion-01',           │ │
│ │              │   │   '20261007-cloud-projection-expansion-01',           │ │
│ │              │   │   '20261007-cloud-projection-expansion-01',           │ │
│ │              │   │   '20261007-cloud-projection-expansion-01',           │ │
│ │              │   │   ... +2090                                           │ │
│ │              │   ],                                                      │ │
│ │              │   'items': [                                              │ │
│ │              │   │                                                       │ │
│ │              '20261007-cloud-projection-expansion-01-cumulative-0',      │ │
│ │              │   │                                                       │ │
│ │              '20261007-cloud-projection-expansion-01-cumulative-1',      │ │
│ │              │   │                                                       │ │
│ │              '20261007-cloud-projection-expansion-01-cumulative-2',      │ │
│ │              │   │                                                       │ │
│ │              '20261007-cloud-projection-expansion-01-cumulative-3',      │ │
│ │              │   │                                                       │ │
│ │              '20261007-cloud-projection-expansion-01-cumulative-4',      │ │
│ │              │   │                                                       │ │
│ │              '20261007-cloud-projection-expansion-01-cumulative-5',      │ │
│ │              │   │                                                       │ │
│ │              '20261007-cloud-projection-expansion-01-cumulative-6',      │ │
│ │              │   │                                                       │ │
│ │              '20261007-cloud-projection-expansion-01-cumulative-7',      │ │
│ │              │   │                                                       │ │
│ │              '20261007-cloud-projection-expansion-01-cumulative-8',      │ │
│ │              │   │                                                       │ │
│ │              '20261007-cloud-projection-expansion-01-cumulative-9',      │ │
│ │              │   │   ... +2090                                           │ │
│ │              │   ]                                                       │ │
│ │              }                                                           │ │
│ │       plan = ProjectionPlan(                                             │ │
│ │              │   nodes=[                                                 │ │
│ │              │   │   NodeWrite(                                          │ │
│ │              │   │   │   ref=NodeRef(                                    │ │
│ │              │   │   │   │   label='ExpansionRecord',                    │ │
│ │              │   │   │   │                                               │ │
│ │              key='ExpansionRecord:20261007-cloud-projection-expansion-0… │ │
│ │              │   │   │   │   key_property='node_id'                      │ │
│ │              │   │   │   ),                                              │ │
│ │              │   │   │   properties={                                    │ │
│ │              │   │   │   │   'group':                                    │ │
│ │              '20261007-cloud-projection-expansion-01',                   │ │
│ │              │   │   │   │   'item':                                     │ │
│ │              '20261007-cloud-projection-expansion-01-cumulative-0',      │ │
│ │              │   │   │   │   'node_type': 'ExpansionRecord',             │ │
│ │              │   │   │   │   'ontology_version':                         │ │
│ │              'sha256:5f186f22f85d321c',                                  │ │
│ │              │   │   │   │   'source_trust': 'trusted',                  │ │
│ │              │   │   │   │   'updated_at': '2026-10-07T00:00:00+00:00'   │ │
│ │              │   │   │   },                                              │ │
│ │              │   │   │   defaults={                                      │ │
│ │              │   │   │   │   'status': 'new',                            │ │
│ │              │   │   │   │   'status_changed_at':                        │ │
│ │              '2026-10-07T00:00:00+00:00'                                 │ │
│ │              │   │   │   }                                               │ │
│ │              │   │   ),                                                  │ │
│ │              │   │   NodeWrite(                                          │ │
│ │              │   │   │   ref=NodeRef(                                    │ │
│ │              │   │   │   │   label='ExpansionRecord',                    │ │
│ │              │   │   │   │                                               │ │
│ │              key='ExpansionRecord:20261007-cloud-projection-expansion-0… │ │
│ │              │   │   │   │   key_property='node_id'                      │ │
│ │              │   │   │   ),                                              │ │
│ │              │   │   │   properties={                                    │ │
│ │              │   │   │   │   'group':                                    │ │
│ │              '20261007-cloud-projection-expansion-01',                   │ │
│ │              │   │   │   │   'item':                                     │ │
│ │              '20261007-cloud-projection-expansion-01-cumulative-1',      │ │
│ │              │   │   │   │   'node_type': 'ExpansionRecord',             │ │
│ │              │   │   │   │   'ontology_version':                         │ │
│ │              'sha256:5f186f22f85d321c',                                  │ │
│ │              │   │   │   │   'source_trust': 'trusted',                  │ │
│ │              │   │   │   │   'updated_at': '2026-10-07T00:00:00+00:00'   │ │
│ │              │   │   │   },                                              │ │
│ │              │   │   │   defaults={                                      │ │
│ │              │   │   │   │   'status': 'new',                            │ │
│ │              │   │   │   │   'status_changed_at':                        │ │
│ │              '2026-10-07T00:00:00+00:00'                                 │ │
│ │              │   │   │   }                                               │ │
│ │              │   │   ),                                                  │ │
│ │              │   │   NodeWrite(                                          │ │
│ │              │   │   │   ref=NodeRef(                                    │ │
│ │              │   │   │   │   label='ExpansionRecord',                    │ │
│ │              │   │   │   │                                               │ │
│ │              key='ExpansionRecord:20261007-cloud-projection-expansion-0… │ │
│ │              │   │   │   │   key_property='node_id'                      │ │
│ │              │   │   │   ),                                              │ │
│ │              │   │   │   properties={                                    │ │
│ │              │   │   │   │   'group':                                    │ │
│ │              '20261007-cloud-projection-expansion-01',                   │ │
│ │              │   │   │   │   'item':                                     │ │
│ │              '20261007-cloud-projection-expansion-01-cumulative-2',      │ │
│ │              │   │   │   │   'node_type': 'ExpansionRecord',             │ │
│ │              │   │   │   │   'ontology_version':                         │ │
│ │              'sha256:5f186f22f85d321c',                                  │ │
│ │              │   │   │   │   'source_trust': 'trusted',                  │ │
│ │              │   │   │   │   'updated_at': '2026-10-07T00:00:00+00:00'   │ │
│ │              │   │   │   },                                              │ │
│ │              │   │   │   defaults={                                      │ │
│ │              │   │   │   │   'status': 'new',                            │ │
│ │              │   │   │   │   'status_changed_at':                        │ │
│ │              '2026-10-07T00:00:00+00:00'                                 │ │
│ │              │   │   │   }                                               │ │
│ │              │   │   ),                                                  │ │
│ │              │   │   NodeWrite(                                          │ │
│ │              │   │   │   ref=NodeRef(                                    │ │
│ │              │   │   │   │   label='ExpansionRecord',                    │ │
│ │              │   │   │   │                                               │ │
│ │              key='ExpansionRecord:20261007-cloud-projection-expansion-0… │ │
│ │              │   │   │   │   key_property='node_id'                      │ │
│ │              │   │   │   ),                                              │ │
│ │              │   │   │   properties={                                    │ │
│ │              │   │   │   │   'group':                                    │ │
│ │              '20261007-cloud-projection-expansion-01',                   │ │
│ │              │   │   │   │   'item':                                     │ │
│ │              '20261007-cloud-projection-expansion-01-cumulative-3',      │ │
│ │              │   │   │   │   'node_type': 'ExpansionRecord',             │ │
│ │              │   │   │   │   'ontology_version':                         │ │
│ │              'sha256:5f186f22f85d321c',                                  │ │
│ │              │   │   │   │   'source_trust': 'trusted',                  │ │
│ │              │   │   │   │   'updated_at': '2026-10-07T00:00:00+00:00'   │ │
│ │              │   │   │   },                                              │ │
│ │              │   │   │   defaults={                                      │ │
│ │              │   │   │   │   'status': 'new',                            │ │
│ │              │   │   │   │   'status_changed_at':                        │ │
│ │              '2026-10-07T00:00:00+00:00'                                 │ │
│ │              │   │   │   }                                               │ │
│ │              │   │   ),                                                  │ │
│ │              │   │   NodeWrite(                                          │ │
│ │              │   │   │   ref=NodeRef(                                    │ │
│ │              │   │   │   │   label='ExpansionRecord',                    │ │
│ │              │   │   │   │                                               │ │
│ │              key='ExpansionRecord:20261007-cloud-projection-expansion-0… │ │
│ │              │   │   │   │   key_property='node_id'                      │ │
│ │              │   │   │   ),                                              │ │
│ │              │   │   │   properties={                                    │ │
│ │              │   │   │   │   'group':                                    │ │
│ │              '20261007-cloud-projection-expansion-01',                   │ │
│ │              │   │   │   │   'item':                                     │ │
│ │              '20261007-cloud-projection-expansion-01-cumulative-4',      │ │
│ │              │   │   │   │   'node_type': 'ExpansionRecord',             │ │
│ │              │   │   │   │   'ontology_version':                         │ │
│ │              'sha256:5f186f22f85d321c',                                  │ │
│ │              │   │   │   │   'source_trust': 'trusted',                  │ │
│ │              │   │   │   │   'updated_at': '2026-10-07T00:00:00+00:00'   │ │
│ │              │   │   │   },                                              │ │
│ │              │   │   │   defaults={                                      │ │
│ │              │   │   │   │   'status': 'new',                            │ │
│ │              │   │   │   │   'status_changed_at':                        │ │
│ │              '2026-10-07T00:00:00+00:00'                                 │ │
│ │              │   │   │   }                                               │ │
│ │              │   │   ),                                                  │ │
│ │              │   │   NodeWrite(                                          │ │
│ │              │   │   │   ref=NodeRef(                                    │ │
│ │              │   │   │   │   label='ExpansionRecord',                    │ │
│ │              │   │   │   │                                               │ │
│ │              key='ExpansionRecord:20261007-cloud-projection-expansion-0… │ │
│ │              │   │   │   │   key_property='node_id'                      │ │
│ │              │   │   │   ),                                              │ │
│ │              │   │   │   properties={                                    │ │
│ │              │   │   │   │   'group':                                    │ │
│ │              '20261007-cloud-projection-expansion-01',                   │ │
│ │              │   │   │   │   'item':                                     │ │
│ │              '20261007-cloud-projection-expansion-01-cumulative-5',      │ │
│ │              │   │   │   │   'node_type': 'ExpansionRecord',             │ │
│ │              │   │   │   │   'ontology_version':                         │ │
│ │              'sha256:5f186f22f85d321c',                                  │ │
│ │              │   │   │   │   'source_trust': 'trusted',                  │ │
│ │              │   │   │   │   'updated_at': '2026-10-07T00:00:00+00:00'   │ │
│ │              │   │   │   },                                              │ │
│ │              │   │   │   defaults={                                      │ │
│ │              │   │   │   │   'status': 'new',                            │ │
│ │              │   │   │   │   'status_changed_at':                        │ │
│ │              '2026-10-07T00:00:00+00:00'                                 │ │
│ │              │   │   │   }                                               │ │
│ │              │   │   ),                                                  │ │
│ │              │   │   NodeWrite(                                          │ │
│ │              │   │   │   ref=NodeRef(                                    │ │
│ │              │   │   │   │   label='ExpansionRecord',                    │ │
│ │              │   │   │   │                                               │ │
│ │              key='ExpansionRecord:20261007-cloud-projection-expansion-0… │ │
│ │              │   │   │   │   key_property='node_id'                      │ │
│ │              │   │   │   ),                                              │ │
│ │              │   │   │   properties={                                    │ │
│ │              │   │   │   │   'group':                                    │ │
│ │              '20261007-cloud-projection-expansion-01',                   │ │
│ │              │   │   │   │   'item':                                     │ │
│ │              '20261007-cloud-projection-expansion-01-cumulative-6',      │ │
│ │              │   │   │   │   'node_type': 'ExpansionRecord',             │ │
│ │              │   │   │   │   'ontology_version':                         │ │
│ │              'sha256:5f186f22f85d321c',                                  │ │
│ │              │   │   │   │   'source_trust': 'trusted',                  │ │
│ │              │   │   │   │   'updated_at': '2026-10-07T00:00:00+00:00'   │ │
│ │              │   │   │   },                                              │ │
│ │              │   │   │   defaults={                                      │ │
│ │              │   │   │   │   'status': 'new',                            │ │
│ │              │   │   │   │   'status_changed_at':                        │ │
│ │              '2026-10-07T00:00:00+00:00'                                 │ │
│ │              │   │   │   }                                               │ │
│ │              │   │   ),                                                  │ │
│ │              │   │   NodeWrite(                                          │ │
│ │              │   │   │   ref=NodeRef(                                    │ │
│ │              │   │   │   │   label='ExpansionRecord',                    │ │
│ │              │   │   │   │                                               │ │
│ │              key='ExpansionRecord:20261007-cloud-projection-expansion-0… │ │
│ │              │   │   │   │   key_property='node_id'                      │ │
│ │              │   │   │   ),                                              │ │
│ │              │   │   │   properties={                                    │ │
│ │              │   │   │   │   'group':                                    │ │
│ │              '20261007-cloud-projection-expansion-01',                   │ │
│ │              │   │   │   │   'item':                                     │ │
│ │              '20261007-cloud-projection-expansion-01-cumulative-7',      │ │
│ │              │   │   │   │   'node_type': 'ExpansionRecord',             │ │
│ │              │   │   │   │   'ontology_version':                         │ │
│ │              'sha256:5f186f22f85d321c',                                  │ │
│ │              │   │   │   │   'source_trust': 'trusted',                  │ │
│ │              │   │   │   │   'updated_at': '2026-10-07T00:00:00+00:00'   │ │
│ │              │   │   │   },                                              │ │
│ │              │   │   │   defaults={                                      │ │
│ │              │   │   │   │   'status': 'new',                            │ │
│ │              │   │   │   │   'status_changed_at':                        │ │
│ │              '2026-10-07T00:00:00+00:00'                                 │ │
│ │              │   │   │   }                                               │ │
│ │              │   │   ),                                                  │ │
│ │              │   │   NodeWrite(                                          │ │
│ │              │   │   │   ref=NodeRef(                                    │ │
│ │              │   │   │   │   label='ExpansionRecord',                    │ │
│ │              │   │   │   │                                               │ │
│ │              key='ExpansionRecord:20261007-cloud-projection-expansion-0… │ │
│ │              │   │   │   │   key_property='node_id'                      │ │
│ │              │   │   │   ),                                              │ │
│ │              │   │   │   properties={                                    │ │
│ │              │   │   │   │   'group':                                    │ │
│ │              '20261007-cloud-projection-expansion-01',                   │ │
│ │              │   │   │   │   'item':                                     │ │
│ │              '20261007-cloud-projection-expansion-01-cumulative-8',      │ │
│ │              │   │   │   │   'node_type': 'ExpansionRecord',             │ │
│ │              │   │   │   │   'ontology_version':                         │ │
│ │              'sha256:5f186f22f85d321c',                                  │ │
│ │              │   │   │   │   'source_trust': 'trusted',                  │ │
│ │              │   │   │   │   'updated_at': '2026-10-07T00:00:00+00:00'   │ │
│ │              │   │   │   },                                              │ │
│ │              │   │   │   defaults={                                      │ │
│ │              │   │   │   │   'status': 'new',                            │ │
│ │              │   │   │   │   'status_changed_at':                        │ │
│ │              '2026-10-07T00:00:00+00:00'                                 │ │
│ │              │   │   │   }                                               │ │
│ │              │   │   ),                                                  │ │
│ │              │   │   NodeWrite(                                          │ │
│ │              │   │   │   ref=NodeRef(                                    │ │
│ │              │   │   │   │   label='ExpansionRecord',                    │ │
│ │              │   │   │   │                                               │ │
│ │              key='ExpansionRecord:20261007-cloud-projection-expansion-0… │ │
│ │              │   │   │   │   key_property='node_id'                      │ │
│ │              │   │   │   ),                                              │ │
│ │              │   │   │   properties={                                    │ │
│ │              │   │   │   │   'group':                                    │ │
│ │              '20261007-cloud-projection-expansion-01',                   │ │
│ │              │   │   │   │   'item':                                     │ │
│ │              '20261007-cloud-projection-expansion-01-cumulative-9',      │ │
│ │              │   │   │   │   'node_type': 'ExpansionRecord',             │ │
│ │              │   │   │   │   'ontology_version':                         │ │
│ │              'sha256:5f186f22f85d321c',                                  │ │
│ │              │   │   │   │   'source_trust': 'trusted',                  │ │
│ │              │   │   │   │   'updated_at': '2026-10-07T00:00:00+00:00'   │ │
│ │              │   │   │   },                                              │ │
│ │              │   │   │   defaults={                                      │ │
│ │              │   │   │   │   'status': 'new',                            │ │
│ │              │   │   │   │   'status_changed_at':                        │ │
│ │              '2026-10-07T00:00:00+00:00'                                 │ │
│ │              │   │   │   }                                               │ │
│ │              │   │   ),                                                  │ │
│ │              │   │   ... +3940                                           │ │
│ │              │   ],                                                      │ │
│ │              │   states=[                                                │ │
│ │              │   │   StateChange(                                        │ │
│ │              │   │   │   ref=NodeRef(                                    │ │
│ │              │   │   │   │   label='ExpansionRecord',                    │ │
│ │              │   │   │   │                                               │ │
│ │              key='ExpansionRecord:20261007-cloud-projection-expansion-0… │ │
│ │              │   │   │   │   key_property='node_id'                      │ │
│ │              │   │   │   ),                                              │ │
│ │              │   │   │   to_state='ready',                               │ │
│ │              │   │   │   changed_at='2026-10-07T00:00:00+00:00',         │ │
│ │              │   │   │   only_from=()                                    │ │
│ │              │   │   ),                                                  │ │
│ │              │   │   StateChange(                                        │ │
│ │              │   │   │   ref=NodeRef(                                    │ │
│ │              │   │   │   │   label='ExpansionRecord',                    │ │
│ │              │   │   │   │                                               │ │
│ │              key='ExpansionRecord:20261007-cloud-projection-expansion-0… │ │
│ │              │   │   │   │   key_property='node_id'                      │ │
│ │              │   │   │   ),                                              │ │
│ │              │   │   │   to_state='ready',                               │ │
│ │              │   │   │   changed_at='2026-10-07T00:00:00+00:00',         │ │
│ │              │   │   │   only_from=()                                    │ │
│ │              │   │   ),                                                  │ │
│ │              │   │   StateChange(                                        │ │
│ │              │   │   │   ref=NodeRef(                                    │ │
│ │              │   │   │   │   label='ExpansionRecord',                    │ │
│ │              │   │   │   │                                               │ │
│ │              key='ExpansionRecord:20261007-cloud-projection-expansion-0… │ │
│ │              │   │   │   │   key_property='node_id'                      │ │
│ │              │   │   │   ),                                              │ │
│ │              │   │   │   to_state='ready',                               │ │
│ │              │   │   │   changed_at='2026-10-07T00:00:00+00:00',         │ │
│ │              │   │   │   only_from=()                                    │ │
│ │              │   │   ),                                                  │ │
│ │              │   │   StateChange(                                        │ │
│ │              │   │   │   ref=NodeRef(                                    │ │
│ │              │   │   │   │   label='ExpansionRecord',                    │ │
│ │              │   │   │   │                                               │ │
│ │              key='ExpansionRecord:20261007-cloud-projection-expansion-0… │ │
│ │              │   │   │   │   key_property='node_id'                      │ │
│ │              │   │   │   ),                                              │ │
│ │              │   │   │   to_state='ready',                               │ │
│ │              │   │   │   changed_at='2026-10-07T00:00:00+00:00',         │ │
│ │              │   │   │   only_from=()                                    │ │
│ │              │   │   ),                                                  │ │
│ │              │   │   StateChange(                                        │ │
│ │              │   │   │   ref=NodeRef(                                    │ │
│ │              │   │   │   │   label='ExpansionRecord',                    │ │
│ │              │   │   │   │                                               │ │
│ │              key='ExpansionRecord:20261007-cloud-projection-expansion-0… │ │
│ │              │   │   │   │   key_property='node_id'                      │ │
│ │              │   │   │   ),                                              │ │
│ │              │   │   │   to_state='ready',                               │ │
│ │              │   │   │   changed_at='2026-10-07T00:00:00+00:00',         │ │
│ │              │   │   │   only_from=()                                    │ │
│ │              │   │   ),                                                  │ │
│ │              │   │   StateChange(                                        │ │
│ │              │   │   │   ref=NodeRef(                                    │ │
│ │              │   │   │   │   label='ExpansionRecord',                    │ │
│ │              │   │   │   │                                               │ │
│ │              key='ExpansionRecord:20261007-cloud-projection-expansion-0… │ │
│ │              │   │   │   │   key_property='node_id'                      │ │
│ │              │   │   │   ),                                              │ │
│ │              │   │   │   to_state='ready',                               │ │
│ │              │   │   │   changed_at='2026-10-07T00:00:00+00:00',         │ │
│ │              │   │   │   only_from=()                                    │ │
│ │              │   │   ),                                                  │ │
│ │              │   │   StateChange(                                        │ │
│ │              │   │   │   ref=NodeRef(                                    │ │
│ │              │   │   │   │   label='ExpansionRecord',                    │ │
│ │              │   │   │   │                                               │ │
│ │              key='ExpansionRecord:20261007-cloud-projection-expansion-0… │ │
│ │              │   │   │   │   key_property='node_id'                      │ │
│ │              │   │   │   ),                                              │ │
│ │              │   │   │   to_state='ready',                               │ │
│ │              │   │   │   changed_at='2026-10-07T00:00:00+00:00',         │ │
│ │              │   │   │   only_from=()                                    │ │
│ │              │   │   ),                                                  │ │
│ │              │   │   StateChange(                                        │ │
│ │              │   │   │   ref=NodeRef(                                    │ │
│ │              │   │   │   │   label='ExpansionRecord',                    │ │
│ │              │   │   │   │                                               │ │
│ │              key='ExpansionRecord:20261007-cloud-projection-expansion-0… │ │
│ │              │   │   │   │   key_property='node_id'                      │ │
│ │              │   │   │   ),                                              │ │
│ │              │   │   │   to_state='ready',                               │ │
│ │              │   │   │   changed_at='2026-10-07T00:00:00+00:00',         │ │
│ │              │   │   │   only_from=()                                    │ │
│ │              │   │   ),                                                  │ │
│ │              │   │   StateChange(                                        │ │
│ │              │   │   │   ref=NodeRef(                                    │ │
│ │              │   │   │   │   label='ExpansionRecord',                    │ │
│ │              │   │   │   │                                               │ │
│ │              key='ExpansionRecord:20261007-cloud-projection-expansion-0… │ │
│ │              │   │   │   │   key_property='node_id'                      │ │
│ │              │   │   │   ),                                              │ │
│ │              │   │   │   to_state='ready',                               │ │
│ │              │   │   │   changed_at='2026-10-07T00:00:00+00:00',         │ │
│ │              │   │   │   only_from=()                                    │ │
│ │              │   │   ),                                                  │ │
│ │              │   │   StateChange(                                        │ │
│ │              │   │   │   ref=NodeRef(                                    │ │
│ │              │   │   │   │   label='ExpansionRecord',                    │ │
│ │              │   │   │   │                                               │ │
│ │              key='ExpansionRecord:20261007-cloud-projection-expansion-0… │ │
│ │              │   │   │   │   key_property='node_id'                      │ │
│ │              │   │   │   ),                                              │ │
│ │              │   │   │   to_state='ready',                               │ │
│ │              │   │   │   changed_at='2026-10-07T00:00:00+00:00',         │ │
│ │              │   │   │   only_from=()                                    │ │
│ │              │   │   ),                                                  │ │
│ │              │   │   ... +2090                                           │ │
│ │              │   ],                                                      │ │
│ │              │   edges=[                                                 │ │
│ │              │   │   EdgeWrite(                                          │ │
│ │              │   │   │   edge_type='DERIVED_FROM',                       │ │
│ │              │   │   │   source=NodeRef(                                 │ │
│ │              │   │   │   │   label='ExpansionRecord',                    │ │
│ │              │   │   │   │                                               │ │
│ │              key='ExpansionRecord:20261007-cloud-projection-expansion-0… │ │
│ │              │   │   │   │   key_property='node_id'                      │ │
│ │              │   │   │   ),                                              │ │
│ │              │   │   │   target=NodeRef(                                 │ │
│ │              │   │   │   │   label='Event',                              │ │
│ │              │   │   │   │   key='bc0201ff-6da3-58fe-b0d5-4d83eee8e9f6', │ │
│ │              │   │   │   │   key_property='event_id'                     │ │
│ │              │   │   │   ),                                              │ │
│ │              │   │   │   properties={},                                  │ │
│ │              │   │   │   create_only=False                               │ │
│ │              │   │   ),                                                  │ │
│ │              │   │   EdgeWrite(                                          │ │
│ │              │   │   │   edge_type='DERIVED_FROM',                       │ │
│ │              │   │   │   source=NodeRef(                                 │ │
│ │              │   │   │   │   label='ExpansionRecord',                    │ │
│ │              │   │   │   │                                               │ │
│ │              key='ExpansionRecord:20261007-cloud-projection-expansion-0… │ │
│ │              │   │   │   │   key_property='node_id'                      │ │
│ │              │   │   │   ),                                              │ │
│ │              │   │   │   target=NodeRef(                                 │ │
│ │              │   │   │   │   label='Event',                              │ │
│ │              │   │   │   │   key='bc0201ff-6da3-58fe-b0d5-4d83eee8e9f6', │ │
│ │              │   │   │   │   key_property='event_id'                     │ │
│ │              │   │   │   ),                                              │ │
│ │              │   │   │   properties={},                                  │ │
│ │              │   │   │   create_only=False                               │ │
│ │              │   │   ),                                                  │ │
│ │              │   │   EdgeWrite(                                          │ │
│ │              │   │   │   edge_type='DERIVED_FROM',                       │ │
│ │              │   │   │   source=NodeRef(                                 │ │
│ │              │   │   │   │   label='ExpansionRecord',                    │ │
│ │              │   │   │   │                                               │ │
│ │              key='ExpansionRecord:20261007-cloud-projection-expansion-0… │ │
│ │              │   │   │   │   key_property='node_id'                      │ │
│ │              │   │   │   ),                                              │ │
│ │              │   │   │   target=NodeRef(                                 │ │
│ │              │   │   │   │   label='Event',                              │ │
│ │              │   │   │   │   key='bc0201ff-6da3-58fe-b0d5-4d83eee8e9f6', │ │
│ │              │   │   │   │   key_property='event_id'                     │ │
│ │              │   │   │   ),                                              │ │
│ │              │   │   │   properties={},                                  │ │
│ │              │   │   │   create_only=False                               │ │
│ │              │   │   ),                                                  │ │
│ │              │   │   EdgeWrite(                                          │ │
│ │              │   │   │   edge_type='DERIVED_FROM',                       │ │
│ │              │   │   │   source=NodeRef(                                 │ │
│ │              │   │   │   │   label='ExpansionRecord',                    │ │
│ │              │   │   │   │                                               │ │
│ │              key='ExpansionRecord:20261007-cloud-projection-expansion-0… │ │
│ │              │   │   │   │   key_property='node_id'                      │ │
│ │              │   │   │   ),                                              │ │
│ │              │   │   │   target=NodeRef(                                 │ │
│ │              │   │   │   │   label='Event',                              │ │
│ │              │   │   │   │   key='bc0201ff-6da3-58fe-b0d5-4d83eee8e9f6', │ │
│ │              │   │   │   │   key_property='event_id'                     │ │
│ │              │   │   │   ),                                              │ │
│ │              │   │   │   properties={},                                  │ │
│ │              │   │   │   create_only=False                               │ │
│ │              │   │   ),                                                  │ │
│ │              │   │   EdgeWrite(                                          │ │
│ │              │   │   │   edge_type='DERIVED_FROM',                       │ │
│ │              │   │   │   source=NodeRef(                                 │ │
│ │              │   │   │   │   label='ExpansionRecord',                    │ │
│ │              │   │   │   │                                               │ │
│ │              key='ExpansionRecord:20261007-cloud-projection-expansion-0… │ │
│ │              │   │   │   │   key_property='node_id'                      │ │
│ │              │   │   │   ),                                              │ │
│ │              │   │   │   target=NodeRef(                                 │ │
│ │              │   │   │   │   label='Event',                              │ │
│ │              │   │   │   │   key='bc0201ff-6da3-58fe-b0d5-4d83eee8e9f6', │ │
│ │              │   │   │   │   key_property='event_id'                     │ │
│ │              │   │   │   ),                                              │ │
│ │              │   │   │   properties={},                                  │ │
│ │              │   │   │   create_only=False                               │ │
│ │              │   │   ),                                                  │ │
│ │              │   │   EdgeWrite(                                          │ │
│ │              │   │   │   edge_type='DERIVED_FROM',                       │ │
│ │              │   │   │   source=NodeRef(                                 │ │
│ │              │   │   │   │   label='ExpansionRecord',                    │ │
│ │              │   │   │   │                                               │ │
│ │              key='ExpansionRecord:20261007-cloud-projection-expansion-0… │ │
│ │              │   │   │   │   key_property='node_id'                      │ │
│ │              │   │   │   ),                                              │ │
│ │              │   │   │   target=NodeRef(                                 │ │
│ │              │   │   │   │   label='Event',                              │ │
│ │              │   │   │   │   key='bc0201ff-6da3-58fe-b0d5-4d83eee8e9f6', │ │
│ │              │   │   │   │   key_property='event_id'                     │ │
│ │              │   │   │   ),                                              │ │
│ │              │   │   │   properties={},                                  │ │
│ │              │   │   │   create_only=False                               │ │
│ │              │   │   ),                                                  │ │
│ │              │   │   EdgeWrite(                                          │ │
│ │              │   │   │   edge_type='DERIVED_FROM',                       │ │
│ │              │   │   │   source=NodeRef(                                 │ │
│ │              │   │   │   │   label='ExpansionRecord',                    │ │
│ │              │   │   │   │                                               │ │
│ │              key='ExpansionRecord:20261007-cloud-projection-expansion-0… │ │
│ │              │   │   │   │   key_property='node_id'                      │ │
│ │              │   │   │   ),                                              │ │
│ │              │   │   │   target=NodeRef(                                 │ │
│ │              │   │   │   │   label='Event',                              │ │
│ │              │   │   │   │   key='bc0201ff-6da3-58fe-b0d5-4d83eee8e9f6', │ │
│ │              │   │   │   │   key_property='event_id'                     │ │
│ │              │   │   │   ),                                              │ │
│ │              │   │   │   properties={},                                  │ │
│ │              │   │   │   create_only=False                               │ │
│ │              │   │   ),                                                  │ │
│ │              │   │   EdgeWrite(                                          │ │
│ │              │   │   │   edge_type='DERIVED_FROM',                       │ │
│ │              │   │   │   source=NodeRef(                                 │ │
│ │              │   │   │   │   label='ExpansionRecord',                    │ │
│ │              │   │   │   │                                               │ │
│ │              key='ExpansionRecord:20261007-cloud-projection-expansion-0… │ │
│ │              │   │   │   │   key_property='node_id'                      │ │
│ │              │   │   │   ),                                              │ │
│ │              │   │   │   target=NodeRef(                                 │ │
│ │              │   │   │   │   label='Event',                              │ │
│ │              │   │   │   │   key='bc0201ff-6da3-58fe-b0d5-4d83eee8e9f6', │ │
│ │              │   │   │   │   key_property='event_id'                     │ │
│ │              │   │   │   ),                                              │ │
│ │              │   │   │   properties={},                                  │ │
│ │              │   │   │   create_only=False                               │ │
│ │              │   │   ),                                                  │ │
│ │              │   │   EdgeWrite(                                          │ │
│ │              │   │   │   edge_type='DERIVED_FROM',                       │ │
│ │              │   │   │   source=NodeRef(                                 │ │
│ │              │   │   │   │   label='ExpansionRecord',                    │ │
│ │              │   │   │   │                                               │ │
│ │              key='ExpansionRecord:20261007-cloud-projection-expansion-0… │ │
│ │              │   │   │   │   key_property='node_id'                      │ │
│ │              │   │   │   ),                                              │ │
│ │              │   │   │   target=NodeRef(                                 │ │
│ │              │   │   │   │   label='Event',                              │ │
│ │              │   │   │   │   key='bc0201ff-6da3-58fe-b0d5-4d83eee8e9f6', │ │
│ │              │   │   │   │   key_property='event_id'                     │ │
│ │              │   │   │   ),                                              │ │
│ │              │   │   │   properties={},                                  │ │
│ │              │   │   │   create_only=False                               │ │
│ │              │   │   ),                                                  │ │
│ │              │   │   EdgeWrite(                                          │ │
│ │              │   │   │   edge_type='DERIVED_FROM',                       │ │
│ │              │   │   │   source=NodeRef(                                 │ │
│ │              │   │   │   │   label='ExpansionRecord',                    │ │
│ │              │   │   │   │                                               │ │
│ │              key='ExpansionRecord:20261007-cloud-projection-expansion-0… │ │
│ │              │   │   │   │   key_property='node_id'                      │ │
│ │              │   │   │   ),                                              │ │
│ │              │   │   │   target=NodeRef(                                 │ │
│ │              │   │   │   │   label='Event',                              │ │
│ │              │   │   │   │   key='bc0201ff-6da3-58fe-b0d5-4d83eee8e9f6', │ │
│ │              │   │   │   │   key_property='event_id'                     │ │
│ │              │   │   │   ),                                              │ │
│ │              │   │   │   properties={},                                  │ │
│ │              │   │   │   create_only=False                               │ │
│ │              │   │   ),                                                  │ │
│ │              │   │   ... +3940                                           │ │
│ │              │   ],                                                      │ │
│ │              │   lookups=[],                                             │ │
│ │              │   rejected=[]                                             │ │
│ │              )                                                           │ │
│ │ provenance = VerifiedSourceProvenance(                                   │ │
│ │              │   event_id='bc0201ff-6da3-58fe-b0d5-4d83eee8e9f6',        │ │
│ │              │   acceptance=EventAcceptance(                             │ │
│ │              │   │   tenant_id='compat-control',                         │ │
│ │              │   │                                                       │ │
│ │              database_resource='projects/portiq-mvp/instances/engram-ex… │ │
│ │              │   │   binding_id='compat-control-binding',                │ │
│ │              │   │   accepted_epoch=9,                                   │ │
│ │              │   │                                                       │ │
│ │              bundle_digest='sha256:09743cb468a8de0ff6df4cd85019ccc299bc… │ │
│ │              │   │                                                       │ │
│ │              engine_revision='tenant-control-conformance-v2-projection-… │ │
│ │              │   │   source_id='verified-producer',                      │ │
│ │              │   │   envelope_version=1,                                 │ │
│ │              │   │                                                       │ │
│ │              request_digest='sha256:json-v1:955c1637b9e2630a67d59babcb2… │ │
│ │              │   )                                                       │ │
│ │              )                                                           │ │
│ │       rule = ProjectionRule(                                             │ │
│ │              │   event='expansion:expansion.recorded',                   │ │
│ │              │   upsert=[                                                │ │
│ │              │   │   UpsertDef(                                          │ │
│ │              │   │   │   type='expansion:ExpansionRecord',               │ │
│ │              │   │   │   key={                                           │ │
│ │              │   │   │   │   'group': 'observer',                        │ │
│ │              │   │   │   │   'item': '$.items[*]'                        │ │
│ │              │   │   │   },                                              │ │
│ │              │   │   │   set={}                                          │ │
│ │              │   │   )                                                   │ │
│ │              │   ],                                                      │ │
│ │              │   transition=None,                                        │ │
│ │              │   edges=[]                                                │ │
│ │              )                                                           │ │
│ │      rules = [                                                           │ │
│ │              │   (                                                       │ │
│ │              │   │   'expansion',                                        │ │
│ │              │   │   ProjectionRule(                                     │ │
│ │              │   │   │   event='expansion.recorded',                     │ │
│ │              │   │   │   upsert=[                                        │ │
│ │              │   │   │   │   UpsertDef(                                  │ │
│ │              │   │   │   │   │   type='ExpansionRecord',                 │ │
│ │              │   │   │   │   │   key={                                   │ │
│ │              │   │   │   │   │   │   'group': '$.groups[*]',             │ │
│ │              │   │   │   │   │   │   'item': '$.items[*]'                │ │
│ │              │   │   │   │   │   },                                      │ │
│ │              │   │   │   │   │   set={}                                  │ │
│ │              │   │   │   │   )                                           │ │
│ │              │   │   │   ],                                              │ │
│ │              │   │   │   transition=TransitionDef(                       │ │
│ │              │   │   │   │   type='ExpansionRecord',                     │ │
│ │              │   │   │   │   to='ready',                                 │ │
│ │              │   │   │   │   only_from=[],                               │ │
│ │              │   │   │   │   key=None                                    │ │
│ │              │   │   │   ),                                              │ │
│ │              │   │   │   edges=[]                                        │ │
│ │              │   │   )                                                   │ │
│ │              │   ),                                                      │ │
│ │              │   (                                                       │ │
│ │              │   │   'expansion_observer',                               │ │
│ │              │   │   ProjectionRule(                                     │ │
│ │              │   │   │   event='expansion:expansion.recorded',           │ │
│ │              │   │   │   upsert=[                                        │ │
│ │              │   │   │   │   UpsertDef(                                  │ │
│ │              │   │   │   │   │   type='expansion:ExpansionRecord',       │ │
│ │              │   │   │   │   │   key={                                   │ │
│ │              │   │   │   │   │   │   'group': 'observer',                │ │
│ │              │   │   │   │   │   │   'item': '$.items[*]'                │ │
│ │              │   │   │   │   │   },                                      │ │
│ │              │   │   │   │   │   set={}                                  │ │
│ │              │   │   │   │   )                                           │ │
│ │              │   │   │   ],                                              │ │
│ │              │   │   │   transition=None,                                │ │
│ │              │   │   │   edges=[]                                        │ │
│ │              │   │   )                                                   │ │
│ │              │   )                                                       │ │
│ │              ]                                                           │ │
│ │       self = <context_graph.domain.pack_projection.PackProjector object  │ │
│ │              at 0x10d17bd10>                                             │ │
│ │    trusted = True                                                        │ │
│ ╰──────────────────────────────────────────────────────────────────────────╯ │
│                                                                              │
│ /Users/arunmenon/projects/Engram/src/context_graph/domain/pack_projection.py │
│ :438 in _plan_rule                                                           │
│                                                                              │
│   435 │   │   │   for keyed in self._keyed_refs(node_type, upsert.key, scope │
│   436 │   │   │   │   props = self._properties(node_type, upsert.set, scope, │
│   437 │   │   │   │   evidence = self._registry.allows(PROVENANCE_EDGE, node │
│       "Event")                                                               │
│ ❱ 438 │   │   │   │   plan.check_capacity(1 + int(evidence))                 │
│   439 │   │   │   │   plan.nodes.append(                                     │
│   440 │   │   │   │   │   NodeWrite(                                         │
│   441 │   │   │   │   │   │   keyed.ref,                                     │
│                                                                              │
│ ╭───────────────────────────────── locals ─────────────────────────────────╮ │
│ │   context = _Context(                                                    │ │
│ │             │   scope=Scope(                                             │ │
│ │             │   │   payload={                                            │ │
│ │             │   │   │   'groups': [                                      │ │
│ │             │   │   │   │   '20261007-cloud-projection-expansion-01',    │ │
│ │             │   │   │   │   '20261007-cloud-projection-expansion-01',    │ │
│ │             │   │   │   │   '20261007-cloud-projection-expansion-01',    │ │
│ │             │   │   │   │   '20261007-cloud-projection-expansion-01',    │ │
│ │             │   │   │   │   '20261007-cloud-projection-expansion-01',    │ │
│ │             │   │   │   │   '20261007-cloud-projection-expansion-01',    │ │
│ │             │   │   │   │   '20261007-cloud-projection-expansion-01',    │ │
│ │             │   │   │   │   '20261007-cloud-projection-expansion-01',    │ │
│ │             │   │   │   │   '20261007-cloud-projection-expansion-01',    │ │
│ │             │   │   │   │   '20261007-cloud-projection-expansion-01',    │ │
│ │             │   │   │   │   ... +2090                                    │ │
│ │             │   │   │   ],                                               │ │
│ │             │   │   │   'items': [                                       │ │
│ │             │   │   │   │                                                │ │
│ │             '20261007-cloud-projection-expansion-01-cumulative-0',       │ │
│ │             │   │   │   │                                                │ │
│ │             '20261007-cloud-projection-expansion-01-cumulative-1',       │ │
│ │             │   │   │   │                                                │ │
│ │             '20261007-cloud-projection-expansion-01-cumulative-2',       │ │
│ │             │   │   │   │                                                │ │
│ │             '20261007-cloud-projection-expansion-01-cumulative-3',       │ │
│ │             │   │   │   │                                                │ │
│ │             '20261007-cloud-projection-expansion-01-cumulative-4',       │ │
│ │             │   │   │   │                                                │ │
│ │             '20261007-cloud-projection-expansion-01-cumulative-5',       │ │
│ │             │   │   │   │                                                │ │
│ │             '20261007-cloud-projection-expansion-01-cumulative-6',       │ │
│ │             │   │   │   │                                                │ │
│ │             '20261007-cloud-projection-expansion-01-cumulative-7',       │ │
│ │             │   │   │   │                                                │ │
│ │             '20261007-cloud-projection-expansion-01-cumulative-8',       │ │
│ │             │   │   │   │                                                │ │
│ │             '20261007-cloud-projection-expansion-01-cumulative-9',       │ │
│ │             │   │   │   │   ... +2090                                    │ │
│ │             │   │   │   ]                                                │ │
│ │             │   │   },                                                   │ │
│ │             │   │   event={                                              │ │
│ │             │   │   │   'event_id':                                      │ │
│ │             'bc0201ff-6da3-58fe-b0d5-4d83eee8e9f6',                      │ │
│ │             │   │   │   'event_type': 'expansion.recorded',              │ │
│ │             │   │   │   'occurred_at': '2026-10-07T00:00:00Z',           │ │
│ │             │   │   │   'session_id':                                    │ │
│ │             'bc0201ff-6da3-58fe-b0d5-4d83eee8e9f6',                      │ │
│ │             │   │   │   'agent_id': 'untrusted-display-name',            │ │
│ │             │   │   │   'trace_id':                                      │ │
│ │             '20261007-cloud-projection-expansion-01',                    │ │
│ │             │   │   │   'payload_ref':                                   │ │
│ │             'fixture:bc0201ff-6da3-58fe-b0d5-4d83eee8e9f6',              │ │
│ │             │   │   │   'global_position':                               │ │
│ │             '2026-10-07T17:10:58.160639000Z/000002/bc0201ff-6da3-58fe-b… │ │
│ │             │   │   │   'tool_name': None,                               │ │
│ │             │   │   │   'parent_event_id': None,                         │ │
│ │             │   │   │   ... +4                                           │ │
│ │             │   │   }                                                    │ │
│ │             │   ),                                                       │ │
│ │             │   event_ref=NodeRef(                                       │ │
│ │             │   │   label='Event',                                       │ │
│ │             │   │   key='bc0201ff-6da3-58fe-b0d5-4d83eee8e9f6',          │ │
│ │             │   │   key_property='event_id'                              │ │
│ │             │   ),                                                       │ │
│ │             │   occurred_at='2026-10-07T00:00:00+00:00',                 │ │
│ │             │   trust='trusted'                                          │ │
│ │             )                                                            │ │
│ │  evidence = True                                                         │ │
│ │     keyed = _Keyed(                                                      │ │
│ │             │   type_name='ExpansionRecord',                             │ │
│ │             │   ref=NodeRef(                                             │ │
│ │             │   │   label='ExpansionRecord',                             │ │
│ │             │   │                                                        │ │
│ │             key='ExpansionRecord:observer|20261007-cloud-projection-exp… │ │
│ │             │   │   key_property='node_id'                               │ │
│ │             │   ),                                                       │ │
│ │             │   key_props={                                              │ │
│ │             │   │   'group': 'observer',                                 │ │
│ │             │   │   'item':                                              │ │
│ │             '20261007-cloud-projection-expansion-01-cumulative-1850'     │ │
│ │             │   },                                                       │ │
│ │             │   index=1850,                                              │ │
│ │             │   count=2100,                                              │ │
│ │             │   fanned=True                                              │ │
│ │             )                                                            │ │
│ │ node_type = NodeType(                                                    │ │
│ │             │   name='ExpansionRecord',                                  │ │
│ │             │   pack='expansion',                                        │ │
│ │             │   definition=NodeTypeDef(                                  │ │
│ │             │   │   key=['group', 'item'],                               │ │
│ │             │   │   id_property=None,                                    │ │
│ │             │   │   interfaces=['Sourced', 'Lifecycled'],                │ │
│ │             │   │   properties={                                         │ │
│ │             │   │   │   'group': 'string',                               │ │
│ │             │   │   │   'item': 'string',                                │ │
│ │             │   │   │   'paths': 'list<string>'                          │ │
│ │             │   │   },                                                   │ │
│ │             │   │   lifecycle=LifecycleDef(                              │ │
│ │             │   │   │   initial='new',                                   │ │
│ │             │   │   │   states=['new', 'ready'],                         │ │
│ │             │   │   │   superseded_states=[]                             │ │
│ │             │   │   ),                                                   │ │
│ │             │   │   text_fields=[],                                      │ │
│ │             │   │   embed_fields=[],                                     │ │
│ │             │   │   indexes=[],                                          │ │
│ │             │   │   vector_property=None,                                │ │
│ │             │   │   note=None                                            │ │
│ │             │   ),                                                       │ │
│ │             │   properties={                                             │ │
│ │             │   │   'group': 'string',                                   │ │
│ │             │   │   'item': 'string',                                    │ │
│ │             │   │   'paths': 'list<string>',                             │ │
│ │             │   │   'source_trust': EnumSpec(                            │ │
│ │             │   │   │   enum=['trusted', 'untrusted']                    │ │
│ │             │   │   ),                                                   │ │
│ │             │   │   'status': 'string',                                  │ │
│ │             │   │   'status_changed_at': 'datetime'                      │ │
│ │             │   }                                                        │ │
│ │             )                                                            │ │
│ │      plan = ProjectionPlan(                                              │ │
│ │             │   nodes=[                                                  │ │
│ │             │   │   NodeWrite(                                           │ │
│ │             │   │   │   ref=NodeRef(                                     │ │
│ │             │   │   │   │   label='ExpansionRecord',                     │ │
│ │             │   │   │   │                                                │ │
│ │             key='ExpansionRecord:20261007-cloud-projection-expansion-01… │ │
│ │             │   │   │   │   key_property='node_id'                       │ │
│ │             │   │   │   ),                                               │ │
│ │             │   │   │   properties={                                     │ │
│ │             │   │   │   │   'group':                                     │ │
│ │             '20261007-cloud-projection-expansion-01',                    │ │
│ │             │   │   │   │   'item':                                      │ │
│ │             '20261007-cloud-projection-expansion-01-cumulative-0',       │ │
│ │             │   │   │   │   'node_type': 'ExpansionRecord',              │ │
│ │             │   │   │   │   'ontology_version':                          │ │
│ │             'sha256:5f186f22f85d321c',                                   │ │
│ │             │   │   │   │   'source_trust': 'trusted',                   │ │
│ │             │   │   │   │   'updated_at': '2026-10-07T00:00:00+00:00'    │ │
│ │             │   │   │   },                                               │ │
│ │             │   │   │   defaults={                                       │ │
│ │             │   │   │   │   'status': 'new',                             │ │
│ │             │   │   │   │   'status_changed_at':                         │ │
│ │             '2026-10-07T00:00:00+00:00'                                  │ │
│ │             │   │   │   }                                                │ │
│ │             │   │   ),                                                   │ │
│ │             │   │   NodeWrite(                                           │ │
│ │             │   │   │   ref=NodeRef(                                     │ │
│ │             │   │   │   │   label='ExpansionRecord',                     │ │
│ │             │   │   │   │                                                │ │
│ │             key='ExpansionRecord:20261007-cloud-projection-expansion-01… │ │
│ │             │   │   │   │   key_property='node_id'                       │ │
│ │             │   │   │   ),                                               │ │
│ │             │   │   │   properties={                                     │ │
│ │             │   │   │   │   'group':                                     │ │
│ │             '20261007-cloud-projection-expansion-01',                    │ │
│ │             │   │   │   │   'item':                                      │ │
│ │             '20261007-cloud-projection-expansion-01-cumulative-1',       │ │
│ │             │   │   │   │   'node_type': 'ExpansionRecord',              │ │
│ │             │   │   │   │   'ontology_version':                          │ │
│ │             'sha256:5f186f22f85d321c',                                   │ │
│ │             │   │   │   │   'source_trust': 'trusted',                   │ │
│ │             │   │   │   │   'updated_at': '2026-10-07T00:00:00+00:00'    │ │
│ │             │   │   │   },                                               │ │
│ │             │   │   │   defaults={                                       │ │
│ │             │   │   │   │   'status': 'new',                             │ │
│ │             │   │   │   │   'status_changed_at':                         │ │
│ │             '2026-10-07T00:00:00+00:00'                                  │ │
│ │             │   │   │   }                                                │ │
│ │             │   │   ),                                                   │ │
│ │             │   │   NodeWrite(                                           │ │
│ │             │   │   │   ref=NodeRef(                                     │ │
│ │             │   │   │   │   label='ExpansionRecord',                     │ │
│ │             │   │   │   │                                                │ │
│ │             key='ExpansionRecord:20261007-cloud-projection-expansion-01… │ │
│ │             │   │   │   │   key_property='node_id'                       │ │
│ │             │   │   │   ),                                               │ │
│ │             │   │   │   properties={                                     │ │
│ │             │   │   │   │   'group':                                     │ │
│ │             '20261007-cloud-projection-expansion-01',                    │ │
│ │             │   │   │   │   'item':                                      │ │
│ │             '20261007-cloud-projection-expansion-01-cumulative-2',       │ │
│ │             │   │   │   │   'node_type': 'ExpansionRecord',              │ │
│ │             │   │   │   │   'ontology_version':                          │ │
│ │             'sha256:5f186f22f85d321c',                                   │ │
│ │             │   │   │   │   'source_trust': 'trusted',                   │ │
│ │             │   │   │   │   'updated_at': '2026-10-07T00:00:00+00:00'    │ │
│ │             │   │   │   },                                               │ │
│ │             │   │   │   defaults={                                       │ │
│ │             │   │   │   │   'status': 'new',                             │ │
│ │             │   │   │   │   'status_changed_at':                         │ │
│ │             '2026-10-07T00:00:00+00:00'                                  │ │
│ │             │   │   │   }                                                │ │
│ │             │   │   ),                                                   │ │
│ │             │   │   NodeWrite(                                           │ │
│ │             │   │   │   ref=NodeRef(                                     │ │
│ │             │   │   │   │   label='ExpansionRecord',                     │ │
│ │             │   │   │   │                                                │ │
│ │             key='ExpansionRecord:20261007-cloud-projection-expansion-01… │ │
│ │             │   │   │   │   key_property='node_id'                       │ │
│ │             │   │   │   ),                                               │ │
│ │             │   │   │   properties={                                     │ │
│ │             │   │   │   │   'group':                                     │ │
│ │             '20261007-cloud-projection-expansion-01',                    │ │
│ │             │   │   │   │   'item':                                      │ │
│ │             '20261007-cloud-projection-expansion-01-cumulative-3',       │ │
│ │             │   │   │   │   'node_type': 'ExpansionRecord',              │ │
│ │             │   │   │   │   'ontology_version':                          │ │
│ │             'sha256:5f186f22f85d321c',                                   │ │
│ │             │   │   │   │   'source_trust': 'trusted',                   │ │
│ │             │   │   │   │   'updated_at': '2026-10-07T00:00:00+00:00'    │ │
│ │             │   │   │   },                                               │ │
│ │             │   │   │   defaults={                                       │ │
│ │             │   │   │   │   'status': 'new',                             │ │
│ │             │   │   │   │   'status_changed_at':                         │ │
│ │             '2026-10-07T00:00:00+00:00'                                  │ │
│ │             │   │   │   }                                                │ │
│ │             │   │   ),                                                   │ │
│ │             │   │   NodeWrite(                                           │ │
│ │             │   │   │   ref=NodeRef(                                     │ │
│ │             │   │   │   │   label='ExpansionRecord',                     │ │
│ │             │   │   │   │                                                │ │
│ │             key='ExpansionRecord:20261007-cloud-projection-expansion-01… │ │
│ │             │   │   │   │   key_property='node_id'                       │ │
│ │             │   │   │   ),                                               │ │
│ │             │   │   │   properties={                                     │ │
│ │             │   │   │   │   'group':                                     │ │
│ │             '20261007-cloud-projection-expansion-01',                    │ │
│ │             │   │   │   │   'item':                                      │ │
│ │             '20261007-cloud-projection-expansion-01-cumulative-4',       │ │
│ │             │   │   │   │   'node_type': 'ExpansionRecord',              │ │
│ │             │   │   │   │   'ontology_version':                          │ │
│ │             'sha256:5f186f22f85d321c',                                   │ │
│ │             │   │   │   │   'source_trust': 'trusted',                   │ │
│ │             │   │   │   │   'updated_at': '2026-10-07T00:00:00+00:00'    │ │
│ │             │   │   │   },                                               │ │
│ │             │   │   │   defaults={                                       │ │
│ │             │   │   │   │   'status': 'new',                             │ │
│ │             │   │   │   │   'status_changed_at':                         │ │
│ │             '2026-10-07T00:00:00+00:00'                                  │ │
│ │             │   │   │   }                                                │ │
│ │             │   │   ),                                                   │ │
│ │             │   │   NodeWrite(                                           │ │
│ │             │   │   │   ref=NodeRef(                                     │ │
│ │             │   │   │   │   label='ExpansionRecord',                     │ │
│ │             │   │   │   │                                                │ │
│ │             key='ExpansionRecord:20261007-cloud-projection-expansion-01… │ │
│ │             │   │   │   │   key_property='node_id'                       │ │
│ │             │   │   │   ),                                               │ │
│ │             │   │   │   properties={                                     │ │
│ │             │   │   │   │   'group':                                     │ │
│ │             '20261007-cloud-projection-expansion-01',                    │ │
│ │             │   │   │   │   'item':                                      │ │
│ │             '20261007-cloud-projection-expansion-01-cumulative-5',       │ │
│ │             │   │   │   │   'node_type': 'ExpansionRecord',              │ │
│ │             │   │   │   │   'ontology_version':                          │ │
│ │             'sha256:5f186f22f85d321c',                                   │ │
│ │             │   │   │   │   'source_trust': 'trusted',                   │ │
│ │             │   │   │   │   'updated_at': '2026-10-07T00:00:00+00:00'    │ │
│ │             │   │   │   },                                               │ │
│ │             │   │   │   defaults={                                       │ │
│ │             │   │   │   │   'status': 'new',                             │ │
│ │             │   │   │   │   'status_changed_at':                         │ │
│ │             '2026-10-07T00:00:00+00:00'                                  │ │
│ │             │   │   │   }                                                │ │
│ │             │   │   ),                                                   │ │
│ │             │   │   NodeWrite(                                           │ │
│ │             │   │   │   ref=NodeRef(                                     │ │
│ │             │   │   │   │   label='ExpansionRecord',                     │ │
│ │             │   │   │   │                                                │ │
│ │             key='ExpansionRecord:20261007-cloud-projection-expansion-01… │ │
│ │             │   │   │   │   key_property='node_id'                       │ │
│ │             │   │   │   ),                                               │ │
│ │             │   │   │   properties={                                     │ │
│ │             │   │   │   │   'group':                                     │ │
│ │             '20261007-cloud-projection-expansion-01',                    │ │
│ │             │   │   │   │   'item':                                      │ │
│ │             '20261007-cloud-projection-expansion-01-cumulative-6',       │ │
│ │             │   │   │   │   'node_type': 'ExpansionRecord',              │ │
│ │             │   │   │   │   'ontology_version':                          │ │
│ │             'sha256:5f186f22f85d321c',                                   │ │
│ │             │   │   │   │   'source_trust': 'trusted',                   │ │
│ │             │   │   │   │   'updated_at': '2026-10-07T00:00:00+00:00'    │ │
│ │             │   │   │   },                                               │ │
│ │             │   │   │   defaults={                                       │ │
│ │             │   │   │   │   'status': 'new',                             │ │
│ │             │   │   │   │   'status_changed_at':                         │ │
│ │             '2026-10-07T00:00:00+00:00'                                  │ │
│ │             │   │   │   }                                                │ │
│ │             │   │   ),                                                   │ │
│ │             │   │   NodeWrite(                                           │ │
│ │             │   │   │   ref=NodeRef(                                     │ │
│ │             │   │   │   │   label='ExpansionRecord',                     │ │
│ │             │   │   │   │                                                │ │
│ │             key='ExpansionRecord:20261007-cloud-projection-expansion-01… │ │
│ │             │   │   │   │   key_property='node_id'                       │ │
│ │             │   │   │   ),                                               │ │
│ │             │   │   │   properties={                                     │ │
│ │             │   │   │   │   'group':                                     │ │
│ │             '20261007-cloud-projection-expansion-01',                    │ │
│ │             │   │   │   │   'item':                                      │ │
│ │             '20261007-cloud-projection-expansion-01-cumulative-7',       │ │
│ │             │   │   │   │   'node_type': 'ExpansionRecord',              │ │
│ │             │   │   │   │   'ontology_version':                          │ │
│ │             'sha256:5f186f22f85d321c',                                   │ │
│ │             │   │   │   │   'source_trust': 'trusted',                   │ │
│ │             │   │   │   │   'updated_at': '2026-10-07T00:00:00+00:00'    │ │
│ │             │   │   │   },                                               │ │
│ │             │   │   │   defaults={                                       │ │
│ │             │   │   │   │   'status': 'new',                             │ │
│ │             │   │   │   │   'status_changed_at':                         │ │
│ │             '2026-10-07T00:00:00+00:00'                                  │ │
│ │             │   │   │   }                                                │ │
│ │             │   │   ),                                                   │ │
│ │             │   │   NodeWrite(                                           │ │
│ │             │   │   │   ref=NodeRef(                                     │ │
│ │             │   │   │   │   label='ExpansionRecord',                     │ │
│ │             │   │   │   │                                                │ │
│ │             key='ExpansionRecord:20261007-cloud-projection-expansion-01… │ │
│ │             │   │   │   │   key_property='node_id'                       │ │
│ │             │   │   │   ),                                               │ │
│ │             │   │   │   properties={                                     │ │
│ │             │   │   │   │   'group':                                     │ │
│ │             '20261007-cloud-projection-expansion-01',                    │ │
│ │             │   │   │   │   'item':                                      │ │
│ │             '20261007-cloud-projection-expansion-01-cumulative-8',       │ │
│ │             │   │   │   │   'node_type': 'ExpansionRecord',              │ │
│ │             │   │   │   │   'ontology_version':                          │ │
│ │             'sha256:5f186f22f85d321c',                                   │ │
│ │             │   │   │   │   'source_trust': 'trusted',                   │ │
│ │             │   │   │   │   'updated_at': '2026-10-07T00:00:00+00:00'    │ │
│ │             │   │   │   },                                               │ │
│ │             │   │   │   defaults={                                       │ │
│ │             │   │   │   │   'status': 'new',                             │ │
│ │             │   │   │   │   'status_changed_at':                         │ │
│ │             '2026-10-07T00:00:00+00:00'                                  │ │
│ │             │   │   │   }                                                │ │
│ │             │   │   ),                                                   │ │
│ │             │   │   NodeWrite(                                           │ │
│ │             │   │   │   ref=NodeRef(                                     │ │
│ │             │   │   │   │   label='ExpansionRecord',                     │ │
│ │             │   │   │   │                                                │ │
│ │             key='ExpansionRecord:20261007-cloud-projection-expansion-01… │ │
│ │             │   │   │   │   key_property='node_id'                       │ │
│ │             │   │   │   ),                                               │ │
│ │             │   │   │   properties={                                     │ │
│ │             │   │   │   │   'group':                                     │ │
│ │             '20261007-cloud-projection-expansion-01',                    │ │
│ │             │   │   │   │   'item':                                      │ │
│ │             '20261007-cloud-projection-expansion-01-cumulative-9',       │ │
│ │             │   │   │   │   'node_type': 'ExpansionRecord',              │ │
│ │             │   │   │   │   'ontology_version':                          │ │
│ │             'sha256:5f186f22f85d321c',                                   │ │
│ │             │   │   │   │   'source_trust': 'trusted',                   │ │
│ │             │   │   │   │   'updated_at': '2026-10-07T00:00:00+00:00'    │ │
│ │             │   │   │   },                                               │ │
│ │             │   │   │   defaults={                                       │ │
│ │             │   │   │   │   'status': 'new',                             │ │
│ │             │   │   │   │   'status_changed_at':                         │ │
│ │             '2026-10-07T00:00:00+00:00'                                  │ │
│ │             │   │   │   }                                                │ │
│ │             │   │   ),                                                   │ │
│ │             │   │   ... +3940                                            │ │
│ │             │   ],                                                       │ │
│ │             │   states=[                                                 │ │
│ │             │   │   StateChange(                                         │ │
│ │             │   │   │   ref=NodeRef(                                     │ │
│ │             │   │   │   │   label='ExpansionRecord',                     │ │
│ │             │   │   │   │                                                │ │
│ │             key='ExpansionRecord:20261007-cloud-projection-expansion-01… │ │
│ │             │   │   │   │   key_property='node_id'                       │ │
│ │             │   │   │   ),                                               │ │
│ │             │   │   │   to_state='ready',                                │ │
│ │             │   │   │   changed_at='2026-10-07T00:00:00+00:00',          │ │
│ │             │   │   │   only_from=()                                     │ │
│ │             │   │   ),                                                   │ │
│ │             │   │   StateChange(                                         │ │
│ │             │   │   │   ref=NodeRef(                                     │ │
│ │             │   │   │   │   label='ExpansionRecord',                     │ │
│ │             │   │   │   │                                                │ │
│ │             key='ExpansionRecord:20261007-cloud-projection-expansion-01… │ │
│ │             │   │   │   │   key_property='node_id'                       │ │
│ │             │   │   │   ),                                               │ │
│ │             │   │   │   to_state='ready',                                │ │
│ │             │   │   │   changed_at='2026-10-07T00:00:00+00:00',          │ │
│ │             │   │   │   only_from=()                                     │ │
│ │             │   │   ),                                                   │ │
│ │             │   │   StateChange(                                         │ │
│ │             │   │   │   ref=NodeRef(                                     │ │
│ │             │   │   │   │   label='ExpansionRecord',                     │ │
│ │             │   │   │   │                                                │ │
│ │             key='ExpansionRecord:20261007-cloud-projection-expansion-01… │ │
│ │             │   │   │   │   key_property='node_id'                       │ │
│ │             │   │   │   ),                                               │ │
│ │             │   │   │   to_state='ready',                                │ │
│ │             │   │   │   changed_at='2026-10-07T00:00:00+00:00',          │ │
│ │             │   │   │   only_from=()                                     │ │
│ │             │   │   ),                                                   │ │
│ │             │   │   StateChange(                                         │ │
│ │             │   │   │   ref=NodeRef(                                     │ │
│ │             │   │   │   │   label='ExpansionRecord',                     │ │
│ │             │   │   │   │                                                │ │
│ │             key='ExpansionRecord:20261007-cloud-projection-expansion-01… │ │
│ │             │   │   │   │   key_property='node_id'                       │ │
│ │             │   │   │   ),                                               │ │
│ │             │   │   │   to_state='ready',                                │ │
│ │             │   │   │   changed_at='2026-10-07T00:00:00+00:00',          │ │
│ │             │   │   │   only_from=()                                     │ │
│ │             │   │   ),                                                   │ │
│ │             │   │   StateChange(                                         │ │
│ │             │   │   │   ref=NodeRef(                                     │ │
│ │             │   │   │   │   label='ExpansionRecord',                     │ │
│ │             │   │   │   │                                                │ │
│ │             key='ExpansionRecord:20261007-cloud-projection-expansion-01… │ │
│ │             │   │   │   │   key_property='node_id'                       │ │
│ │             │   │   │   ),                                               │ │
│ │             │   │   │   to_state='ready',                                │ │
│ │             │   │   │   changed_at='2026-10-07T00:00:00+00:00',          │ │
│ │             │   │   │   only_from=()                                     │ │
│ │             │   │   ),                                                   │ │
│ │             │   │   StateChange(                                         │ │
│ │             │   │   │   ref=NodeRef(                                     │ │
│ │             │   │   │   │   label='ExpansionRecord',                     │ │
│ │             │   │   │   │                                                │ │
│ │             key='ExpansionRecord:20261007-cloud-projection-expansion-01… │ │
│ │             │   │   │   │   key_property='node_id'                       │ │
│ │             │   │   │   ),                                               │ │
│ │             │   │   │   to_state='ready',                                │ │
│ │             │   │   │   changed_at='2026-10-07T00:00:00+00:00',          │ │
│ │             │   │   │   only_from=()                                     │ │
│ │             │   │   ),                                                   │ │
│ │             │   │   StateChange(                                         │ │
│ │             │   │   │   ref=NodeRef(                                     │ │
│ │             │   │   │   │   label='ExpansionRecord',                     │ │
│ │             │   │   │   │                                                │ │
│ │             key='ExpansionRecord:20261007-cloud-projection-expansion-01… │ │
│ │             │   │   │   │   key_property='node_id'                       │ │
│ │             │   │   │   ),                                               │ │
│ │             │   │   │   to_state='ready',                                │ │
│ │             │   │   │   changed_at='2026-10-07T00:00:00+00:00',          │ │
│ │             │   │   │   only_from=()                                     │ │
│ │             │   │   ),                                                   │ │
│ │             │   │   StateChange(                                         │ │
│ │             │   │   │   ref=NodeRef(                                     │ │
│ │             │   │   │   │   label='ExpansionRecord',                     │ │
│ │             │   │   │   │                                                │ │
│ │             key='ExpansionRecord:20261007-cloud-projection-expansion-01… │ │
│ │             │   │   │   │   key_property='node_id'                       │ │
│ │             │   │   │   ),                                               │ │
│ │             │   │   │   to_state='ready',                                │ │
│ │             │   │   │   changed_at='2026-10-07T00:00:00+00:00',          │ │
│ │             │   │   │   only_from=()                                     │ │
│ │             │   │   ),                                                   │ │
│ │             │   │   StateChange(                                         │ │
│ │             │   │   │   ref=NodeRef(                                     │ │
│ │             │   │   │   │   label='ExpansionRecord',                     │ │
│ │             │   │   │   │                                                │ │
│ │             key='ExpansionRecord:20261007-cloud-projection-expansion-01… │ │
│ │             │   │   │   │   key_property='node_id'                       │ │
│ │             │   │   │   ),                                               │ │
│ │             │   │   │   to_state='ready',                                │ │
│ │             │   │   │   changed_at='2026-10-07T00:00:00+00:00',          │ │
│ │             │   │   │   only_from=()                                     │ │
│ │             │   │   ),                                                   │ │
│ │             │   │   StateChange(                                         │ │
│ │             │   │   │   ref=NodeRef(                                     │ │
│ │             │   │   │   │   label='ExpansionRecord',                     │ │
│ │             │   │   │   │                                                │ │
│ │             key='ExpansionRecord:20261007-cloud-projection-expansion-01… │ │
│ │             │   │   │   │   key_property='node_id'                       │ │
│ │             │   │   │   ),                                               │ │
│ │             │   │   │   to_state='ready',                                │ │
│ │             │   │   │   changed_at='2026-10-07T00:00:00+00:00',          │ │
│ │             │   │   │   only_from=()                                     │ │
│ │             │   │   ),                                                   │ │
│ │             │   │   ... +2090                                            │ │
│ │             │   ],                                                       │ │
│ │             │   edges=[                                                  │ │
│ │             │   │   EdgeWrite(                                           │ │
│ │             │   │   │   edge_type='DERIVED_FROM',                        │ │
│ │             │   │   │   source=NodeRef(                                  │ │
│ │             │   │   │   │   label='ExpansionRecord',                     │ │
│ │             │   │   │   │                                                │ │
│ │             key='ExpansionRecord:20261007-cloud-projection-expansion-01… │ │
│ │             │   │   │   │   key_property='node_id'                       │ │
│ │             │   │   │   ),                                               │ │
│ │             │   │   │   target=NodeRef(                                  │ │
│ │             │   │   │   │   label='Event',                               │ │
│ │             │   │   │   │   key='bc0201ff-6da3-58fe-b0d5-4d83eee8e9f6',  │ │
│ │             │   │   │   │   key_property='event_id'                      │ │
│ │             │   │   │   ),                                               │ │
│ │             │   │   │   properties={},                                   │ │
│ │             │   │   │   create_only=False                                │ │
│ │             │   │   ),                                                   │ │
│ │             │   │   EdgeWrite(                                           │ │
│ │             │   │   │   edge_type='DERIVED_FROM',                        │ │
│ │             │   │   │   source=NodeRef(                                  │ │
│ │             │   │   │   │   label='ExpansionRecord',                     │ │
│ │             │   │   │   │                                                │ │
│ │             key='ExpansionRecord:20261007-cloud-projection-expansion-01… │ │
│ │             │   │   │   │   key_property='node_id'                       │ │
│ │             │   │   │   ),                                               │ │
│ │             │   │   │   target=NodeRef(                                  │ │
│ │             │   │   │   │   label='Event',                               │ │
│ │             │   │   │   │   key='bc0201ff-6da3-58fe-b0d5-4d83eee8e9f6',  │ │
│ │             │   │   │   │   key_property='event_id'                      │ │
│ │             │   │   │   ),                                               │ │
│ │             │   │   │   properties={},                                   │ │
│ │             │   │   │   create_only=False                                │ │
│ │             │   │   ),                                                   │ │
│ │             │   │   EdgeWrite(                                           │ │
│ │             │   │   │   edge_type='DERIVED_FROM',                        │ │
│ │             │   │   │   source=NodeRef(                                  │ │
│ │             │   │   │   │   label='ExpansionRecord',                     │ │
│ │             │   │   │   │                                                │ │
│ │             key='ExpansionRecord:20261007-cloud-projection-expansion-01… │ │
│ │             │   │   │   │   key_property='node_id'                       │ │
│ │             │   │   │   ),                                               │ │
│ │             │   │   │   target=NodeRef(                                  │ │
│ │             │   │   │   │   label='Event',                               │ │
│ │             │   │   │   │   key='bc0201ff-6da3-58fe-b0d5-4d83eee8e9f6',  │ │
│ │             │   │   │   │   key_property='event_id'                      │ │
│ │             │   │   │   ),                                               │ │
│ │             │   │   │   properties={},                                   │ │
│ │             │   │   │   create_only=False                                │ │
│ │             │   │   ),                                                   │ │
│ │             │   │   EdgeWrite(                                           │ │
│ │             │   │   │   edge_type='DERIVED_FROM',                        │ │
│ │             │   │   │   source=NodeRef(                                  │ │
│ │             │   │   │   │   label='ExpansionRecord',                     │ │
│ │             │   │   │   │                                                │ │
│ │             key='ExpansionRecord:20261007-cloud-projection-expansion-01… │ │
│ │             │   │   │   │   key_property='node_id'                       │ │
│ │             │   │   │   ),                                               │ │
│ │             │   │   │   target=NodeRef(                                  │ │
│ │             │   │   │   │   label='Event',                               │ │
│ │             │   │   │   │   key='bc0201ff-6da3-58fe-b0d5-4d83eee8e9f6',  │ │
│ │             │   │   │   │   key_property='event_id'                      │ │
│ │             │   │   │   ),                                               │ │
│ │             │   │   │   properties={},                                   │ │
│ │             │   │   │   create_only=False                                │ │
│ │             │   │   ),                                                   │ │
│ │             │   │   EdgeWrite(                                           │ │
│ │             │   │   │   edge_type='DERIVED_FROM',                        │ │
│ │             │   │   │   source=NodeRef(                                  │ │
│ │             │   │   │   │   label='ExpansionRecord',                     │ │
│ │             │   │   │   │                                                │ │
│ │             key='ExpansionRecord:20261007-cloud-projection-expansion-01… │ │
│ │             │   │   │   │   key_property='node_id'                       │ │
│ │             │   │   │   ),                                               │ │
│ │             │   │   │   target=NodeRef(                                  │ │
│ │             │   │   │   │   label='Event',                               │ │
│ │             │   │   │   │   key='bc0201ff-6da3-58fe-b0d5-4d83eee8e9f6',  │ │
│ │             │   │   │   │   key_property='event_id'                      │ │
│ │             │   │   │   ),                                               │ │
│ │             │   │   │   properties={},                                   │ │
│ │             │   │   │   create_only=False                                │ │
│ │             │   │   ),                                                   │ │
│ │             │   │   EdgeWrite(                                           │ │
│ │             │   │   │   edge_type='DERIVED_FROM',                        │ │
│ │             │   │   │   source=NodeRef(                                  │ │
│ │             │   │   │   │   label='ExpansionRecord',                     │ │
│ │             │   │   │   │                                                │ │
│ │             key='ExpansionRecord:20261007-cloud-projection-expansion-01… │ │
│ │             │   │   │   │   key_property='node_id'                       │ │
│ │             │   │   │   ),                                               │ │
│ │             │   │   │   target=NodeRef(                                  │ │
│ │             │   │   │   │   label='Event',                               │ │
│ │             │   │   │   │   key='bc0201ff-6da3-58fe-b0d5-4d83eee8e9f6',  │ │
│ │             │   │   │   │   key_property='event_id'                      │ │
│ │             │   │   │   ),                                               │ │
│ │             │   │   │   properties={},                                   │ │
│ │             │   │   │   create_only=False                                │ │
│ │             │   │   ),                                                   │ │
│ │             │   │   EdgeWrite(                                           │ │
│ │             │   │   │   edge_type='DERIVED_FROM',                        │ │
│ │             │   │   │   source=NodeRef(                                  │ │
│ │             │   │   │   │   label='ExpansionRecord',                     │ │
│ │             │   │   │   │                                                │ │
│ │             key='ExpansionRecord:20261007-cloud-projection-expansion-01… │ │
│ │             │   │   │   │   key_property='node_id'                       │ │
│ │             │   │   │   ),                                               │ │
│ │             │   │   │   target=NodeRef(                                  │ │
│ │             │   │   │   │   label='Event',                               │ │
│ │             │   │   │   │   key='bc0201ff-6da3-58fe-b0d5-4d83eee8e9f6',  │ │
│ │             │   │   │   │   key_property='event_id'                      │ │
│ │             │   │   │   ),                                               │ │
│ │             │   │   │   properties={},                                   │ │
│ │             │   │   │   create_only=False                                │ │
│ │             │   │   ),                                                   │ │
│ │             │   │   EdgeWrite(                                           │ │
│ │             │   │   │   edge_type='DERIVED_FROM',                        │ │
│ │             │   │   │   source=NodeRef(                                  │ │
│ │             │   │   │   │   label='ExpansionRecord',                     │ │
│ │             │   │   │   │                                                │ │
│ │             key='ExpansionRecord:20261007-cloud-projection-expansion-01… │ │
│ │             │   │   │   │   key_property='node_id'                       │ │
│ │             │   │   │   ),                                               │ │
│ │             │   │   │   target=NodeRef(                                  │ │
│ │             │   │   │   │   label='Event',                               │ │
│ │             │   │   │   │   key='bc0201ff-6da3-58fe-b0d5-4d83eee8e9f6',  │ │
│ │             │   │   │   │   key_property='event_id'                      │ │
│ │             │   │   │   ),                                               │ │
│ │             │   │   │   properties={},                                   │ │
│ │             │   │   │   create_only=False                                │ │
│ │             │   │   ),                                                   │ │
│ │             │   │   EdgeWrite(                                           │ │
│ │             │   │   │   edge_type='DERIVED_FROM',                        │ │
│ │             │   │   │   source=NodeRef(                                  │ │
│ │             │   │   │   │   label='ExpansionRecord',                     │ │
│ │             │   │   │   │                                                │ │
│ │             key='ExpansionRecord:20261007-cloud-projection-expansion-01… │ │
│ │             │   │   │   │   key_property='node_id'                       │ │
│ │             │   │   │   ),                                               │ │
│ │             │   │   │   target=NodeRef(                                  │ │
│ │             │   │   │   │   label='Event',                               │ │
│ │             │   │   │   │   key='bc0201ff-6da3-58fe-b0d5-4d83eee8e9f6',  │ │
│ │             │   │   │   │   key_property='event_id'                      │ │
│ │             │   │   │   ),                                               │ │
│ │             │   │   │   properties={},                                   │ │
│ │             │   │   │   create_only=False                                │ │
│ │             │   │   ),                                                   │ │
│ │             │   │   EdgeWrite(                                           │ │
│ │             │   │   │   edge_type='DERIVED_FROM',                        │ │
│ │             │   │   │   source=NodeRef(                                  │ │
│ │             │   │   │   │   label='ExpansionRecord',                     │ │
│ │             │   │   │   │                                                │ │
│ │             key='ExpansionRecord:20261007-cloud-projection-expansion-01… │ │
│ │             │   │   │   │   key_property='node_id'                       │ │
│ │             │   │   │   ),                                               │ │
│ │             │   │   │   target=NodeRef(                                  │ │
│ │             │   │   │   │   label='Event',                               │ │
│ │             │   │   │   │   key='bc0201ff-6da3-58fe-b0d5-4d83eee8e9f6',  │ │
│ │             │   │   │   │   key_property='event_id'                      │ │
│ │             │   │   │   ),                                               │ │
│ │             │   │   │   properties={},                                   │ │
│ │             │   │   │   create_only=False                                │ │
│ │             │   │   ),                                                   │ │
│ │             │   │   ... +3940                                            │ │
│ │             │   ],                                                       │ │
│ │             │   lookups=[],                                              │ │
│ │             │   rejected=[]                                              │ │
│ │             )                                                            │ │
│ │     props = {}                                                           │ │
│ │      rule = ProjectionRule(                                              │ │
│ │             │   event='expansion:expansion.recorded',                    │ │
│ │             │   upsert=[                                                 │ │
│ │             │   │   UpsertDef(                                           │ │
│ │             │   │   │   type='expansion:ExpansionRecord',                │ │
│ │             │   │   │   key={                                            │ │
│ │             │   │   │   │   'group': 'observer',                         │ │
│ │             │   │   │   │   'item': '$.items[*]'                         │ │
│ │             │   │   │   },                                               │ │
│ │             │   │   │   set={}                                           │ │
│ │             │   │   )                                                    │ │
│ │             │   ],                                                       │ │
│ │             │   transition=None,                                         │ │
│ │             │   edges=[]                                                 │ │
│ │             )                                                            │ │
│ │     scope = Scope(                                                       │ │
│ │             │   payload={                                                │ │
│ │             │   │   'groups': [                                          │ │
│ │             │   │   │   '20261007-cloud-projection-expansion-01',        │ │
│ │             │   │   │   '20261007-cloud-projection-expansion-01',        │ │
│ │             │   │   │   '20261007-cloud-projection-expansion-01',        │ │
│ │             │   │   │   '20261007-cloud-projection-expansion-01',        │ │
│ │             │   │   │   '20261007-cloud-projection-expansion-01',        │ │
│ │             │   │   │   '20261007-cloud-projection-expansion-01',        │ │
│ │             │   │   │   '20261007-cloud-projection-expansion-01',        │ │
│ │             │   │   │   '20261007-cloud-projection-expansion-01',        │ │
│ │             │   │   │   '20261007-cloud-projection-expansion-01',        │ │
│ │             │   │   │   '20261007-cloud-projection-expansion-01',        │ │
│ │             │   │   │   ... +2090                                        │ │
│ │             │   │   ],                                                   │ │
│ │             │   │   'items': [                                           │ │
│ │             │   │   │                                                    │ │
│ │             '20261007-cloud-projection-expansion-01-cumulative-0',       │ │
│ │             │   │   │                                                    │ │
│ │             '20261007-cloud-projection-expansion-01-cumulative-1',       │ │
│ │             │   │   │                                                    │ │
│ │             '20261007-cloud-projection-expansion-01-cumulative-2',       │ │
│ │             │   │   │                                                    │ │
│ │             '20261007-cloud-projection-expansion-01-cumulative-3',       │ │
│ │             │   │   │                                                    │ │
│ │             '20261007-cloud-projection-expansion-01-cumulative-4',       │ │
│ │             │   │   │                                                    │ │
│ │             '20261007-cloud-projection-expansion-01-cumulative-5',       │ │
│ │             │   │   │                                                    │ │
│ │             '20261007-cloud-projection-expansion-01-cumulative-6',       │ │
│ │             │   │   │                                                    │ │
│ │             '20261007-cloud-projection-expansion-01-cumulative-7',       │ │
│ │             │   │   │                                                    │ │
│ │             '20261007-cloud-projection-expansion-01-cumulative-8',       │ │
│ │             │   │   │                                                    │ │
│ │             '20261007-cloud-projection-expansion-01-cumulative-9',       │ │
│ │             │   │   │   ... +2090                                        │ │
│ │             │   │   ]                                                    │ │
│ │             │   },                                                       │ │
│ │             │   event={                                                  │ │
│ │             │   │   'event_id': 'bc0201ff-6da3-58fe-b0d5-4d83eee8e9f6',  │ │
│ │             │   │   'event_type': 'expansion.recorded',                  │ │
│ │             │   │   'occurred_at': '2026-10-07T00:00:00Z',               │ │
│ │             │   │   'session_id':                                        │ │
│ │             'bc0201ff-6da3-58fe-b0d5-4d83eee8e9f6',                      │ │
│ │             │   │   'agent_id': 'untrusted-display-name',                │ │
│ │             │   │   'trace_id':                                          │ │
│ │             '20261007-cloud-projection-expansion-01',                    │ │
│ │             │   │   'payload_ref':                                       │ │
│ │             'fixture:bc0201ff-6da3-58fe-b0d5-4d83eee8e9f6',              │ │
│ │             │   │   'global_position':                                   │ │
│ │             '2026-10-07T17:10:58.160639000Z/000002/bc0201ff-6da3-58fe-b… │ │
│ │             │   │   'tool_name': None,                                   │ │
│ │             │   │   'parent_event_id': None,                             │ │
│ │             │   │   ... +4                                               │ │
│ │             │   }                                                        │ │
│ │             )                                                            │ │
│ │      self = <context_graph.domain.pack_projection.PackProjector object   │ │
│ │             at 0x10d17bd10>                                              │ │
│ │    upsert = UpsertDef(                                                   │ │
│ │             │   type='expansion:ExpansionRecord',                        │ │
│ │             │   key={'group': 'observer', 'item': '$.items[*]'},         │ │
│ │             │   set={}                                                   │ │
│ │             )                                                            │ │
│ ╰──────────────────────────────────────────────────────────────────────────╯ │
│                                                                              │
│ /Users/arunmenon/projects/Engram/src/context_graph/domain/pack_projection.py │
│ :139 in check_capacity                                                       │
│                                                                              │
│   136 │                                                                      │
│   137 │   def check_capacity(self, additional: int = 0) -> None:             │
│   138 │   │   """Count planned operations, not unique identities or lookup r │
│ ❱ 139 │   │   _check_expansion_count(                                        │
│   140 │   │   │   len(self.nodes) + len(self.states) + len(self.edges) + len │
│       additional                                                             │
│   141 │   │   )                                                              │
│   142                                                                        │
│                                                                              │
│ ╭───────────────────────────────── locals ─────────────────────────────────╮ │
│ │ additional = 2                                                           │ │
│ │       self = ProjectionPlan(                                             │ │
│ │              │   nodes=[                                                 │ │
│ │              │   │   NodeWrite(                                          │ │
│ │              │   │   │   ref=NodeRef(                                    │ │
│ │              │   │   │   │   label='ExpansionRecord',                    │ │
│ │              │   │   │   │                                               │ │
│ │              key='ExpansionRecord:20261007-cloud-projection-expansion-0… │ │
│ │              │   │   │   │   key_property='node_id'                      │ │
│ │              │   │   │   ),                                              │ │
│ │              │   │   │   properties={                                    │ │
│ │              │   │   │   │   'group':                                    │ │
│ │              '20261007-cloud-projection-expansion-01',                   │ │
│ │              │   │   │   │   'item':                                     │ │
│ │              '20261007-cloud-projection-expansion-01-cumulative-0',      │ │
│ │              │   │   │   │   'node_type': 'ExpansionRecord',             │ │
│ │              │   │   │   │   'ontology_version':                         │ │
│ │              'sha256:5f186f22f85d321c',                                  │ │
│ │              │   │   │   │   'source_trust': 'trusted',                  │ │
│ │              │   │   │   │   'updated_at': '2026-10-07T00:00:00+00:00'   │ │
│ │              │   │   │   },                                              │ │
│ │              │   │   │   defaults={                                      │ │
│ │              │   │   │   │   'status': 'new',                            │ │
│ │              │   │   │   │   'status_changed_at':                        │ │
│ │              '2026-10-07T00:00:00+00:00'                                 │ │
│ │              │   │   │   }                                               │ │
│ │              │   │   ),                                                  │ │
│ │              │   │   NodeWrite(                                          │ │
│ │              │   │   │   ref=NodeRef(                                    │ │
│ │              │   │   │   │   label='ExpansionRecord',                    │ │
│ │              │   │   │   │                                               │ │
│ │              key='ExpansionRecord:20261007-cloud-projection-expansion-0… │ │
│ │              │   │   │   │   key_property='node_id'                      │ │
│ │              │   │   │   ),                                              │ │
│ │              │   │   │   properties={                                    │ │
│ │              │   │   │   │   'group':                                    │ │
│ │              '20261007-cloud-projection-expansion-01',                   │ │
│ │              │   │   │   │   'item':                                     │ │
│ │              '20261007-cloud-projection-expansion-01-cumulative-1',      │ │
│ │              │   │   │   │   'node_type': 'ExpansionRecord',             │ │
│ │              │   │   │   │   'ontology_version':                         │ │
│ │              'sha256:5f186f22f85d321c',                                  │ │
│ │              │   │   │   │   'source_trust': 'trusted',                  │ │
│ │              │   │   │   │   'updated_at': '2026-10-07T00:00:00+00:00'   │ │
│ │              │   │   │   },                                              │ │
│ │              │   │   │   defaults={                                      │ │
│ │              │   │   │   │   'status': 'new',                            │ │
│ │              │   │   │   │   'status_changed_at':                        │ │
│ │              '2026-10-07T00:00:00+00:00'                                 │ │
│ │              │   │   │   }                                               │ │
│ │              │   │   ),                                                  │ │
│ │              │   │   NodeWrite(                                          │ │
│ │              │   │   │   ref=NodeRef(                                    │ │
│ │              │   │   │   │   label='ExpansionRecord',                    │ │
│ │              │   │   │   │                                               │ │
│ │              key='ExpansionRecord:20261007-cloud-projection-expansion-0… │ │
│ │              │   │   │   │   key_property='node_id'                      │ │
│ │              │   │   │   ),                                              │ │
│ │              │   │   │   properties={                                    │ │
│ │              │   │   │   │   'group':                                    │ │
│ │              '20261007-cloud-projection-expansion-01',                   │ │
│ │              │   │   │   │   'item':                                     │ │
│ │              '20261007-cloud-projection-expansion-01-cumulative-2',      │ │
│ │              │   │   │   │   'node_type': 'ExpansionRecord',             │ │
│ │              │   │   │   │   'ontology_version':                         │ │
│ │              'sha256:5f186f22f85d321c',                                  │ │
│ │              │   │   │   │   'source_trust': 'trusted',                  │ │
│ │              │   │   │   │   'updated_at': '2026-10-07T00:00:00+00:00'   │ │
│ │              │   │   │   },                                              │ │
│ │              │   │   │   defaults={                                      │ │
│ │              │   │   │   │   'status': 'new',                            │ │
│ │              │   │   │   │   'status_changed_at':                        │ │
│ │              '2026-10-07T00:00:00+00:00'                                 │ │
│ │              │   │   │   }                                               │ │
│ │              │   │   ),                                                  │ │
│ │              │   │   NodeWrite(                                          │ │
│ │              │   │   │   ref=NodeRef(                                    │ │
│ │              │   │   │   │   label='ExpansionRecord',                    │ │
│ │              │   │   │   │                                               │ │
│ │              key='ExpansionRecord:20261007-cloud-projection-expansion-0… │ │
│ │              │   │   │   │   key_property='node_id'                      │ │
│ │              │   │   │   ),                                              │ │
│ │              │   │   │   properties={                                    │ │
│ │              │   │   │   │   'group':                                    │ │
│ │              '20261007-cloud-projection-expansion-01',                   │ │
│ │              │   │   │   │   'item':                                     │ │
│ │              '20261007-cloud-projection-expansion-01-cumulative-3',      │ │
│ │              │   │   │   │   'node_type': 'ExpansionRecord',             │ │
│ │              │   │   │   │   'ontology_version':                         │ │
│ │              'sha256:5f186f22f85d321c',                                  │ │
│ │              │   │   │   │   'source_trust': 'trusted',                  │ │
│ │              │   │   │   │   'updated_at': '2026-10-07T00:00:00+00:00'   │ │
│ │              │   │   │   },                                              │ │
│ │              │   │   │   defaults={                                      │ │
│ │              │   │   │   │   'status': 'new',                            │ │
│ │              │   │   │   │   'status_changed_at':                        │ │
│ │              '2026-10-07T00:00:00+00:00'                                 │ │
│ │              │   │   │   }                                               │ │
│ │              │   │   ),                                                  │ │
│ │              │   │   NodeWrite(                                          │ │
│ │              │   │   │   ref=NodeRef(                                    │ │
│ │              │   │   │   │   label='ExpansionRecord',                    │ │
│ │              │   │   │   │                                               │ │
│ │              key='ExpansionRecord:20261007-cloud-projection-expansion-0… │ │
│ │              │   │   │   │   key_property='node_id'                      │ │
│ │              │   │   │   ),                                              │ │
│ │              │   │   │   properties={                                    │ │
│ │              │   │   │   │   'group':                                    │ │
│ │              '20261007-cloud-projection-expansion-01',                   │ │
│ │              │   │   │   │   'item':                                     │ │
│ │              '20261007-cloud-projection-expansion-01-cumulative-4',      │ │
│ │              │   │   │   │   'node_type': 'ExpansionRecord',             │ │
│ │              │   │   │   │   'ontology_version':                         │ │
│ │              'sha256:5f186f22f85d321c',                                  │ │
│ │              │   │   │   │   'source_trust': 'trusted',                  │ │
│ │              │   │   │   │   'updated_at': '2026-10-07T00:00:00+00:00'   │ │
│ │              │   │   │   },                                              │ │
│ │              │   │   │   defaults={                                      │ │
│ │              │   │   │   │   'status': 'new',                            │ │
│ │              │   │   │   │   'status_changed_at':                        │ │
│ │              '2026-10-07T00:00:00+00:00'                                 │ │
│ │              │   │   │   }                                               │ │
│ │              │   │   ),                                                  │ │
│ │              │   │   NodeWrite(                                          │ │
│ │              │   │   │   ref=NodeRef(                                    │ │
│ │              │   │   │   │   label='ExpansionRecord',                    │ │
│ │              │   │   │   │                                               │ │
│ │              key='ExpansionRecord:20261007-cloud-projection-expansion-0… │ │
│ │              │   │   │   │   key_property='node_id'                      │ │
│ │              │   │   │   ),                                              │ │
│ │              │   │   │   properties={                                    │ │
│ │              │   │   │   │   'group':                                    │ │
│ │              '20261007-cloud-projection-expansion-01',                   │ │
│ │              │   │   │   │   'item':                                     │ │
│ │              '20261007-cloud-projection-expansion-01-cumulative-5',      │ │
│ │              │   │   │   │   'node_type': 'ExpansionRecord',             │ │
│ │              │   │   │   │   'ontology_version':                         │ │
│ │              'sha256:5f186f22f85d321c',                                  │ │
│ │              │   │   │   │   'source_trust': 'trusted',                  │ │
│ │              │   │   │   │   'updated_at': '2026-10-07T00:00:00+00:00'   │ │
│ │              │   │   │   },                                              │ │
│ │              │   │   │   defaults={                                      │ │
│ │              │   │   │   │   'status': 'new',                            │ │
│ │              │   │   │   │   'status_changed_at':                        │ │
│ │              '2026-10-07T00:00:00+00:00'                                 │ │
│ │              │   │   │   }                                               │ │
│ │              │   │   ),                                                  │ │
│ │              │   │   NodeWrite(                                          │ │
│ │              │   │   │   ref=NodeRef(                                    │ │
│ │              │   │   │   │   label='ExpansionRecord',                    │ │
│ │              │   │   │   │                                               │ │
│ │              key='ExpansionRecord:20261007-cloud-projection-expansion-0… │ │
│ │              │   │   │   │   key_property='node_id'                      │ │
│ │              │   │   │   ),                                              │ │
│ │              │   │   │   properties={                                    │ │
│ │              │   │   │   │   'group':                                    │ │
│ │              '20261007-cloud-projection-expansion-01',                   │ │
│ │              │   │   │   │   'item':                                     │ │
│ │              '20261007-cloud-projection-expansion-01-cumulative-6',      │ │
│ │              │   │   │   │   'node_type': 'ExpansionRecord',             │ │
│ │              │   │   │   │   'ontology_version':                         │ │
│ │              'sha256:5f186f22f85d321c',                                  │ │
│ │              │   │   │   │   'source_trust': 'trusted',                  │ │
│ │              │   │   │   │   'updated_at': '2026-10-07T00:00:00+00:00'   │ │
│ │              │   │   │   },                                              │ │
│ │              │   │   │   defaults={                                      │ │
│ │              │   │   │   │   'status': 'new',                            │ │
│ │              │   │   │   │   'status_changed_at':                        │ │
│ │              '2026-10-07T00:00:00+00:00'                                 │ │
│ │              │   │   │   }                                               │ │
│ │              │   │   ),                                                  │ │
│ │              │   │   NodeWrite(                                          │ │
│ │              │   │   │   ref=NodeRef(                                    │ │
│ │              │   │   │   │   label='ExpansionRecord',                    │ │
│ │              │   │   │   │                                               │ │
│ │              key='ExpansionRecord:20261007-cloud-projection-expansion-0… │ │
│ │              │   │   │   │   key_property='node_id'                      │ │
│ │              │   │   │   ),                                              │ │
│ │              │   │   │   properties={                                    │ │
│ │              │   │   │   │   'group':                                    │ │
│ │              '20261007-cloud-projection-expansion-01',                   │ │
│ │              │   │   │   │   'item':                                     │ │
│ │              '20261007-cloud-projection-expansion-01-cumulative-7',      │ │
│ │              │   │   │   │   'node_type': 'ExpansionRecord',             │ │
│ │              │   │   │   │   'ontology_version':                         │ │
│ │              'sha256:5f186f22f85d321c',                                  │ │
│ │              │   │   │   │   'source_trust': 'trusted',                  │ │
│ │              │   │   │   │   'updated_at': '2026-10-07T00:00:00+00:00'   │ │
│ │              │   │   │   },                                              │ │
│ │              │   │   │   defaults={                                      │ │
│ │              │   │   │   │   'status': 'new',                            │ │
│ │              │   │   │   │   'status_changed_at':                        │ │
│ │              '2026-10-07T00:00:00+00:00'                                 │ │
│ │              │   │   │   }                                               │ │
│ │              │   │   ),                                                  │ │
│ │              │   │   NodeWrite(                                          │ │
│ │              │   │   │   ref=NodeRef(                                    │ │
│ │              │   │   │   │   label='ExpansionRecord',                    │ │
│ │              │   │   │   │                                               │ │
│ │              key='ExpansionRecord:20261007-cloud-projection-expansion-0… │ │
│ │              │   │   │   │   key_property='node_id'                      │ │
│ │              │   │   │   ),                                              │ │
│ │              │   │   │   properties={                                    │ │
│ │              │   │   │   │   'group':                                    │ │
│ │              '20261007-cloud-projection-expansion-01',                   │ │
│ │              │   │   │   │   'item':                                     │ │
│ │              '20261007-cloud-projection-expansion-01-cumulative-8',      │ │
│ │              │   │   │   │   'node_type': 'ExpansionRecord',             │ │
│ │              │   │   │   │   'ontology_version':                         │ │
│ │              'sha256:5f186f22f85d321c',                                  │ │
│ │              │   │   │   │   'source_trust': 'trusted',                  │ │
│ │              │   │   │   │   'updated_at': '2026-10-07T00:00:00+00:00'   │ │
│ │              │   │   │   },                                              │ │
│ │              │   │   │   defaults={                                      │ │
│ │              │   │   │   │   'status': 'new',                            │ │
│ │              │   │   │   │   'status_changed_at':                        │ │
│ │              '2026-10-07T00:00:00+00:00'                                 │ │
│ │              │   │   │   }                                               │ │
│ │              │   │   ),                                                  │ │
│ │              │   │   NodeWrite(                                          │ │
│ │              │   │   │   ref=NodeRef(                                    │ │
│ │              │   │   │   │   label='ExpansionRecord',                    │ │
│ │              │   │   │   │                                               │ │
│ │              key='ExpansionRecord:20261007-cloud-projection-expansion-0… │ │
│ │              │   │   │   │   key_property='node_id'                      │ │
│ │              │   │   │   ),                                              │ │
│ │              │   │   │   properties={                                    │ │
│ │              │   │   │   │   'group':                                    │ │
│ │              '20261007-cloud-projection-expansion-01',                   │ │
│ │              │   │   │   │   'item':                                     │ │
│ │              '20261007-cloud-projection-expansion-01-cumulative-9',      │ │
│ │              │   │   │   │   'node_type': 'ExpansionRecord',             │ │
│ │              │   │   │   │   'ontology_version':                         │ │
│ │              'sha256:5f186f22f85d321c',                                  │ │
│ │              │   │   │   │   'source_trust': 'trusted',                  │ │
│ │              │   │   │   │   'updated_at': '2026-10-07T00:00:00+00:00'   │ │
│ │              │   │   │   },                                              │ │
│ │              │   │   │   defaults={                                      │ │
│ │              │   │   │   │   'status': 'new',                            │ │
│ │              │   │   │   │   'status_changed_at':                        │ │
│ │              '2026-10-07T00:00:00+00:00'                                 │ │
│ │              │   │   │   }                                               │ │
│ │              │   │   ),                                                  │ │
│ │              │   │   ... +3940                                           │ │
│ │              │   ],                                                      │ │
│ │              │   states=[                                                │ │
│ │              │   │   StateChange(                                        │ │
│ │              │   │   │   ref=NodeRef(                                    │ │
│ │              │   │   │   │   label='ExpansionRecord',                    │ │
│ │              │   │   │   │                                               │ │
│ │              key='ExpansionRecord:20261007-cloud-projection-expansion-0… │ │
│ │              │   │   │   │   key_property='node_id'                      │ │
│ │              │   │   │   ),                                              │ │
│ │              │   │   │   to_state='ready',                               │ │
│ │              │   │   │   changed_at='2026-10-07T00:00:00+00:00',         │ │
│ │              │   │   │   only_from=()                                    │ │
│ │              │   │   ),                                                  │ │
│ │              │   │   StateChange(                                        │ │
│ │              │   │   │   ref=NodeRef(                                    │ │
│ │              │   │   │   │   label='ExpansionRecord',                    │ │
│ │              │   │   │   │                                               │ │
│ │              key='ExpansionRecord:20261007-cloud-projection-expansion-0… │ │
│ │              │   │   │   │   key_property='node_id'                      │ │
│ │              │   │   │   ),                                              │ │
│ │              │   │   │   to_state='ready',                               │ │
│ │              │   │   │   changed_at='2026-10-07T00:00:00+00:00',         │ │
│ │              │   │   │   only_from=()                                    │ │
│ │              │   │   ),                                                  │ │
│ │              │   │   StateChange(                                        │ │
│ │              │   │   │   ref=NodeRef(                                    │ │
│ │              │   │   │   │   label='ExpansionRecord',                    │ │
│ │              │   │   │   │                                               │ │
│ │              key='ExpansionRecord:20261007-cloud-projection-expansion-0… │ │
│ │              │   │   │   │   key_property='node_id'                      │ │
│ │              │   │   │   ),                                              │ │
│ │              │   │   │   to_state='ready',                               │ │
│ │              │   │   │   changed_at='2026-10-07T00:00:00+00:00',         │ │
│ │              │   │   │   only_from=()                                    │ │
│ │              │   │   ),                                                  │ │
│ │              │   │   StateChange(                                        │ │
│ │              │   │   │   ref=NodeRef(                                    │ │
│ │              │   │   │   │   label='ExpansionRecord',                    │ │
│ │              │   │   │   │                                               │ │
│ │              key='ExpansionRecord:20261007-cloud-projection-expansion-0… │ │
│ │              │   │   │   │   key_property='node_id'                      │ │
│ │              │   │   │   ),                                              │ │
│ │              │   │   │   to_state='ready',                               │ │
│ │              │   │   │   changed_at='2026-10-07T00:00:00+00:00',         │ │
│ │              │   │   │   only_from=()                                    │ │
│ │              │   │   ),                                                  │ │
│ │              │   │   StateChange(                                        │ │
│ │              │   │   │   ref=NodeRef(                                    │ │
│ │              │   │   │   │   label='ExpansionRecord',                    │ │
│ │              │   │   │   │                                               │ │
│ │              key='ExpansionRecord:20261007-cloud-projection-expansion-0… │ │
│ │              │   │   │   │   key_property='node_id'                      │ │
│ │              │   │   │   ),                                              │ │
│ │              │   │   │   to_state='ready',                               │ │
│ │              │   │   │   changed_at='2026-10-07T00:00:00+00:00',         │ │
│ │              │   │   │   only_from=()                                    │ │
│ │              │   │   ),                                                  │ │
│ │              │   │   StateChange(                                        │ │
│ │              │   │   │   ref=NodeRef(                                    │ │
│ │              │   │   │   │   label='ExpansionRecord',                    │ │
│ │              │   │   │   │                                               │ │
│ │              key='ExpansionRecord:20261007-cloud-projection-expansion-0… │ │
│ │              │   │   │   │   key_property='node_id'                      │ │
│ │              │   │   │   ),                                              │ │
│ │              │   │   │   to_state='ready',                               │ │
│ │              │   │   │   changed_at='2026-10-07T00:00:00+00:00',         │ │
│ │              │   │   │   only_from=()                                    │ │
│ │              │   │   ),                                                  │ │
│ │              │   │   StateChange(                                        │ │
│ │              │   │   │   ref=NodeRef(                                    │ │
│ │              │   │   │   │   label='ExpansionRecord',                    │ │
│ │              │   │   │   │                                               │ │
│ │              key='ExpansionRecord:20261007-cloud-projection-expansion-0… │ │
│ │              │   │   │   │   key_property='node_id'                      │ │
│ │              │   │   │   ),                                              │ │
│ │              │   │   │   to_state='ready',                               │ │
│ │              │   │   │   changed_at='2026-10-07T00:00:00+00:00',         │ │
│ │              │   │   │   only_from=()                                    │ │
│ │              │   │   ),                                                  │ │
│ │              │   │   StateChange(                                        │ │
│ │              │   │   │   ref=NodeRef(                                    │ │
│ │              │   │   │   │   label='ExpansionRecord',                    │ │
│ │              │   │   │   │                                               │ │
│ │              key='ExpansionRecord:20261007-cloud-projection-expansion-0… │ │
│ │              │   │   │   │   key_property='node_id'                      │ │
│ │              │   │   │   ),                                              │ │
│ │              │   │   │   to_state='ready',                               │ │
│ │              │   │   │   changed_at='2026-10-07T00:00:00+00:00',         │ │
│ │              │   │   │   only_from=()                                    │ │
│ │              │   │   ),                                                  │ │
│ │              │   │   StateChange(                                        │ │
│ │              │   │   │   ref=NodeRef(                                    │ │
│ │              │   │   │   │   label='ExpansionRecord',                    │ │
│ │              │   │   │   │                                               │ │
│ │              key='ExpansionRecord:20261007-cloud-projection-expansion-0… │ │
│ │              │   │   │   │   key_property='node_id'                      │ │
│ │              │   │   │   ),                                              │ │
│ │              │   │   │   to_state='ready',                               │ │
│ │              │   │   │   changed_at='2026-10-07T00:00:00+00:00',         │ │
│ │              │   │   │   only_from=()                                    │ │
│ │              │   │   ),                                                  │ │
│ │              │   │   StateChange(                                        │ │
│ │              │   │   │   ref=NodeRef(                                    │ │
│ │              │   │   │   │   label='ExpansionRecord',                    │ │
│ │              │   │   │   │                                               │ │
│ │              key='ExpansionRecord:20261007-cloud-projection-expansion-0… │ │
│ │              │   │   │   │   key_property='node_id'                      │ │
│ │              │   │   │   ),                                              │ │
│ │              │   │   │   to_state='ready',                               │ │
│ │              │   │   │   changed_at='2026-10-07T00:00:00+00:00',         │ │
│ │              │   │   │   only_from=()                                    │ │
│ │              │   │   ),                                                  │ │
│ │              │   │   ... +2090                                           │ │
│ │              │   ],                                                      │ │
│ │              │   edges=[                                                 │ │
│ │              │   │   EdgeWrite(                                          │ │
│ │              │   │   │   edge_type='DERIVED_FROM',                       │ │
│ │              │   │   │   source=NodeRef(                                 │ │
│ │              │   │   │   │   label='ExpansionRecord',                    │ │
│ │              │   │   │   │                                               │ │
│ │              key='ExpansionRecord:20261007-cloud-projection-expansion-0… │ │
│ │              │   │   │   │   key_property='node_id'                      │ │
│ │              │   │   │   ),                                              │ │
│ │              │   │   │   target=NodeRef(                                 │ │
│ │              │   │   │   │   label='Event',                              │ │
│ │              │   │   │   │   key='bc0201ff-6da3-58fe-b0d5-4d83eee8e9f6', │ │
│ │              │   │   │   │   key_property='event_id'                     │ │
│ │              │   │   │   ),                                              │ │
│ │              │   │   │   properties={},                                  │ │
│ │              │   │   │   create_only=False                               │ │
│ │              │   │   ),                                                  │ │
│ │              │   │   EdgeWrite(                                          │ │
│ │              │   │   │   edge_type='DERIVED_FROM',                       │ │
│ │              │   │   │   source=NodeRef(                                 │ │
│ │              │   │   │   │   label='ExpansionRecord',                    │ │
│ │              │   │   │   │                                               │ │
│ │              key='ExpansionRecord:20261007-cloud-projection-expansion-0… │ │
│ │              │   │   │   │   key_property='node_id'                      │ │
│ │              │   │   │   ),                                              │ │
│ │              │   │   │   target=NodeRef(                                 │ │
│ │              │   │   │   │   label='Event',                              │ │
│ │              │   │   │   │   key='bc0201ff-6da3-58fe-b0d5-4d83eee8e9f6', │ │
│ │              │   │   │   │   key_property='event_id'                     │ │
│ │              │   │   │   ),                                              │ │
│ │              │   │   │   properties={},                                  │ │
│ │              │   │   │   create_only=False                               │ │
│ │              │   │   ),                                                  │ │
│ │              │   │   EdgeWrite(                                          │ │
│ │              │   │   │   edge_type='DERIVED_FROM',                       │ │
│ │              │   │   │   source=NodeRef(                                 │ │
│ │              │   │   │   │   label='ExpansionRecord',                    │ │
│ │              │   │   │   │                                               │ │
│ │              key='ExpansionRecord:20261007-cloud-projection-expansion-0… │ │
│ │              │   │   │   │   key_property='node_id'                      │ │
│ │              │   │   │   ),                                              │ │
│ │              │   │   │   target=NodeRef(                                 │ │
│ │              │   │   │   │   label='Event',                              │ │
│ │              │   │   │   │   key='bc0201ff-6da3-58fe-b0d5-4d83eee8e9f6', │ │
│ │              │   │   │   │   key_property='event_id'                     │ │
│ │              │   │   │   ),                                              │ │
│ │              │   │   │   properties={},                                  │ │
│ │              │   │   │   create_only=False                               │ │
│ │              │   │   ),                                                  │ │
│ │              │   │   EdgeWrite(                                          │ │
│ │              │   │   │   edge_type='DERIVED_FROM',                       │ │
│ │              │   │   │   source=NodeRef(                                 │ │
│ │              │   │   │   │   label='ExpansionRecord',                    │ │
│ │              │   │   │   │                                               │ │
│ │              key='ExpansionRecord:20261007-cloud-projection-expansion-0… │ │
│ │              │   │   │   │   key_property='node_id'                      │ │
│ │              │   │   │   ),                                              │ │
│ │              │   │   │   target=NodeRef(                                 │ │
│ │              │   │   │   │   label='Event',                              │ │
│ │              │   │   │   │   key='bc0201ff-6da3-58fe-b0d5-4d83eee8e9f6', │ │
│ │              │   │   │   │   key_property='event_id'                     │ │
│ │              │   │   │   ),                                              │ │
│ │              │   │   │   properties={},                                  │ │
│ │              │   │   │   create_only=False                               │ │
│ │              │   │   ),                                                  │ │
│ │              │   │   EdgeWrite(                                          │ │
│ │              │   │   │   edge_type='DERIVED_FROM',                       │ │
│ │              │   │   │   source=NodeRef(                                 │ │
│ │              │   │   │   │   label='ExpansionRecord',                    │ │
│ │              │   │   │   │                                               │ │
│ │              key='ExpansionRecord:20261007-cloud-projection-expansion-0… │ │
│ │              │   │   │   │   key_property='node_id'                      │ │
│ │              │   │   │   ),                                              │ │
│ │              │   │   │   target=NodeRef(                                 │ │
│ │              │   │   │   │   label='Event',                              │ │
│ │              │   │   │   │   key='bc0201ff-6da3-58fe-b0d5-4d83eee8e9f6', │ │
│ │              │   │   │   │   key_property='event_id'                     │ │
│ │              │   │   │   ),                                              │ │
│ │              │   │   │   properties={},                                  │ │
│ │              │   │   │   create_only=False                               │ │
│ │              │   │   ),                                                  │ │
│ │              │   │   EdgeWrite(                                          │ │
│ │              │   │   │   edge_type='DERIVED_FROM',                       │ │
│ │              │   │   │   source=NodeRef(                                 │ │
│ │              │   │   │   │   label='ExpansionRecord',                    │ │
│ │              │   │   │   │                                               │ │
│ │              key='ExpansionRecord:20261007-cloud-projection-expansion-0… │ │
│ │              │   │   │   │   key_property='node_id'                      │ │
│ │              │   │   │   ),                                              │ │
│ │              │   │   │   target=NodeRef(                                 │ │
│ │              │   │   │   │   label='Event',                              │ │
│ │              │   │   │   │   key='bc0201ff-6da3-58fe-b0d5-4d83eee8e9f6', │ │
│ │              │   │   │   │   key_property='event_id'                     │ │
│ │              │   │   │   ),                                              │ │
│ │              │   │   │   properties={},                                  │ │
│ │              │   │   │   create_only=False                               │ │
│ │              │   │   ),                                                  │ │
│ │              │   │   EdgeWrite(                                          │ │
│ │              │   │   │   edge_type='DERIVED_FROM',                       │ │
│ │              │   │   │   source=NodeRef(                                 │ │
│ │              │   │   │   │   label='ExpansionRecord',                    │ │
│ │              │   │   │   │                                               │ │
│ │              key='ExpansionRecord:20261007-cloud-projection-expansion-0… │ │
│ │              │   │   │   │   key_property='node_id'                      │ │
│ │              │   │   │   ),                                              │ │
│ │              │   │   │   target=NodeRef(                                 │ │
│ │              │   │   │   │   label='Event',                              │ │
│ │              │   │   │   │   key='bc0201ff-6da3-58fe-b0d5-4d83eee8e9f6', │ │
│ │              │   │   │   │   key_property='event_id'                     │ │
│ │              │   │   │   ),                                              │ │
│ │              │   │   │   properties={},                                  │ │
│ │              │   │   │   create_only=False                               │ │
│ │              │   │   ),                                                  │ │
│ │              │   │   EdgeWrite(                                          │ │
│ │              │   │   │   edge_type='DERIVED_FROM',                       │ │
│ │              │   │   │   source=NodeRef(                                 │ │
│ │              │   │   │   │   label='ExpansionRecord',                    │ │
│ │              │   │   │   │                                               │ │
│ │              key='ExpansionRecord:20261007-cloud-projection-expansion-0… │ │
│ │              │   │   │   │   key_property='node_id'                      │ │
│ │              │   │   │   ),                                              │ │
│ │              │   │   │   target=NodeRef(                                 │ │
│ │              │   │   │   │   label='Event',                              │ │
│ │              │   │   │   │   key='bc0201ff-6da3-58fe-b0d5-4d83eee8e9f6', │ │
│ │              │   │   │   │   key_property='event_id'                     │ │
│ │              │   │   │   ),                                              │ │
│ │              │   │   │   properties={},                                  │ │
│ │              │   │   │   create_only=False                               │ │
│ │              │   │   ),                                                  │ │
│ │              │   │   EdgeWrite(                                          │ │
│ │              │   │   │   edge_type='DERIVED_FROM',                       │ │
│ │              │   │   │   source=NodeRef(                                 │ │
│ │              │   │   │   │   label='ExpansionRecord',                    │ │
│ │              │   │   │   │                                               │ │
│ │              key='ExpansionRecord:20261007-cloud-projection-expansion-0… │ │
│ │              │   │   │   │   key_property='node_id'                      │ │
│ │              │   │   │   ),                                              │ │
│ │              │   │   │   target=NodeRef(                                 │ │
│ │              │   │   │   │   label='Event',                              │ │
│ │              │   │   │   │   key='bc0201ff-6da3-58fe-b0d5-4d83eee8e9f6', │ │
│ │              │   │   │   │   key_property='event_id'                     │ │
│ │              │   │   │   ),                                              │ │
│ │              │   │   │   properties={},                                  │ │
│ │              │   │   │   create_only=False                               │ │
│ │              │   │   ),                                                  │ │
│ │              │   │   EdgeWrite(                                          │ │
│ │              │   │   │   edge_type='DERIVED_FROM',                       │ │
│ │              │   │   │   source=NodeRef(                                 │ │
│ │              │   │   │   │   label='ExpansionRecord',                    │ │
│ │              │   │   │   │                                               │ │
│ │              key='ExpansionRecord:20261007-cloud-projection-expansion-0… │ │
│ │              │   │   │   │   key_property='node_id'                      │ │
│ │              │   │   │   ),                                              │ │
│ │              │   │   │   target=NodeRef(                                 │ │
│ │              │   │   │   │   label='Event',                              │ │
│ │              │   │   │   │   key='bc0201ff-6da3-58fe-b0d5-4d83eee8e9f6', │ │
│ │              │   │   │   │   key_property='event_id'                     │ │
│ │              │   │   │   ),                                              │ │
│ │              │   │   │   properties={},                                  │ │
│ │              │   │   │   create_only=False                               │ │
│ │              │   │   ),                                                  │ │
│ │              │   │   ... +3940                                           │ │
│ │              │   ],                                                      │ │
│ │              │   lookups=[],                                             │ │
│ │              │   rejected=[]                                             │ │
│ │              )                                                           │ │
│ ╰──────────────────────────────────────────────────────────────────────────╯ │
│                                                                              │
│ /Users/arunmenon/projects/Engram/src/context_graph/domain/pack_projection.py │
│ :83 in _check_expansion_count                                                │
│                                                                              │
│    80                                                                        │
│    81 def _check_expansion_count(count: int) -> None:                        │
│    82 │   if count > MAX_PROJECTION_OPERATIONS:                              │
│ ❱  83 │   │   raise ProjectionExpansionError("plan_limit_exceeded")          │
│    84                                                                        │
│    85                                                                        │
│    86 # Fields that order matches for ``to_latest``: the first the target ty │
│                                                                              │
│ ╭─── locals ────╮                                                            │
│ │ count = 10002 │                                                            │
│ ╰───────────────╯                                                            │
╰──────────────────────────────────────────────────────────────────────────────╯
ProjectionExpansionError: Projection expansion refused: plan_limit_exceeded

2026-10-07 22:41:04 [debug    ] event_projected                edge_count=0 entry_id=2026-10-07T17:10:58.160639000Z/000003/5b6b02de-9aa9-5103-8e57-e51884df67c2 event_id=5b6b02de-9aa9-5103-8e57-e51884df67c2 session_id=5b6b02de-9aa9-5103-8e57-e51884df67c2
2026-10-07 22:41:06 [debug    ] pack_plans_applied             edges=2 events=1 nodes=2 states=1
2026-10-07 22:41:06 [debug    ] event_projected                edge_count=0 entry_id=2026-10-07T17:10:58.160639000Z/000004/60acfe7c-fc5f-52fe-8cfa-a791fef53f28 event_id=60acfe7c-fc5f-52fe-8cfa-a791fef53f28 session_id=60acfe7c-fc5f-52fe-8cfa-a791fef53f28
2026-10-07 22:41:07 [debug    ] pack_plans_applied             edges=2 events=1 nodes=5 states=0
{"event": "finish", "run_id": "20261007-cloud-projection-expansion-01", "at": "2026-10-07T17:11:14.191199+00:00", "record": "docs/review/spanner-compatibility/runs/20261007-cloud-projection-expansion-01"}
{"run_id": "20261007-cloud-projection-expansion-01", "checks": [{"name": "existing_control_schema_handshake", "passed": true, "scenarios": []}, {"name": "five_contract_valid_events_accepted_under_new_engine_and_two_packs", "passed": true, "scenarios": []}, {"name": "real_accepted_records_refuse_unequal_product_and_cross_pack_overflow", "passed": true, "scenarios": []}, {"name": "actual_projection_consumer_dead_letters_only_three_invalid_events", "passed": true, "scenarios": []}, {"name": "all_five_common_event_properties_preserved_including_domain_refusals", "passed": true, "scenarios": []}, {"name": "valid_owner_subscriber_and_gap_correlated_stub_properties_match_oracle", "passed": true, "scenarios": []}, {"name": "all_seven_table_keys_match_exact_outputs_and_forbidden_effects", "passed": true, "scenarios": []}, {"name": "exact_evidence_and_correlated_edge_properties_match_oracle", "passed": true, "scenarios": []}, {"name": "exact_owned_cleanup_and_latest_core_monotonic_restoration", "passed": true, "scenarios": []}, {"name": "existing_schema_preserved", "passed": true, "scenarios": []}, {"name": "all_application_rows_preserved", "passed": true, "scenarios": []}, {"name": "runtime_source_unchanged", "passed": true, "scenarios": []}]}
Failed to export metrics to Cloud Monitoring: 403 Permission monitoring.timeSeries.create denied (or the resource may not exist).
